{
  "N": 131,
  "E": [
    [0, 1],
    [0, 2],
    [1, 3],
    [1, 4],
    [2, 4],
    [2, 5],
    [4, 6],
    [4, 7],
    [5, 7],
    [5, 8],
    [7, 10],
    [7, 11],
    [8, 11],
    [11, 13],
    [11, 14],
    [14, 16],
    [14, 17],
    [19, 17],
    [17, 20],
    [20, 22],
    [24, 22],
    [24, 27],
    [22, 25],
    [22, 26],
    [26, 29],
    [26, 30],
    [30, 37],
    [30, 38],
    [38, 49],
    [38, 50],
    [61, 50],
    [61, 72],
    [50, 62],
    [50, 63],
    [72, 63],
    [63, 73],
    [3, 6],
    [6, 9],
    [6, 10],
    [10, 12],
    [10, 13],
    [13, 15],
    [13, 16],
    [16, 18],
    [25, 28],
    [25, 29],
    [29, 36],
    [29, 37],
    [37, 48],
    [37, 49],
    [49, 60],
    [49, 62],
    [62, 73],
    [73, 83],
    [73, 84],
    [84, 93],
    [93, 102],
    [9, 12],
    [12, 15],
    [15, 18],
    [18, 21],
    [21, 23],
    [23, 28],
    [28, 36],
    [28, 34],
    [36, 48],
    [48, 60],
    [112, 103],
    [112, 104],
    [103, 113],
    [103, 94],
    [104, 94],
    [104, 95],
    [94, 105],
    [94, 85],
    [95, 85],
    [95, 86],
    [85, 96],
    [85, 74],
    [86, 74],
    [86, 75],
    [74, 87],
    [74, 64],
    [75, 64],
    [64, 76],
    [64, 51],
    [51, 40],
    [31, 40],
    [31, 27],
    [40, 52],
    [40, 33],
    [27, 33],
    [27, 35],
    [27, 32],
    [33, 43],
    [33, 46],
    [35, 46],
    [46, 55],
    [46, 58],
    [58, 70],
    [70, 81],
    [70, 82],
    [91, 82],
    [82, 92],
    [124, 119],
    [124, 129],
    [119, 111],
    [119, 125],
    [129, 125],
    [125, 120],
    [113, 122],
    [113, 105],
    [105, 116],
    [105, 96],
    [96, 107],
    [96, 87],
    [87, 99],
    [87, 76],
    [76, 90],
    [52, 41],
    [52, 43],
    [43, 34],
    [43, 55],
    [55, 47],
    [81, 71],
    [81, 92],
    [92, 101],
    [101, 110],
    [101, 111],
    [111, 120],
    [120, 126],
    [122, 116],
    [116, 107],
    [107, 99],
    [99, 90],
    [41, 34],
    [34, 47],
    [34, 44],
    [47, 59],
    [59, 71],
    [130, 127],
    [130, 128],
    [127, 121],
    [128, 123],
    [123, 117],
    [123, 118],
    [117, 108],
    [118, 108],
    [118, 109],
    [108, 98],
    [108, 100],
    [109, 100],
    [100, 89],
    [39, 32],
    [32, 42],
    [32, 45],
    [42, 54],
    [45, 54],
    [45, 57],
    [54, 66],
    [54, 67],
    [57, 67],
    [57, 69],
    [67, 79],
    [67, 80],
    [69, 80],
    [121, 114],
    [121, 115],
    [115, 106],
    [98, 88],
    [98, 89],
    [89, 77],
    [89, 78],
    [78, 65],
    [66, 56],
    [66, 79],
    [79, 68],
    [114, 106],
    [106, 97],
    [97, 88],
    [88, 77],
    [77, 65],
    [65, 53],
    [53, 44],
    [44, 56],
    [56, 68]
  ],
  "P": 10,
  "K": [
    [
      [0, 1], 13
    ],
    [
      [0, 2], 11
    ],
    [
      [0, 3], 1
    ],
    [
      [0, 4], 5
    ],
    [
      [0, 5], 3
    ],
    [
      [0, 6], 8
    ],
    [
      [0, 7], 8
    ],
    [
      [0, 8], 9
    ],
    [
      [0, 9], 9
    ],
    [
      [1, 2], 5
    ],
    [
      [1, 3], 10
    ],
    [
      [1, 5], 5
    ],
    [
      [1, 6], 11
    ],
    [
      [1, 7], 1
    ],
    [
      [1, 9], 7
    ],
    [
      [2, 3], 6
    ],
    [
      [2, 4], 5
    ],
    [
      [2, 5], 4
    ],
    [
      [2, 6], 3
    ],
    [
      [2, 7], 8
    ],
    [
      [2, 9], 4
    ],
    [
      [3, 4], 6
    ],
    [
      [3, 5], 7
    ],
    [
      [3, 6], 6
    ],
    [
      [3, 7], 4
    ],
    [
      [4, 5], 3
    ],
    [
      [4, 6], 4
    ],
    [
      [4, 7], 2
    ],
    [
      [4, 8], 2
    ],
    [
      [5, 6], 9
    ],
    [
      [5, 7], 10
    ],
    [
      [5, 9], 3
    ],
    [
      [6, 7], 9
    ],
    [
      [6, 8], 5
    ],
    [
      [6, 9], 8
    ],
    [
      [7, 8], 4
    ],
    [
      [7, 9], 6
    ],
    [
      [8, 9], 19
    ]
  ],
  "F": 100,
  "LB": 51608,
  "grid_graph": {
    "nodes": [
      [
        [0, 0, 0], {
          "pos": [0, 0.0],
          "type": "gate",
          "id": 0,
          "distance": 0
        }
      ],
      [
        [0, 1, 0], {
          "pos": [0, 1.0],
          "type": "hold",
          "id": 1,
          "distance": 1
        }
      ],
      [
        [1, 0, 0], {
          "pos": [1, 0.0],
          "type": "hold",
          "id": 2,
          "distance": 1
        }
      ],
      [
        [1, 1, 0], {
          "pos": [1, 1.0],
          "type": "hold",
          "id": 4,
          "distance": 2
        }
      ],
      [
        [2, 0, 0], {
          "pos": [2, 0.0],
          "type": "hold",
          "id": 5,
          "distance": 2
        }
      ],
      [
        [2, 1, 0], {
          "pos": [2, 1.0],
          "type": "hold",
          "id": 7,
          "distance": 3
        }
      ],
      [
        [3, 0, 0], {
          "pos": [3, 0.0],
          "type": "hold",
          "id": 8,
          "distance": 3
        }
      ],
      [
        [3, 1, 0], {
          "pos": [3, 1.0],
          "type": "hold",
          "id": 11,
          "distance": 4
        }
      ],
      [
        [4, 1, 0], {
          "pos": [4, 1.0],
          "type": "hold",
          "id": 14,
          "distance": 5
        }
      ],
      [
        [5, 0, 0], {
          "pos": [5, 0.0],
          "type": "hold",
          "id": 19,
          "distance": 7
        }
      ],
      [
        [5, 1, 0], {
          "pos": [5, 1.0],
          "type": "hold",
          "id": 17,
          "distance": 6
        }
      ],
      [
        [6, 1, 0], {
          "pos": [6, 1.0],
          "type": "hold",
          "id": 20,
          "distance": 7
        }
      ],
      [
        [7, 0, 0], {
          "pos": [7, 0.0],
          "type": "ramp",
          "id": 24,
          "distance": 9
        }
      ],
      [
        [7, 1, 0], {
          "pos": [7, 1.0],
          "type": "hold",
          "id": 22,
          "distance": 8
        }
      ],
      [
        [8, 1, 0], {
          "pos": [8, 1.0],
          "type": "hold",
          "id": 26,
          "distance": 9
        }
      ],
      [
        [9, 1, 0], {
          "pos": [9, 1.0],
          "type": "hold",
          "id": 30,
          "distance": 10
        }
      ],
      [
        [10, 1, 0], {
          "pos": [10, 1.0],
          "type": "hold",
          "id": 38,
          "distance": 11
        }
      ],
      [
        [11, 0, 0], {
          "pos": [11, 0.0],
          "type": "hold",
          "id": 61,
          "distance": 13
        }
      ],
      [
        [11, 1, 0], {
          "pos": [11, 1.0],
          "type": "hold",
          "id": 50,
          "distance": 12
        }
      ],
      [
        [12, 0, 0], {
          "pos": [12, 0.0],
          "type": "hold",
          "id": 72,
          "distance": 14
        }
      ],
      [
        [12, 1, 0], {
          "pos": [12, 1.0],
          "type": "hold",
          "id": 63,
          "distance": 13
        }
      ],
      [
        [0, 2, 0], {
          "pos": [0, 2.0],
          "type": "hold",
          "id": 3,
          "distance": 2
        }
      ],
      [
        [1, 2, 0], {
          "pos": [1, 2.0],
          "type": "hold",
          "id": 6,
          "distance": 3
        }
      ],
      [
        [2, 2, 0], {
          "pos": [2, 2.0],
          "type": "hold",
          "id": 10,
          "distance": 4
        }
      ],
      [
        [3, 2, 0], {
          "pos": [3, 2.0],
          "type": "hold",
          "id": 13,
          "distance": 5
        }
      ],
      [
        [4, 2, 0], {
          "pos": [4, 2.0],
          "type": "hold",
          "id": 16,
          "distance": 6
        }
      ],
      [
        [7, 2, 0], {
          "pos": [7, 2.0],
          "type": "hold",
          "id": 25,
          "distance": 9
        }
      ],
      [
        [8, 2, 0], {
          "pos": [8, 2.0],
          "type": "hold",
          "id": 29,
          "distance": 10
        }
      ],
      [
        [9, 2, 0], {
          "pos": [9, 2.0],
          "type": "hold",
          "id": 37,
          "distance": 11
        }
      ],
      [
        [10, 2, 0], {
          "pos": [10, 2.0],
          "type": "hold",
          "id": 49,
          "distance": 12
        }
      ],
      [
        [11, 2, 0], {
          "pos": [11, 2.0],
          "type": "hold",
          "id": 62,
          "distance": 13
        }
      ],
      [
        [12, 2, 0], {
          "pos": [12, 2.0],
          "type": "hold",
          "id": 73,
          "distance": 14
        }
      ],
      [
        [13, 2, 0], {
          "pos": [13, 2.0],
          "type": "hold",
          "id": 84,
          "distance": 15
        }
      ],
      [
        [14, 2, 0], {
          "pos": [14, 2.0],
          "type": "hold",
          "id": 93,
          "distance": 16
        }
      ],
      [
        [1, 3, 0], {
          "pos": [1, 3.0],
          "type": "hold",
          "id": 9,
          "distance": 4
        }
      ],
      [
        [2, 3, 0], {
          "pos": [2, 3.0],
          "type": "hold",
          "id": 12,
          "distance": 5
        }
      ],
      [
        [3, 3, 0], {
          "pos": [3, 3.0],
          "type": "hold",
          "id": 15,
          "distance": 6
        }
      ],
      [
        [4, 3, 0], {
          "pos": [4, 3.0],
          "type": "hold",
          "id": 18,
          "distance": 7
        }
      ],
      [
        [5, 3, 0], {
          "pos": [5, 3.0],
          "type": "hold",
          "id": 21,
          "distance": 8
        }
      ],
      [
        [6, 3, 0], {
          "pos": [6, 3.0],
          "type": "hold",
          "id": 23,
          "distance": 9
        }
      ],
      [
        [7, 3, 0], {
          "pos": [7, 3.0],
          "type": "ramp",
          "id": 28,
          "distance": 10
        }
      ],
      [
        [8, 3, 0], {
          "pos": [8, 3.0],
          "type": "hold",
          "id": 36,
          "distance": 11
        }
      ],
      [
        [9, 3, 0], {
          "pos": [9, 3.0],
          "type": "hold",
          "id": 48,
          "distance": 12
        }
      ],
      [
        [10, 3, 0], {
          "pos": [10, 3.0],
          "type": "hold",
          "id": 60,
          "distance": 13
        }
      ],
      [
        [12, 3, 0], {
          "pos": [12, 3.0],
          "type": "hold",
          "id": 83,
          "distance": 15
        }
      ],
      [
        [14, 3, 0], {
          "pos": [14, 3.0],
          "type": "hold",
          "id": 102,
          "distance": 17
        }
      ],
      [
        [0, 0, 1], {
          "pos": [0, 4.8],
          "type": "hold",
          "id": 112,
          "distance": 19
        }
      ],
      [
        [0, 1, 1], {
          "pos": [0, 5.8],
          "type": "hold",
          "id": 103,
          "distance": 18
        }
      ],
      [
        [1, 0, 1], {
          "pos": [1, 4.8],
          "type": "hold",
          "id": 104,
          "distance": 18
        }
      ],
      [
        [1, 1, 1], {
          "pos": [1, 5.8],
          "type": "hold",
          "id": 94,
          "distance": 17
        }
      ],
      [
        [2, 0, 1], {
          "pos": [2, 4.8],
          "type": "hold",
          "id": 95,
          "distance": 17
        }
      ],
      [
        [2, 1, 1], {
          "pos": [2, 5.8],
          "type": "hold",
          "id": 85,
          "distance": 16
        }
      ],
      [
        [3, 0, 1], {
          "pos": [3, 4.8],
          "type": "hold",
          "id": 86,
          "distance": 16
        }
      ],
      [
        [3, 1, 1], {
          "pos": [3, 5.8],
          "type": "hold",
          "id": 74,
          "distance": 15
        }
      ],
      [
        [4, 0, 1], {
          "pos": [4, 4.8],
          "type": "hold",
          "id": 75,
          "distance": 15
        }
      ],
      [
        [4, 1, 1], {
          "pos": [4, 5.8],
          "type": "hold",
          "id": 64,
          "distance": 14
        }
      ],
      [
        [5, 1, 1], {
          "pos": [5, 5.8],
          "type": "hold",
          "id": 51,
          "distance": 13
        }
      ],
      [
        [6, 0, 1], {
          "pos": [6, 4.8],
          "type": "hold",
          "id": 31,
          "distance": 11
        }
      ],
      [
        [6, 1, 1], {
          "pos": [6, 5.8],
          "type": "hold",
          "id": 40,
          "distance": 12
        }
      ],
      [
        [7, 0, 1], {
          "pos": [7, 4.8],
          "type": "ramp",
          "id": 27,
          "distance": 10
        }
      ],
      [
        [7, 1, 1], {
          "pos": [7, 5.8],
          "type": "hold",
          "id": 33,
          "distance": 11
        }
      ],
      [
        [8, 0, 1], {
          "pos": [8, 4.8],
          "type": "hold",
          "id": 35,
          "distance": 11
        }
      ],
      [
        [8, 1, 1], {
          "pos": [8, 5.8],
          "type": "hold",
          "id": 46,
          "distance": 12
        }
      ],
      [
        [9, 1, 1], {
          "pos": [9, 5.8],
          "type": "hold",
          "id": 58,
          "distance": 13
        }
      ],
      [
        [10, 1, 1], {
          "pos": [10, 5.8],
          "type": "hold",
          "id": 70,
          "distance": 14
        }
      ],
      [
        [11, 0, 1], {
          "pos": [11, 4.8],
          "type": "hold",
          "id": 91,
          "distance": 16
        }
      ],
      [
        [11, 1, 1], {
          "pos": [11, 5.8],
          "type": "hold",
          "id": 82,
          "distance": 15
        }
      ],
      [
        [13, 0, 1], {
          "pos": [13, 4.8],
          "type": "hold",
          "id": 124,
          "distance": 20
        }
      ],
      [
        [13, 1, 1], {
          "pos": [13, 5.8],
          "type": "hold",
          "id": 119,
          "distance": 19
        }
      ],
      [
        [14, 0, 1], {
          "pos": [14, 4.8],
          "type": "hold",
          "id": 129,
          "distance": 21
        }
      ],
      [
        [14, 1, 1], {
          "pos": [14, 5.8],
          "type": "hold",
          "id": 125,
          "distance": 20
        }
      ],
      [
        [0, 2, 1], {
          "pos": [0, 6.8],
          "type": "hold",
          "id": 113,
          "distance": 19
        }
      ],
      [
        [1, 2, 1], {
          "pos": [1, 6.8],
          "type": "hold",
          "id": 105,
          "distance": 18
        }
      ],
      [
        [2, 2, 1], {
          "pos": [2, 6.8],
          "type": "hold",
          "id": 96,
          "distance": 17
        }
      ],
      [
        [3, 2, 1], {
          "pos": [3, 6.8],
          "type": "hold",
          "id": 87,
          "distance": 16
        }
      ],
      [
        [4, 2, 1], {
          "pos": [4, 6.8],
          "type": "hold",
          "id": 76,
          "distance": 15
        }
      ],
      [
        [6, 2, 1], {
          "pos": [6, 6.8],
          "type": "hold",
          "id": 52,
          "distance": 13
        }
      ],
      [
        [7, 2, 1], {
          "pos": [7, 6.8],
          "type": "hold",
          "id": 43,
          "distance": 12
        }
      ],
      [
        [8, 2, 1], {
          "pos": [8, 6.8],
          "type": "hold",
          "id": 55,
          "distance": 13
        }
      ],
      [
        [10, 2, 1], {
          "pos": [10, 6.8],
          "type": "hold",
          "id": 81,
          "distance": 15
        }
      ],
      [
        [11, 2, 1], {
          "pos": [11, 6.8],
          "type": "hold",
          "id": 92,
          "distance": 16
        }
      ],
      [
        [12, 2, 1], {
          "pos": [12, 6.8],
          "type": "hold",
          "id": 101,
          "distance": 17
        }
      ],
      [
        [13, 2, 1], {
          "pos": [13, 6.8],
          "type": "hold",
          "id": 111,
          "distance": 18
        }
      ],
      [
        [14, 2, 1], {
          "pos": [14, 6.8],
          "type": "hold",
          "id": 120,
          "distance": 19
        }
      ],
      [
        [0, 3, 1], {
          "pos": [0, 7.8],
          "type": "hold",
          "id": 122,
          "distance": 20
        }
      ],
      [
        [1, 3, 1], {
          "pos": [1, 7.8],
          "type": "hold",
          "id": 116,
          "distance": 19
        }
      ],
      [
        [2, 3, 1], {
          "pos": [2, 7.8],
          "type": "hold",
          "id": 107,
          "distance": 18
        }
      ],
      [
        [3, 3, 1], {
          "pos": [3, 7.8],
          "type": "hold",
          "id": 99,
          "distance": 17
        }
      ],
      [
        [4, 3, 1], {
          "pos": [4, 7.8],
          "type": "hold",
          "id": 90,
          "distance": 16
        }
      ],
      [
        [6, 3, 1], {
          "pos": [6, 7.8],
          "type": "hold",
          "id": 41,
          "distance": 12
        }
      ],
      [
        [7, 3, 1], {
          "pos": [7, 7.8],
          "type": "ramp",
          "id": 34,
          "distance": 11
        }
      ],
      [
        [8, 3, 1], {
          "pos": [8, 7.8],
          "type": "hold",
          "id": 47,
          "distance": 12
        }
      ],
      [
        [9, 3, 1], {
          "pos": [9, 7.8],
          "type": "hold",
          "id": 59,
          "distance": 13
        }
      ],
      [
        [10, 3, 1], {
          "pos": [10, 7.8],
          "type": "hold",
          "id": 71,
          "distance": 14
        }
      ],
      [
        [12, 3, 1], {
          "pos": [12, 7.8],
          "type": "hold",
          "id": 110,
          "distance": 18
        }
      ],
      [
        [14, 3, 1], {
          "pos": [14, 7.8],
          "type": "hold",
          "id": 126,
          "distance": 20
        }
      ],
      [
        [0, 0, 2], {
          "pos": [0, 9.6],
          "type": "hold",
          "id": 130,
          "distance": 22
        }
      ],
      [
        [0, 1, 2], {
          "pos": [0, 10.6],
          "type": "hold",
          "id": 127,
          "distance": 21
        }
      ],
      [
        [1, 0, 2], {
          "pos": [1, 9.6],
          "type": "hold",
          "id": 128,
          "distance": 21
        }
      ],
      [
        [2, 0, 2], {
          "pos": [2, 9.6],
          "type": "hold",
          "id": 123,
          "distance": 20
        }
      ],
      [
        [2, 1, 2], {
          "pos": [2, 10.6],
          "type": "hold",
          "id": 117,
          "distance": 19
        }
      ],
      [
        [3, 0, 2], {
          "pos": [3, 9.6],
          "type": "hold",
          "id": 118,
          "distance": 19
        }
      ],
      [
        [3, 1, 2], {
          "pos": [3, 10.6],
          "type": "hold",
          "id": 108,
          "distance": 18
        }
      ],
      [
        [4, 0, 2], {
          "pos": [4, 9.6],
          "type": "hold",
          "id": 109,
          "distance": 18
        }
      ],
      [
        [4, 1, 2], {
          "pos": [4, 10.6],
          "type": "hold",
          "id": 100,
          "distance": 17
        }
      ],
      [
        [6, 0, 2], {
          "pos": [6, 9.6],
          "type": "hold",
          "id": 39,
          "distance": 12
        }
      ],
      [
        [7, 0, 2], {
          "pos": [7, 9.6],
          "type": "ramp",
          "id": 32,
          "distance": 11
        }
      ],
      [
        [7, 1, 2], {
          "pos": [7, 10.6],
          "type": "hold",
          "id": 42,
          "distance": 12
        }
      ],
      [
        [8, 0, 2], {
          "pos": [8, 9.6],
          "type": "hold",
          "id": 45,
          "distance": 12
        }
      ],
      [
        [8, 1, 2], {
          "pos": [8, 10.6],
          "type": "hold",
          "id": 54,
          "distance": 13
        }
      ],
      [
        [9, 0, 2], {
          "pos": [9, 9.6],
          "type": "hold",
          "id": 57,
          "distance": 13
        }
      ],
      [
        [9, 1, 2], {
          "pos": [9, 10.6],
          "type": "hold",
          "id": 67,
          "distance": 14
        }
      ],
      [
        [10, 0, 2], {
          "pos": [10, 9.6],
          "type": "hold",
          "id": 69,
          "distance": 14
        }
      ],
      [
        [10, 1, 2], {
          "pos": [10, 10.6],
          "type": "hold",
          "id": 80,
          "distance": 15
        }
      ],
      [
        [0, 2, 2], {
          "pos": [0, 11.6],
          "type": "hold",
          "id": 121,
          "distance": 20
        }
      ],
      [
        [1, 2, 2], {
          "pos": [1, 11.6],
          "type": "hold",
          "id": 115,
          "distance": 19
        }
      ],
      [
        [3, 2, 2], {
          "pos": [3, 11.6],
          "type": "hold",
          "id": 98,
          "distance": 17
        }
      ],
      [
        [4, 2, 2], {
          "pos": [4, 11.6],
          "type": "hold",
          "id": 89,
          "distance": 16
        }
      ],
      [
        [5, 2, 2], {
          "pos": [5, 11.6],
          "type": "hold",
          "id": 78,
          "distance": 15
        }
      ],
      [
        [8, 2, 2], {
          "pos": [8, 11.6],
          "type": "hold",
          "id": 66,
          "distance": 14
        }
      ],
      [
        [9, 2, 2], {
          "pos": [9, 11.6],
          "type": "hold",
          "id": 79,
          "distance": 15
        }
      ],
      [
        [0, 3, 2], {
          "pos": [0, 12.6],
          "type": "hold",
          "id": 114,
          "distance": 19
        }
      ],
      [
        [1, 3, 2], {
          "pos": [1, 12.6],
          "type": "hold",
          "id": 106,
          "distance": 18
        }
      ],
      [
        [2, 3, 2], {
          "pos": [2, 12.6],
          "type": "hold",
          "id": 97,
          "distance": 17
        }
      ],
      [
        [3, 3, 2], {
          "pos": [3, 12.6],
          "type": "hold",
          "id": 88,
          "distance": 16
        }
      ],
      [
        [4, 3, 2], {
          "pos": [4, 12.6],
          "type": "hold",
          "id": 77,
          "distance": 15
        }
      ],
      [
        [5, 3, 2], {
          "pos": [5, 12.6],
          "type": "hold",
          "id": 65,
          "distance": 14
        }
      ],
      [
        [6, 3, 2], {
          "pos": [6, 12.6],
          "type": "hold",
          "id": 53,
          "distance": 13
        }
      ],
      [
        [7, 3, 2], {
          "pos": [7, 12.6],
          "type": "ramp",
          "id": 44,
          "distance": 12
        }
      ],
      [
        [8, 3, 2], {
          "pos": [8, 12.6],
          "type": "hold",
          "id": 56,
          "distance": 13
        }
      ],
      [
        [9, 3, 2], {
          "pos": [9, 12.6],
          "type": "hold",
          "id": 68,
          "distance": 14
        }
      ]
    ],
    "edges": [
      [
        [0, 0, 0],
        [0, 1, 0], {}
      ],
      [
        [0, 0, 0],
        [1, 0, 0], {}
      ],
      [
        [0, 1, 0],
        [0, 2, 0], {}
      ],
      [
        [0, 1, 0],
        [1, 1, 0], {}
      ],
      [
        [1, 0, 0],
        [1, 1, 0], {}
      ],
      [
        [1, 0, 0],
        [2, 0, 0], {}
      ],
      [
        [1, 1, 0],
        [1, 2, 0], {}
      ],
      [
        [1, 1, 0],
        [2, 1, 0], {}
      ],
      [
        [2, 0, 0],
        [2, 1, 0], {}
      ],
      [
        [2, 0, 0],
        [3, 0, 0], {}
      ],
      [
        [2, 1, 0],
        [2, 2, 0], {}
      ],
      [
        [2, 1, 0],
        [3, 1, 0], {}
      ],
      [
        [3, 0, 0],
        [3, 1, 0], {}
      ],
      [
        [3, 1, 0],
        [3, 2, 0], {}
      ],
      [
        [3, 1, 0],
        [4, 1, 0], {}
      ],
      [
        [4, 1, 0],
        [4, 2, 0], {}
      ],
      [
        [4, 1, 0],
        [5, 1, 0], {}
      ],
      [
        [5, 0, 0],
        [5, 1, 0], {}
      ],
      [
        [5, 1, 0],
        [6, 1, 0], {}
      ],
      [
        [6, 1, 0],
        [7, 1, 0], {}
      ],
      [
        [7, 0, 0],
        [7, 1, 0], {}
      ],
      [
        [7, 0, 0],
        [7, 0, 1], {
          "ramp": true
        }
      ],
      [
        [7, 1, 0],
        [7, 2, 0], {}
      ],
      [
        [7, 1, 0],
        [8, 1, 0], {}
      ],
      [
        [8, 1, 0],
        [8, 2, 0], {}
      ],
      [
        [8, 1, 0],
        [9, 1, 0], {}
      ],
      [
        [9, 1, 0],
        [9, 2, 0], {}
      ],
      [
        [9, 1, 0],
        [10, 1, 0], {}
      ],
      [
        [10, 1, 0],
        [10, 2, 0], {}
      ],
      [
        [10, 1, 0],
        [11, 1, 0], {}
      ],
      [
        [11, 0, 0],
        [11, 1, 0], {}
      ],
      [
        [11, 0, 0],
        [12, 0, 0], {}
      ],
      [
        [11, 1, 0],
        [11, 2, 0], {}
      ],
      [
        [11, 1, 0],
        [12, 1, 0], {}
      ],
      [
        [12, 0, 0],
        [12, 1, 0], {}
      ],
      [
        [12, 1, 0],
        [12, 2, 0], {}
      ],
      [
        [0, 2, 0],
        [1, 2, 0], {}
      ],
      [
        [1, 2, 0],
        [1, 3, 0], {}
      ],
      [
        [1, 2, 0],
        [2, 2, 0], {}
      ],
      [
        [2, 2, 0],
        [2, 3, 0], {}
      ],
      [
        [2, 2, 0],
        [3, 2, 0], {}
      ],
      [
        [3, 2, 0],
        [3, 3, 0], {}
      ],
      [
        [3, 2, 0],
        [4, 2, 0], {}
      ],
      [
        [4, 2, 0],
        [4, 3, 0], {}
      ],
      [
        [7, 2, 0],
        [7, 3, 0], {}
      ],
      [
        [7, 2, 0],
        [8, 2, 0], {}
      ],
      [
        [8, 2, 0],
        [8, 3, 0], {}
      ],
      [
        [8, 2, 0],
        [9, 2, 0], {}
      ],
      [
        [9, 2, 0],
        [9, 3, 0], {}
      ],
      [
        [9, 2, 0],
        [10, 2, 0], {}
      ],
      [
        [10, 2, 0],
        [10, 3, 0], {}
      ],
      [
        [10, 2, 0],
        [11, 2, 0], {}
      ],
      [
        [11, 2, 0],
        [12, 2, 0], {}
      ],
      [
        [12, 2, 0],
        [12, 3, 0], {}
      ],
      [
        [12, 2, 0],
        [13, 2, 0], {}
      ],
      [
        [13, 2, 0],
        [14, 2, 0], {}
      ],
      [
        [14, 2, 0],
        [14, 3, 0], {}
      ],
      [
        [1, 3, 0],
        [2, 3, 0], {}
      ],
      [
        [2, 3, 0],
        [3, 3, 0], {}
      ],
      [
        [3, 3, 0],
        [4, 3, 0], {}
      ],
      [
        [4, 3, 0],
        [5, 3, 0], {}
      ],
      [
        [5, 3, 0],
        [6, 3, 0], {}
      ],
      [
        [6, 3, 0],
        [7, 3, 0], {}
      ],
      [
        [7, 3, 0],
        [8, 3, 0], {}
      ],
      [
        [7, 3, 0],
        [7, 3, 1], {
          "ramp": true
        }
      ],
      [
        [8, 3, 0],
        [9, 3, 0], {}
      ],
      [
        [9, 3, 0],
        [10, 3, 0], {}
      ],
      [
        [0, 0, 1],
        [0, 1, 1], {}
      ],
      [
        [0, 0, 1],
        [1, 0, 1], {}
      ],
      [
        [0, 1, 1],
        [0, 2, 1], {}
      ],
      [
        [0, 1, 1],
        [1, 1, 1], {}
      ],
      [
        [1, 0, 1],
        [1, 1, 1], {}
      ],
      [
        [1, 0, 1],
        [2, 0, 1], {}
      ],
      [
        [1, 1, 1],
        [1, 2, 1], {}
      ],
      [
        [1, 1, 1],
        [2, 1, 1], {}
      ],
      [
        [2, 0, 1],
        [2, 1, 1], {}
      ],
      [
        [2, 0, 1],
        [3, 0, 1], {}
      ],
      [
        [2, 1, 1],
        [2, 2, 1], {}
      ],
      [
        [2, 1, 1],
        [3, 1, 1], {}
      ],
      [
        [3, 0, 1],
        [3, 1, 1], {}
      ],
      [
        [3, 0, 1],
        [4, 0, 1], {}
      ],
      [
        [3, 1, 1],
        [3, 2, 1], {}
      ],
      [
        [3, 1, 1],
        [4, 1, 1], {}
      ],
      [
        [4, 0, 1],
        [4, 1, 1], {}
      ],
      [
        [4, 1, 1],
        [4, 2, 1], {}
      ],
      [
        [4, 1, 1],
        [5, 1, 1], {}
      ],
      [
        [5, 1, 1],
        [6, 1, 1], {}
      ],
      [
        [6, 0, 1],
        [6, 1, 1], {}
      ],
      [
        [6, 0, 1],
        [7, 0, 1], {}
      ],
      [
        [6, 1, 1],
        [6, 2, 1], {}
      ],
      [
        [6, 1, 1],
        [7, 1, 1], {}
      ],
      [
        [7, 0, 1],
        [7, 1, 1], {}
      ],
      [
        [7, 0, 1],
        [8, 0, 1], {}
      ],
      [
        [7, 0, 1],
        [7, 0, 2], {
          "ramp": true
        }
      ],
      [
        [7, 1, 1],
        [7, 2, 1], {}
      ],
      [
        [7, 1, 1],
        [8, 1, 1], {}
      ],
      [
        [8, 0, 1],
        [8, 1, 1], {}
      ],
      [
        [8, 1, 1],
        [8, 2, 1], {}
      ],
      [
        [8, 1, 1],
        [9, 1, 1], {}
      ],
      [
        [9, 1, 1],
        [10, 1, 1], {}
      ],
      [
        [10, 1, 1],
        [10, 2, 1], {}
      ],
      [
        [10, 1, 1],
        [11, 1, 1], {}
      ],
      [
        [11, 0, 1],
        [11, 1, 1], {}
      ],
      [
        [11, 1, 1],
        [11, 2, 1], {}
      ],
      [
        [13, 0, 1],
        [13, 1, 1], {}
      ],
      [
        [13, 0, 1],
        [14, 0, 1], {}
      ],
      [
        [13, 1, 1],
        [13, 2, 1], {}
      ],
      [
        [13, 1, 1],
        [14, 1, 1], {}
      ],
      [
        [14, 0, 1],
        [14, 1, 1], {}
      ],
      [
        [14, 1, 1],
        [14, 2, 1], {}
      ],
      [
        [0, 2, 1],
        [0, 3, 1], {}
      ],
      [
        [0, 2, 1],
        [1, 2, 1], {}
      ],
      [
        [1, 2, 1],
        [1, 3, 1], {}
      ],
      [
        [1, 2, 1],
        [2, 2, 1], {}
      ],
      [
        [2, 2, 1],
        [2, 3, 1], {}
      ],
      [
        [2, 2, 1],
        [3, 2, 1], {}
      ],
      [
        [3, 2, 1],
        [3, 3, 1], {}
      ],
      [
        [3, 2, 1],
        [4, 2, 1], {}
      ],
      [
        [4, 2, 1],
        [4, 3, 1], {}
      ],
      [
        [6, 2, 1],
        [6, 3, 1], {}
      ],
      [
        [6, 2, 1],
        [7, 2, 1], {}
      ],
      [
        [7, 2, 1],
        [7, 3, 1], {}
      ],
      [
        [7, 2, 1],
        [8, 2, 1], {}
      ],
      [
        [8, 2, 1],
        [8, 3, 1], {}
      ],
      [
        [10, 2, 1],
        [10, 3, 1], {}
      ],
      [
        [10, 2, 1],
        [11, 2, 1], {}
      ],
      [
        [11, 2, 1],
        [12, 2, 1], {}
      ],
      [
        [12, 2, 1],
        [12, 3, 1], {}
      ],
      [
        [12, 2, 1],
        [13, 2, 1], {}
      ],
      [
        [13, 2, 1],
        [14, 2, 1], {}
      ],
      [
        [14, 2, 1],
        [14, 3, 1], {}
      ],
      [
        [0, 3, 1],
        [1, 3, 1], {}
      ],
      [
        [1, 3, 1],
        [2, 3, 1], {}
      ],
      [
        [2, 3, 1],
        [3, 3, 1], {}
      ],
      [
        [3, 3, 1],
        [4, 3, 1], {}
      ],
      [
        [6, 3, 1],
        [7, 3, 1], {}
      ],
      [
        [7, 3, 1],
        [8, 3, 1], {}
      ],
      [
        [7, 3, 1],
        [7, 3, 2], {
          "ramp": true
        }
      ],
      [
        [8, 3, 1],
        [9, 3, 1], {}
      ],
      [
        [9, 3, 1],
        [10, 3, 1], {}
      ],
      [
        [0, 0, 2],
        [0, 1, 2], {}
      ],
      [
        [0, 0, 2],
        [1, 0, 2], {}
      ],
      [
        [0, 1, 2],
        [0, 2, 2], {}
      ],
      [
        [1, 0, 2],
        [2, 0, 2], {}
      ],
      [
        [2, 0, 2],
        [2, 1, 2], {}
      ],
      [
        [2, 0, 2],
        [3, 0, 2], {}
      ],
      [
        [2, 1, 2],
        [3, 1, 2], {}
      ],
      [
        [3, 0, 2],
        [3, 1, 2], {}
      ],
      [
        [3, 0, 2],
        [4, 0, 2], {}
      ],
      [
        [3, 1, 2],
        [3, 2, 2], {}
      ],
      [
        [3, 1, 2],
        [4, 1, 2], {}
      ],
      [
        [4, 0, 2],
        [4, 1, 2], {}
      ],
      [
        [4, 1, 2],
        [4, 2, 2], {}
      ],
      [
        [6, 0, 2],
        [7, 0, 2], {}
      ],
      [
        [7, 0, 2],
        [7, 1, 2], {}
      ],
      [
        [7, 0, 2],
        [8, 0, 2], {}
      ],
      [
        [7, 1, 2],
        [8, 1, 2], {}
      ],
      [
        [8, 0, 2],
        [8, 1, 2], {}
      ],
      [
        [8, 0, 2],
        [9, 0, 2], {}
      ],
      [
        [8, 1, 2],
        [8, 2, 2], {}
      ],
      [
        [8, 1, 2],
        [9, 1, 2], {}
      ],
      [
        [9, 0, 2],
        [9, 1, 2], {}
      ],
      [
        [9, 0, 2],
        [10, 0, 2], {}
      ],
      [
        [9, 1, 2],
        [9, 2, 2], {}
      ],
      [
        [9, 1, 2],
        [10, 1, 2], {}
      ],
      [
        [10, 0, 2],
        [10, 1, 2], {}
      ],
      [
        [0, 2, 2],
        [0, 3, 2], {}
      ],
      [
        [0, 2, 2],
        [1, 2, 2], {}
      ],
      [
        [1, 2, 2],
        [1, 3, 2], {}
      ],
      [
        [3, 2, 2],
        [3, 3, 2], {}
      ],
      [
        [3, 2, 2],
        [4, 2, 2], {}
      ],
      [
        [4, 2, 2],
        [4, 3, 2], {}
      ],
      [
        [4, 2, 2],
        [5, 2, 2], {}
      ],
      [
        [5, 2, 2],
        [5, 3, 2], {}
      ],
      [
        [8, 2, 2],
        [8, 3, 2], {}
      ],
      [
        [8, 2, 2],
        [9, 2, 2], {}
      ],
      [
        [9, 2, 2],
        [9, 3, 2], {}
      ],
      [
        [0, 3, 2],
        [1, 3, 2], {}
      ],
      [
        [1, 3, 2],
        [2, 3, 2], {}
      ],
      [
        [2, 3, 2],
        [3, 3, 2], {}
      ],
      [
        [3, 3, 2],
        [4, 3, 2], {}
      ],
      [
        [4, 3, 2],
        [5, 3, 2], {}
      ],
      [
        [5, 3, 2],
        [6, 3, 2], {}
      ],
      [
        [6, 3, 2],
        [7, 3, 2], {}
      ],
      [
        [7, 3, 2],
        [8, 3, 2], {}
      ],
      [
        [8, 3, 2],
        [9, 3, 2], {}
      ]
    ]
  }
}