{
  "N": 223,
  "E": [
    [0, 1],
    [0, 2],
    [1, 3],
    [1, 4],
    [2, 4],
    [2, 5],
    [4, 7],
    [4, 8],
    [5, 8],
    [5, 9],
    [8, 11],
    [25, 22],
    [22, 20],
    [22, 26],
    [20, 19],
    [20, 23],
    [26, 23],
    [26, 33],
    [26, 30],
    [23, 28],
    [33, 28],
    [28, 34],
    [28, 36],
    [36, 46],
    [36, 48],
    [63, 48],
    [63, 84],
    [48, 64],
    [48, 66],
    [84, 66],
    [84, 105],
    [105, 125],
    [125, 148],
    [125, 149],
    [148, 170],
    [3, 6],
    [3, 7],
    [7, 10],
    [7, 11],
    [11, 12],
    [11, 13],
    [13, 14],
    [13, 15],
    [15, 16],
    [15, 17],
    [17, 18],
    [17, 19],
    [19, 21],
    [34, 46],
    [46, 64],
    [64, 83],
    [184, 201],
    [184, 170],
    [170, 188],
    [170, 191],
    [191, 207],
    [6, 10],
    [10, 12],
    [12, 14],
    [14, 16],
    [16, 18],
    [18, 21],
    [21, 24],
    [24, 27],
    [201, 188],
    [188, 207],
    [192, 171],
    [192, 174],
    [171, 150],
    [171, 151],
    [174, 151],
    [174, 154],
    [151, 126],
    [151, 128],
    [154, 128],
    [154, 131],
    [128, 106],
    [128, 109],
    [131, 109],
    [131, 160],
    [109, 86],
    [70, 49],
    [70, 52],
    [52, 37],
    [52, 40],
    [30, 40],
    [30, 43],
    [30, 39],
    [40, 31],
    [40, 58],
    [43, 58],
    [43, 61],
    [58, 44],
    [147, 124],
    [147, 169],
    [169, 190],
    [206, 190],
    [150, 173],
    [150, 126],
    [126, 153],
    [126, 106],
    [106, 130],
    [106, 86],
    [86, 111],
    [86, 67],
    [67, 90],
    [67, 49],
    [49, 37],
    [37, 29],
    [37, 31],
    [31, 27],
    [31, 44],
    [44, 35],
    [44, 62],
    [62, 47],
    [62, 82],
    [82, 65],
    [82, 104],
    [104, 85],
    [104, 124],
    [173, 153],
    [153, 130],
    [130, 111],
    [111, 90],
    [29, 27],
    [27, 35],
    [27, 32],
    [35, 47],
    [47, 65],
    [65, 85],
    [209, 193],
    [193, 172],
    [193, 175],
    [175, 152],
    [108, 132],
    [108, 88],
    [132, 110],
    [132, 113],
    [88, 113],
    [88, 69],
    [113, 89],
    [113, 92],
    [69, 92],
    [69, 51],
    [51, 39],
    [39, 55],
    [78, 59],
    [78, 101],
    [118, 101],
    [101, 121],
    [121, 141],
    [121, 144],
    [163, 144],
    [163, 182],
    [144, 165],
    [182, 203],
    [203, 213],
    [203, 216],
    [213, 205],
    [172, 152],
    [152, 127],
    [152, 129],
    [129, 107],
    [129, 110],
    [110, 87],
    [110, 89],
    [89, 68],
    [53, 38],
    [53, 41],
    [41, 32],
    [41, 59],
    [59, 45],
    [141, 165],
    [165, 181],
    [165, 185],
    [185, 202],
    [185, 205],
    [205, 215],
    [127, 107],
    [107, 87],
    [87, 68],
    [68, 50],
    [50, 38],
    [38, 32],
    [32, 45],
    [32, 42],
    [181, 202],
    [202, 215],
    [215, 221],
    [218, 210],
    [210, 219],
    [210, 196],
    [196, 178],
    [198, 178],
    [178, 157],
    [157, 133],
    [157, 136],
    [112, 136],
    [112, 91],
    [136, 114],
    [136, 117],
    [91, 117],
    [91, 72],
    [117, 93],
    [72, 55],
    [55, 77],
    [55, 75],
    [77, 98],
    [77, 100],
    [98, 79],
    [100, 120],
    [120, 140],
    [120, 143],
    [140, 122],
    [143, 167],
    [167, 187],
    [187, 204],
    [219, 222],
    [133, 159],
    [133, 114],
    [114, 93],
    [93, 71],
    [93, 73],
    [73, 54],
    [73, 56],
    [56, 42],
    [56, 79],
    [79, 60],
    [122, 103],
    [122, 145],
    [71, 54],
    [54, 42],
    [42, 60],
    [42, 57],
    [60, 81],
    [81, 103],
    [195, 212],
    [195, 177],
    [212, 197],
    [212, 199],
    [177, 199],
    [177, 156],
    [199, 179],
    [156, 135],
    [135, 161],
    [135, 116],
    [161, 137],
    [116, 95],
    [95, 75],
    [75, 97],
    [97, 119],
    [119, 138],
    [119, 139],
    [138, 162],
    [139, 162],
    [139, 164],
    [162, 142],
    [162, 180],
    [164, 180],
    [164, 183],
    [180, 166],
    [180, 200],
    [183, 200],
    [200, 186],
    [200, 214],
    [214, 220],
    [220, 217],
    [211, 194],
    [211, 197],
    [197, 176],
    [197, 179],
    [179, 155],
    [179, 158],
    [158, 134],
    [158, 137],
    [137, 115],
    [96, 74],
    [96, 76],
    [76, 57],
    [76, 99],
    [99, 80],
    [142, 123],
    [142, 166],
    [166, 146],
    [166, 186],
    [186, 168],
    [217, 208],
    [194, 176],
    [176, 155],
    [155, 134],
    [134, 115],
    [115, 94],
    [94, 74],
    [74, 57],
    [57, 80],
    [80, 102],
    [102, 123],
    [123, 146],
    [146, 168],
    [168, 189],
    [189, 208]
  ],
  "P": 10,
  "K": [
    [
      [0, 1], 42
    ],
    [
      [0, 3], 13
    ],
    [
      [0, 5], 17
    ],
    [
      [0, 7], 27
    ],
    [
      [0, 8], 6
    ],
    [
      [0, 9], 1
    ],
    [
      [1, 2], 10
    ],
    [
      [1, 3], 2
    ],
    [
      [1, 4], 1
    ],
    [
      [1, 6], 33
    ],
    [
      [1, 8], 19
    ],
    [
      [2, 3], 16
    ],
    [
      [2, 4], 6
    ],
    [
      [2, 7], 1
    ],
    [
      [2, 9], 6
    ],
    [
      [3, 4], 27
    ],
    [
      [3, 7], 10
    ],
    [
      [3, 8], 17
    ],
    [
      [3, 9], 20
    ],
    [
      [4, 5], 17
    ],
    [
      [4, 6], 14
    ],
    [
      [5, 7], 16
    ],
    [
      [5, 8], 18
    ],
    [
      [6, 7], 10
    ],
    [
      [6, 8], 4
    ],
    [
      [6, 9], 17
    ],
    [
      [7, 8], 21
    ],
    [
      [7, 9], 25
    ],
    [
      [8, 9], 21
    ]
  ],
  "F": 200,
  "LB": 183023,
  "grid_graph": {
    "nodes": [
      [
        [0, 0, 0], {
          "pos": [0, 0.0],
          "type": "gate",
          "id": 0,
          "distance": 0
        }
      ],
      [
        [0, 1, 0], {
          "pos": [0, 1.0],
          "type": "hold",
          "id": 1,
          "distance": 1
        }
      ],
      [
        [1, 0, 0], {
          "pos": [1, 0.0],
          "type": "hold",
          "id": 2,
          "distance": 1
        }
      ],
      [
        [1, 1, 0], {
          "pos": [1, 1.0],
          "type": "hold",
          "id": 4,
          "distance": 2
        }
      ],
      [
        [2, 0, 0], {
          "pos": [2, 0.0],
          "type": "hold",
          "id": 5,
          "distance": 2
        }
      ],
      [
        [2, 1, 0], {
          "pos": [2, 1.0],
          "type": "hold",
          "id": 8,
          "distance": 3
        }
      ],
      [
        [3, 0, 0], {
          "pos": [3, 0.0],
          "type": "hold",
          "id": 9,
          "distance": 3
        }
      ],
      [
        [5, 0, 0], {
          "pos": [5, 0.0],
          "type": "hold",
          "id": 25,
          "distance": 11
        }
      ],
      [
        [6, 0, 0], {
          "pos": [6, 0.0],
          "type": "hold",
          "id": 22,
          "distance": 10
        }
      ],
      [
        [6, 1, 0], {
          "pos": [6, 1.0],
          "type": "hold",
          "id": 20,
          "distance": 9
        }
      ],
      [
        [7, 0, 0], {
          "pos": [7, 0.0],
          "type": "ramp",
          "id": 26,
          "distance": 11
        }
      ],
      [
        [7, 1, 0], {
          "pos": [7, 1.0],
          "type": "hold",
          "id": 23,
          "distance": 10
        }
      ],
      [
        [8, 0, 0], {
          "pos": [8, 0.0],
          "type": "hold",
          "id": 33,
          "distance": 12
        }
      ],
      [
        [8, 1, 0], {
          "pos": [8, 1.0],
          "type": "hold",
          "id": 28,
          "distance": 11
        }
      ],
      [
        [9, 1, 0], {
          "pos": [9, 1.0],
          "type": "hold",
          "id": 36,
          "distance": 12
        }
      ],
      [
        [10, 0, 0], {
          "pos": [10, 0.0],
          "type": "hold",
          "id": 63,
          "distance": 14
        }
      ],
      [
        [10, 1, 0], {
          "pos": [10, 1.0],
          "type": "hold",
          "id": 48,
          "distance": 13
        }
      ],
      [
        [11, 0, 0], {
          "pos": [11, 0.0],
          "type": "hold",
          "id": 84,
          "distance": 15
        }
      ],
      [
        [11, 1, 0], {
          "pos": [11, 1.0],
          "type": "hold",
          "id": 66,
          "distance": 14
        }
      ],
      [
        [12, 0, 0], {
          "pos": [12, 0.0],
          "type": "hold",
          "id": 105,
          "distance": 16
        }
      ],
      [
        [13, 0, 0], {
          "pos": [13, 0.0],
          "type": "hold",
          "id": 125,
          "distance": 17
        }
      ],
      [
        [13, 1, 0], {
          "pos": [13, 1.0],
          "type": "hold",
          "id": 148,
          "distance": 18
        }
      ],
      [
        [14, 0, 0], {
          "pos": [14, 0.0],
          "type": "hold",
          "id": 149,
          "distance": 18
        }
      ],
      [
        [0, 2, 0], {
          "pos": [0, 2.0],
          "type": "hold",
          "id": 3,
          "distance": 2
        }
      ],
      [
        [1, 2, 0], {
          "pos": [1, 2.0],
          "type": "hold",
          "id": 7,
          "distance": 3
        }
      ],
      [
        [2, 2, 0], {
          "pos": [2, 2.0],
          "type": "hold",
          "id": 11,
          "distance": 4
        }
      ],
      [
        [3, 2, 0], {
          "pos": [3, 2.0],
          "type": "hold",
          "id": 13,
          "distance": 5
        }
      ],
      [
        [4, 2, 0], {
          "pos": [4, 2.0],
          "type": "hold",
          "id": 15,
          "distance": 6
        }
      ],
      [
        [5, 2, 0], {
          "pos": [5, 2.0],
          "type": "hold",
          "id": 17,
          "distance": 7
        }
      ],
      [
        [6, 2, 0], {
          "pos": [6, 2.0],
          "type": "hold",
          "id": 19,
          "distance": 8
        }
      ],
      [
        [8, 2, 0], {
          "pos": [8, 2.0],
          "type": "hold",
          "id": 34,
          "distance": 12
        }
      ],
      [
        [9, 2, 0], {
          "pos": [9, 2.0],
          "type": "hold",
          "id": 46,
          "distance": 13
        }
      ],
      [
        [10, 2, 0], {
          "pos": [10, 2.0],
          "type": "hold",
          "id": 64,
          "distance": 14
        }
      ],
      [
        [12, 2, 0], {
          "pos": [12, 2.0],
          "type": "hold",
          "id": 184,
          "distance": 20
        }
      ],
      [
        [13, 2, 0], {
          "pos": [13, 2.0],
          "type": "hold",
          "id": 170,
          "distance": 19
        }
      ],
      [
        [14, 2, 0], {
          "pos": [14, 2.0],
          "type": "hold",
          "id": 191,
          "distance": 20
        }
      ],
      [
        [0, 3, 0], {
          "pos": [0, 3.0],
          "type": "hold",
          "id": 6,
          "distance": 3
        }
      ],
      [
        [1, 3, 0], {
          "pos": [1, 3.0],
          "type": "hold",
          "id": 10,
          "distance": 4
        }
      ],
      [
        [2, 3, 0], {
          "pos": [2, 3.0],
          "type": "hold",
          "id": 12,
          "distance": 5
        }
      ],
      [
        [3, 3, 0], {
          "pos": [3, 3.0],
          "type": "hold",
          "id": 14,
          "distance": 6
        }
      ],
      [
        [4, 3, 0], {
          "pos": [4, 3.0],
          "type": "hold",
          "id": 16,
          "distance": 7
        }
      ],
      [
        [5, 3, 0], {
          "pos": [5, 3.0],
          "type": "hold",
          "id": 18,
          "distance": 8
        }
      ],
      [
        [6, 3, 0], {
          "pos": [6, 3.0],
          "type": "hold",
          "id": 21,
          "distance": 9
        }
      ],
      [
        [7, 3, 0], {
          "pos": [7, 3.0],
          "type": "ramp",
          "id": 24,
          "distance": 10
        }
      ],
      [
        [10, 3, 0], {
          "pos": [10, 3.0],
          "type": "hold",
          "id": 83,
          "distance": 15
        }
      ],
      [
        [12, 3, 0], {
          "pos": [12, 3.0],
          "type": "hold",
          "id": 201,
          "distance": 21
        }
      ],
      [
        [13, 3, 0], {
          "pos": [13, 3.0],
          "type": "hold",
          "id": 188,
          "distance": 20
        }
      ],
      [
        [14, 3, 0], {
          "pos": [14, 3.0],
          "type": "hold",
          "id": 207,
          "distance": 21
        }
      ],
      [
        [0, 0, 1], {
          "pos": [0, 4.8],
          "type": "hold",
          "id": 192,
          "distance": 21
        }
      ],
      [
        [0, 1, 1], {
          "pos": [0, 5.8],
          "type": "hold",
          "id": 171,
          "distance": 20
        }
      ],
      [
        [1, 0, 1], {
          "pos": [1, 4.8],
          "type": "hold",
          "id": 174,
          "distance": 20
        }
      ],
      [
        [1, 1, 1], {
          "pos": [1, 5.8],
          "type": "hold",
          "id": 151,
          "distance": 19
        }
      ],
      [
        [2, 0, 1], {
          "pos": [2, 4.8],
          "type": "hold",
          "id": 154,
          "distance": 19
        }
      ],
      [
        [2, 1, 1], {
          "pos": [2, 5.8],
          "type": "hold",
          "id": 128,
          "distance": 18
        }
      ],
      [
        [3, 0, 1], {
          "pos": [3, 4.8],
          "type": "hold",
          "id": 131,
          "distance": 18
        }
      ],
      [
        [3, 1, 1], {
          "pos": [3, 5.8],
          "type": "hold",
          "id": 109,
          "distance": 17
        }
      ],
      [
        [4, 0, 1], {
          "pos": [4, 4.8],
          "type": "hold",
          "id": 160,
          "distance": 19
        }
      ],
      [
        [5, 1, 1], {
          "pos": [5, 5.8],
          "type": "hold",
          "id": 70,
          "distance": 15
        }
      ],
      [
        [6, 1, 1], {
          "pos": [6, 5.8],
          "type": "hold",
          "id": 52,
          "distance": 14
        }
      ],
      [
        [7, 0, 1], {
          "pos": [7, 4.8],
          "type": "ramp",
          "id": 30,
          "distance": 12
        }
      ],
      [
        [7, 1, 1], {
          "pos": [7, 5.8],
          "type": "hold",
          "id": 40,
          "distance": 13
        }
      ],
      [
        [8, 0, 1], {
          "pos": [8, 4.8],
          "type": "hold",
          "id": 43,
          "distance": 13
        }
      ],
      [
        [8, 1, 1], {
          "pos": [8, 5.8],
          "type": "hold",
          "id": 58,
          "distance": 14
        }
      ],
      [
        [9, 0, 1], {
          "pos": [9, 4.8],
          "type": "hold",
          "id": 61,
          "distance": 14
        }
      ],
      [
        [12, 1, 1], {
          "pos": [12, 5.8],
          "type": "hold",
          "id": 147,
          "distance": 18
        }
      ],
      [
        [13, 1, 1], {
          "pos": [13, 5.8],
          "type": "hold",
          "id": 169,
          "distance": 19
        }
      ],
      [
        [14, 0, 1], {
          "pos": [14, 4.8],
          "type": "hold",
          "id": 206,
          "distance": 21
        }
      ],
      [
        [14, 1, 1], {
          "pos": [14, 5.8],
          "type": "hold",
          "id": 190,
          "distance": 20
        }
      ],
      [
        [0, 2, 1], {
          "pos": [0, 6.8],
          "type": "hold",
          "id": 150,
          "distance": 19
        }
      ],
      [
        [1, 2, 1], {
          "pos": [1, 6.8],
          "type": "hold",
          "id": 126,
          "distance": 18
        }
      ],
      [
        [2, 2, 1], {
          "pos": [2, 6.8],
          "type": "hold",
          "id": 106,
          "distance": 17
        }
      ],
      [
        [3, 2, 1], {
          "pos": [3, 6.8],
          "type": "hold",
          "id": 86,
          "distance": 16
        }
      ],
      [
        [4, 2, 1], {
          "pos": [4, 6.8],
          "type": "hold",
          "id": 67,
          "distance": 15
        }
      ],
      [
        [5, 2, 1], {
          "pos": [5, 6.8],
          "type": "hold",
          "id": 49,
          "distance": 14
        }
      ],
      [
        [6, 2, 1], {
          "pos": [6, 6.8],
          "type": "hold",
          "id": 37,
          "distance": 13
        }
      ],
      [
        [7, 2, 1], {
          "pos": [7, 6.8],
          "type": "hold",
          "id": 31,
          "distance": 12
        }
      ],
      [
        [8, 2, 1], {
          "pos": [8, 6.8],
          "type": "hold",
          "id": 44,
          "distance": 13
        }
      ],
      [
        [9, 2, 1], {
          "pos": [9, 6.8],
          "type": "hold",
          "id": 62,
          "distance": 14
        }
      ],
      [
        [10, 2, 1], {
          "pos": [10, 6.8],
          "type": "hold",
          "id": 82,
          "distance": 15
        }
      ],
      [
        [11, 2, 1], {
          "pos": [11, 6.8],
          "type": "hold",
          "id": 104,
          "distance": 16
        }
      ],
      [
        [12, 2, 1], {
          "pos": [12, 6.8],
          "type": "hold",
          "id": 124,
          "distance": 17
        }
      ],
      [
        [0, 3, 1], {
          "pos": [0, 7.8],
          "type": "hold",
          "id": 173,
          "distance": 20
        }
      ],
      [
        [1, 3, 1], {
          "pos": [1, 7.8],
          "type": "hold",
          "id": 153,
          "distance": 19
        }
      ],
      [
        [2, 3, 1], {
          "pos": [2, 7.8],
          "type": "hold",
          "id": 130,
          "distance": 18
        }
      ],
      [
        [3, 3, 1], {
          "pos": [3, 7.8],
          "type": "hold",
          "id": 111,
          "distance": 17
        }
      ],
      [
        [4, 3, 1], {
          "pos": [4, 7.8],
          "type": "hold",
          "id": 90,
          "distance": 16
        }
      ],
      [
        [6, 3, 1], {
          "pos": [6, 7.8],
          "type": "hold",
          "id": 29,
          "distance": 12
        }
      ],
      [
        [7, 3, 1], {
          "pos": [7, 7.8],
          "type": "ramp",
          "id": 27,
          "distance": 11
        }
      ],
      [
        [8, 3, 1], {
          "pos": [8, 7.8],
          "type": "hold",
          "id": 35,
          "distance": 12
        }
      ],
      [
        [9, 3, 1], {
          "pos": [9, 7.8],
          "type": "hold",
          "id": 47,
          "distance": 13
        }
      ],
      [
        [10, 3, 1], {
          "pos": [10, 7.8],
          "type": "hold",
          "id": 65,
          "distance": 14
        }
      ],
      [
        [11, 3, 1], {
          "pos": [11, 7.8],
          "type": "hold",
          "id": 85,
          "distance": 15
        }
      ],
      [
        [0, 0, 2], {
          "pos": [0, 9.6],
          "type": "hold",
          "id": 209,
          "distance": 22
        }
      ],
      [
        [0, 1, 2], {
          "pos": [0, 10.6],
          "type": "hold",
          "id": 193,
          "distance": 21
        }
      ],
      [
        [1, 1, 2], {
          "pos": [1, 10.6],
          "type": "hold",
          "id": 175,
          "distance": 20
        }
      ],
      [
        [3, 0, 2], {
          "pos": [3, 9.6],
          "type": "hold",
          "id": 108,
          "distance": 17
        }
      ],
      [
        [3, 1, 2], {
          "pos": [3, 10.6],
          "type": "hold",
          "id": 132,
          "distance": 18
        }
      ],
      [
        [4, 0, 2], {
          "pos": [4, 9.6],
          "type": "hold",
          "id": 88,
          "distance": 16
        }
      ],
      [
        [4, 1, 2], {
          "pos": [4, 10.6],
          "type": "hold",
          "id": 113,
          "distance": 17
        }
      ],
      [
        [5, 0, 2], {
          "pos": [5, 9.6],
          "type": "hold",
          "id": 69,
          "distance": 15
        }
      ],
      [
        [5, 1, 2], {
          "pos": [5, 10.6],
          "type": "hold",
          "id": 92,
          "distance": 16
        }
      ],
      [
        [6, 0, 2], {
          "pos": [6, 9.6],
          "type": "hold",
          "id": 51,
          "distance": 14
        }
      ],
      [
        [7, 0, 2], {
          "pos": [7, 9.6],
          "type": "ramp",
          "id": 39,
          "distance": 13
        }
      ],
      [
        [8, 1, 2], {
          "pos": [8, 10.6],
          "type": "hold",
          "id": 78,
          "distance": 15
        }
      ],
      [
        [9, 0, 2], {
          "pos": [9, 9.6],
          "type": "hold",
          "id": 118,
          "distance": 17
        }
      ],
      [
        [9, 1, 2], {
          "pos": [9, 10.6],
          "type": "hold",
          "id": 101,
          "distance": 16
        }
      ],
      [
        [10, 1, 2], {
          "pos": [10, 10.6],
          "type": "hold",
          "id": 121,
          "distance": 17
        }
      ],
      [
        [11, 0, 2], {
          "pos": [11, 9.6],
          "type": "hold",
          "id": 163,
          "distance": 19
        }
      ],
      [
        [11, 1, 2], {
          "pos": [11, 10.6],
          "type": "hold",
          "id": 144,
          "distance": 18
        }
      ],
      [
        [12, 0, 2], {
          "pos": [12, 9.6],
          "type": "hold",
          "id": 182,
          "distance": 20
        }
      ],
      [
        [13, 0, 2], {
          "pos": [13, 9.6],
          "type": "hold",
          "id": 203,
          "distance": 21
        }
      ],
      [
        [13, 1, 2], {
          "pos": [13, 10.6],
          "type": "hold",
          "id": 213,
          "distance": 22
        }
      ],
      [
        [14, 0, 2], {
          "pos": [14, 9.6],
          "type": "hold",
          "id": 216,
          "distance": 22
        }
      ],
      [
        [0, 2, 2], {
          "pos": [0, 11.6],
          "type": "hold",
          "id": 172,
          "distance": 20
        }
      ],
      [
        [1, 2, 2], {
          "pos": [1, 11.6],
          "type": "hold",
          "id": 152,
          "distance": 19
        }
      ],
      [
        [2, 2, 2], {
          "pos": [2, 11.6],
          "type": "hold",
          "id": 129,
          "distance": 18
        }
      ],
      [
        [3, 2, 2], {
          "pos": [3, 11.6],
          "type": "hold",
          "id": 110,
          "distance": 17
        }
      ],
      [
        [4, 2, 2], {
          "pos": [4, 11.6],
          "type": "hold",
          "id": 89,
          "distance": 16
        }
      ],
      [
        [6, 2, 2], {
          "pos": [6, 11.6],
          "type": "hold",
          "id": 53,
          "distance": 14
        }
      ],
      [
        [7, 2, 2], {
          "pos": [7, 11.6],
          "type": "hold",
          "id": 41,
          "distance": 13
        }
      ],
      [
        [8, 2, 2], {
          "pos": [8, 11.6],
          "type": "hold",
          "id": 59,
          "distance": 14
        }
      ],
      [
        [10, 2, 2], {
          "pos": [10, 11.6],
          "type": "hold",
          "id": 141,
          "distance": 18
        }
      ],
      [
        [11, 2, 2], {
          "pos": [11, 11.6],
          "type": "hold",
          "id": 165,
          "distance": 19
        }
      ],
      [
        [12, 2, 2], {
          "pos": [12, 11.6],
          "type": "hold",
          "id": 185,
          "distance": 20
        }
      ],
      [
        [13, 2, 2], {
          "pos": [13, 11.6],
          "type": "hold",
          "id": 205,
          "distance": 21
        }
      ],
      [
        [1, 3, 2], {
          "pos": [1, 12.6],
          "type": "hold",
          "id": 127,
          "distance": 18
        }
      ],
      [
        [2, 3, 2], {
          "pos": [2, 12.6],
          "type": "hold",
          "id": 107,
          "distance": 17
        }
      ],
      [
        [3, 3, 2], {
          "pos": [3, 12.6],
          "type": "hold",
          "id": 87,
          "distance": 16
        }
      ],
      [
        [4, 3, 2], {
          "pos": [4, 12.6],
          "type": "hold",
          "id": 68,
          "distance": 15
        }
      ],
      [
        [5, 3, 2], {
          "pos": [5, 12.6],
          "type": "hold",
          "id": 50,
          "distance": 14
        }
      ],
      [
        [6, 3, 2], {
          "pos": [6, 12.6],
          "type": "hold",
          "id": 38,
          "distance": 13
        }
      ],
      [
        [7, 3, 2], {
          "pos": [7, 12.6],
          "type": "ramp",
          "id": 32,
          "distance": 12
        }
      ],
      [
        [8, 3, 2], {
          "pos": [8, 12.6],
          "type": "hold",
          "id": 45,
          "distance": 13
        }
      ],
      [
        [11, 3, 2], {
          "pos": [11, 12.6],
          "type": "hold",
          "id": 181,
          "distance": 20
        }
      ],
      [
        [12, 3, 2], {
          "pos": [12, 12.6],
          "type": "hold",
          "id": 202,
          "distance": 21
        }
      ],
      [
        [13, 3, 2], {
          "pos": [13, 12.6],
          "type": "hold",
          "id": 215,
          "distance": 22
        }
      ],
      [
        [14, 3, 2], {
          "pos": [14, 12.6],
          "type": "hold",
          "id": 221,
          "distance": 23
        }
      ],
      [
        [0, 0, 3], {
          "pos": [0, 14.399999999999999],
          "type": "hold",
          "id": 218,
          "distance": 23
        }
      ],
      [
        [0, 1, 3], {
          "pos": [0, 15.399999999999999],
          "type": "hold",
          "id": 210,
          "distance": 22
        }
      ],
      [
        [1, 1, 3], {
          "pos": [1, 15.399999999999999],
          "type": "hold",
          "id": 196,
          "distance": 21
        }
      ],
      [
        [2, 0, 3], {
          "pos": [2, 14.399999999999999],
          "type": "hold",
          "id": 198,
          "distance": 21
        }
      ],
      [
        [2, 1, 3], {
          "pos": [2, 15.399999999999999],
          "type": "hold",
          "id": 178,
          "distance": 20
        }
      ],
      [
        [3, 1, 3], {
          "pos": [3, 15.399999999999999],
          "type": "hold",
          "id": 157,
          "distance": 19
        }
      ],
      [
        [4, 0, 3], {
          "pos": [4, 14.399999999999999],
          "type": "hold",
          "id": 112,
          "distance": 17
        }
      ],
      [
        [4, 1, 3], {
          "pos": [4, 15.399999999999999],
          "type": "hold",
          "id": 136,
          "distance": 18
        }
      ],
      [
        [5, 0, 3], {
          "pos": [5, 14.399999999999999],
          "type": "hold",
          "id": 91,
          "distance": 16
        }
      ],
      [
        [5, 1, 3], {
          "pos": [5, 15.399999999999999],
          "type": "hold",
          "id": 117,
          "distance": 17
        }
      ],
      [
        [6, 0, 3], {
          "pos": [6, 14.399999999999999],
          "type": "hold",
          "id": 72,
          "distance": 15
        }
      ],
      [
        [7, 0, 3], {
          "pos": [7, 14.399999999999999],
          "type": "ramp",
          "id": 55,
          "distance": 14
        }
      ],
      [
        [8, 0, 3], {
          "pos": [8, 14.399999999999999],
          "type": "hold",
          "id": 77,
          "distance": 15
        }
      ],
      [
        [8, 1, 3], {
          "pos": [8, 15.399999999999999],
          "type": "hold",
          "id": 98,
          "distance": 16
        }
      ],
      [
        [9, 0, 3], {
          "pos": [9, 14.399999999999999],
          "type": "hold",
          "id": 100,
          "distance": 16
        }
      ],
      [
        [10, 0, 3], {
          "pos": [10, 14.399999999999999],
          "type": "hold",
          "id": 120,
          "distance": 17
        }
      ],
      [
        [10, 1, 3], {
          "pos": [10, 15.399999999999999],
          "type": "hold",
          "id": 140,
          "distance": 18
        }
      ],
      [
        [11, 0, 3], {
          "pos": [11, 14.399999999999999],
          "type": "hold",
          "id": 143,
          "distance": 18
        }
      ],
      [
        [12, 0, 3], {
          "pos": [12, 14.399999999999999],
          "type": "hold",
          "id": 167,
          "distance": 19
        }
      ],
      [
        [13, 0, 3], {
          "pos": [13, 14.399999999999999],
          "type": "hold",
          "id": 187,
          "distance": 20
        }
      ],
      [
        [13, 1, 3], {
          "pos": [13, 15.399999999999999],
          "type": "hold",
          "id": 204,
          "distance": 21
        }
      ],
      [
        [0, 2, 3], {
          "pos": [0, 16.4],
          "type": "hold",
          "id": 219,
          "distance": 23
        }
      ],
      [
        [3, 2, 3], {
          "pos": [3, 16.4],
          "type": "hold",
          "id": 133,
          "distance": 18
        }
      ],
      [
        [4, 2, 3], {
          "pos": [4, 16.4],
          "type": "hold",
          "id": 114,
          "distance": 17
        }
      ],
      [
        [5, 2, 3], {
          "pos": [5, 16.4],
          "type": "hold",
          "id": 93,
          "distance": 16
        }
      ],
      [
        [6, 2, 3], {
          "pos": [6, 16.4],
          "type": "hold",
          "id": 73,
          "distance": 15
        }
      ],
      [
        [7, 2, 3], {
          "pos": [7, 16.4],
          "type": "hold",
          "id": 56,
          "distance": 14
        }
      ],
      [
        [8, 2, 3], {
          "pos": [8, 16.4],
          "type": "hold",
          "id": 79,
          "distance": 15
        }
      ],
      [
        [10, 2, 3], {
          "pos": [10, 16.4],
          "type": "hold",
          "id": 122,
          "distance": 17
        }
      ],
      [
        [11, 2, 3], {
          "pos": [11, 16.4],
          "type": "hold",
          "id": 145,
          "distance": 18
        }
      ],
      [
        [0, 3, 3], {
          "pos": [0, 17.4],
          "type": "hold",
          "id": 222,
          "distance": 24
        }
      ],
      [
        [3, 3, 3], {
          "pos": [3, 17.4],
          "type": "hold",
          "id": 159,
          "distance": 19
        }
      ],
      [
        [5, 3, 3], {
          "pos": [5, 17.4],
          "type": "hold",
          "id": 71,
          "distance": 15
        }
      ],
      [
        [6, 3, 3], {
          "pos": [6, 17.4],
          "type": "hold",
          "id": 54,
          "distance": 14
        }
      ],
      [
        [7, 3, 3], {
          "pos": [7, 17.4],
          "type": "ramp",
          "id": 42,
          "distance": 13
        }
      ],
      [
        [8, 3, 3], {
          "pos": [8, 17.4],
          "type": "hold",
          "id": 60,
          "distance": 14
        }
      ],
      [
        [9, 3, 3], {
          "pos": [9, 17.4],
          "type": "hold",
          "id": 81,
          "distance": 15
        }
      ],
      [
        [10, 3, 3], {
          "pos": [10, 17.4],
          "type": "hold",
          "id": 103,
          "distance": 16
        }
      ],
      [
        [1, 0, 4], {
          "pos": [1, 19.2],
          "type": "hold",
          "id": 195,
          "distance": 21
        }
      ],
      [
        [1, 1, 4], {
          "pos": [1, 20.2],
          "type": "hold",
          "id": 212,
          "distance": 22
        }
      ],
      [
        [2, 0, 4], {
          "pos": [2, 19.2],
          "type": "hold",
          "id": 177,
          "distance": 20
        }
      ],
      [
        [2, 1, 4], {
          "pos": [2, 20.2],
          "type": "hold",
          "id": 199,
          "distance": 21
        }
      ],
      [
        [3, 0, 4], {
          "pos": [3, 19.2],
          "type": "hold",
          "id": 156,
          "distance": 19
        }
      ],
      [
        [4, 0, 4], {
          "pos": [4, 19.2],
          "type": "hold",
          "id": 135,
          "distance": 18
        }
      ],
      [
        [4, 1, 4], {
          "pos": [4, 20.2],
          "type": "hold",
          "id": 161,
          "distance": 19
        }
      ],
      [
        [5, 0, 4], {
          "pos": [5, 19.2],
          "type": "hold",
          "id": 116,
          "distance": 17
        }
      ],
      [
        [6, 0, 4], {
          "pos": [6, 19.2],
          "type": "hold",
          "id": 95,
          "distance": 16
        }
      ],
      [
        [7, 0, 4], {
          "pos": [7, 19.2],
          "type": "ramp",
          "id": 75,
          "distance": 15
        }
      ],
      [
        [8, 0, 4], {
          "pos": [8, 19.2],
          "type": "hold",
          "id": 97,
          "distance": 16
        }
      ],
      [
        [9, 0, 4], {
          "pos": [9, 19.2],
          "type": "hold",
          "id": 119,
          "distance": 17
        }
      ],
      [
        [9, 1, 4], {
          "pos": [9, 20.2],
          "type": "hold",
          "id": 138,
          "distance": 18
        }
      ],
      [
        [10, 0, 4], {
          "pos": [10, 19.2],
          "type": "hold",
          "id": 139,
          "distance": 18
        }
      ],
      [
        [10, 1, 4], {
          "pos": [10, 20.2],
          "type": "hold",
          "id": 162,
          "distance": 19
        }
      ],
      [
        [11, 0, 4], {
          "pos": [11, 19.2],
          "type": "hold",
          "id": 164,
          "distance": 19
        }
      ],
      [
        [11, 1, 4], {
          "pos": [11, 20.2],
          "type": "hold",
          "id": 180,
          "distance": 20
        }
      ],
      [
        [12, 0, 4], {
          "pos": [12, 19.2],
          "type": "hold",
          "id": 183,
          "distance": 20
        }
      ],
      [
        [12, 1, 4], {
          "pos": [12, 20.2],
          "type": "hold",
          "id": 200,
          "distance": 21
        }
      ],
      [
        [13, 1, 4], {
          "pos": [13, 20.2],
          "type": "hold",
          "id": 214,
          "distance": 22
        }
      ],
      [
        [14, 1, 4], {
          "pos": [14, 20.2],
          "type": "hold",
          "id": 220,
          "distance": 23
        }
      ],
      [
        [0, 2, 4], {
          "pos": [0, 21.2],
          "type": "hold",
          "id": 211,
          "distance": 22
        }
      ],
      [
        [1, 2, 4], {
          "pos": [1, 21.2],
          "type": "hold",
          "id": 197,
          "distance": 21
        }
      ],
      [
        [2, 2, 4], {
          "pos": [2, 21.2],
          "type": "hold",
          "id": 179,
          "distance": 20
        }
      ],
      [
        [3, 2, 4], {
          "pos": [3, 21.2],
          "type": "hold",
          "id": 158,
          "distance": 19
        }
      ],
      [
        [4, 2, 4], {
          "pos": [4, 21.2],
          "type": "hold",
          "id": 137,
          "distance": 18
        }
      ],
      [
        [6, 2, 4], {
          "pos": [6, 21.2],
          "type": "hold",
          "id": 96,
          "distance": 16
        }
      ],
      [
        [7, 2, 4], {
          "pos": [7, 21.2],
          "type": "hold",
          "id": 76,
          "distance": 15
        }
      ],
      [
        [8, 2, 4], {
          "pos": [8, 21.2],
          "type": "hold",
          "id": 99,
          "distance": 16
        }
      ],
      [
        [10, 2, 4], {
          "pos": [10, 21.2],
          "type": "hold",
          "id": 142,
          "distance": 18
        }
      ],
      [
        [11, 2, 4], {
          "pos": [11, 21.2],
          "type": "hold",
          "id": 166,
          "distance": 19
        }
      ],
      [
        [12, 2, 4], {
          "pos": [12, 21.2],
          "type": "hold",
          "id": 186,
          "distance": 20
        }
      ],
      [
        [14, 2, 4], {
          "pos": [14, 21.2],
          "type": "hold",
          "id": 217,
          "distance": 22
        }
      ],
      [
        [0, 3, 4], {
          "pos": [0, 22.2],
          "type": "hold",
          "id": 194,
          "distance": 21
        }
      ],
      [
        [1, 3, 4], {
          "pos": [1, 22.2],
          "type": "hold",
          "id": 176,
          "distance": 20
        }
      ],
      [
        [2, 3, 4], {
          "pos": [2, 22.2],
          "type": "hold",
          "id": 155,
          "distance": 19
        }
      ],
      [
        [3, 3, 4], {
          "pos": [3, 22.2],
          "type": "hold",
          "id": 134,
          "distance": 18
        }
      ],
      [
        [4, 3, 4], {
          "pos": [4, 22.2],
          "type": "hold",
          "id": 115,
          "distance": 17
        }
      ],
      [
        [5, 3, 4], {
          "pos": [5, 22.2],
          "type": "hold",
          "id": 94,
          "distance": 16
        }
      ],
      [
        [6, 3, 4], {
          "pos": [6, 22.2],
          "type": "hold",
          "id": 74,
          "distance": 15
        }
      ],
      [
        [7, 3, 4], {
          "pos": [7, 22.2],
          "type": "ramp",
          "id": 57,
          "distance": 14
        }
      ],
      [
        [8, 3, 4], {
          "pos": [8, 22.2],
          "type": "hold",
          "id": 80,
          "distance": 15
        }
      ],
      [
        [9, 3, 4], {
          "pos": [9, 22.2],
          "type": "hold",
          "id": 102,
          "distance": 16
        }
      ],
      [
        [10, 3, 4], {
          "pos": [10, 22.2],
          "type": "hold",
          "id": 123,
          "distance": 17
        }
      ],
      [
        [11, 3, 4], {
          "pos": [11, 22.2],
          "type": "hold",
          "id": 146,
          "distance": 18
        }
      ],
      [
        [12, 3, 4], {
          "pos": [12, 22.2],
          "type": "hold",
          "id": 168,
          "distance": 19
        }
      ],
      [
        [13, 3, 4], {
          "pos": [13, 22.2],
          "type": "hold",
          "id": 189,
          "distance": 20
        }
      ],
      [
        [14, 3, 4], {
          "pos": [14, 22.2],
          "type": "hold",
          "id": 208,
          "distance": 21
        }
      ]
    ],
    "edges": [
      [
        [0, 0, 0],
        [0, 1, 0], {}
      ],
      [
        [0, 0, 0],
        [1, 0, 0], {}
      ],
      [
        [0, 1, 0],
        [0, 2, 0], {}
      ],
      [
        [0, 1, 0],
        [1, 1, 0], {}
      ],
      [
        [1, 0, 0],
        [1, 1, 0], {}
      ],
      [
        [1, 0, 0],
        [2, 0, 0], {}
      ],
      [
        [1, 1, 0],
        [1, 2, 0], {}
      ],
      [
        [1, 1, 0],
        [2, 1, 0], {}
      ],
      [
        [2, 0, 0],
        [2, 1, 0], {}
      ],
      [
        [2, 0, 0],
        [3, 0, 0], {}
      ],
      [
        [2, 1, 0],
        [2, 2, 0], {}
      ],
      [
        [5, 0, 0],
        [6, 0, 0], {}
      ],
      [
        [6, 0, 0],
        [6, 1, 0], {}
      ],
      [
        [6, 0, 0],
        [7, 0, 0], {}
      ],
      [
        [6, 1, 0],
        [6, 2, 0], {}
      ],
      [
        [6, 1, 0],
        [7, 1, 0], {}
      ],
      [
        [7, 0, 0],
        [7, 1, 0], {}
      ],
      [
        [7, 0, 0],
        [8, 0, 0], {}
      ],
      [
        [7, 0, 0],
        [7, 0, 1], {
          "ramp": true
        }
      ],
      [
        [7, 1, 0],
        [8, 1, 0], {}
      ],
      [
        [8, 0, 0],
        [8, 1, 0], {}
      ],
      [
        [8, 1, 0],
        [8, 2, 0], {}
      ],
      [
        [8, 1, 0],
        [9, 1, 0], {}
      ],
      [
        [9, 1, 0],
        [9, 2, 0], {}
      ],
      [
        [9, 1, 0],
        [10, 1, 0], {}
      ],
      [
        [10, 0, 0],
        [10, 1, 0], {}
      ],
      [
        [10, 0, 0],
        [11, 0, 0], {}
      ],
      [
        [10, 1, 0],
        [10, 2, 0], {}
      ],
      [
        [10, 1, 0],
        [11, 1, 0], {}
      ],
      [
        [11, 0, 0],
        [11, 1, 0], {}
      ],
      [
        [11, 0, 0],
        [12, 0, 0], {}
      ],
      [
        [12, 0, 0],
        [13, 0, 0], {}
      ],
      [
        [13, 0, 0],
        [13, 1, 0], {}
      ],
      [
        [13, 0, 0],
        [14, 0, 0], {}
      ],
      [
        [13, 1, 0],
        [13, 2, 0], {}
      ],
      [
        [0, 2, 0],
        [0, 3, 0], {}
      ],
      [
        [0, 2, 0],
        [1, 2, 0], {}
      ],
      [
        [1, 2, 0],
        [1, 3, 0], {}
      ],
      [
        [1, 2, 0],
        [2, 2, 0], {}
      ],
      [
        [2, 2, 0],
        [2, 3, 0], {}
      ],
      [
        [2, 2, 0],
        [3, 2, 0], {}
      ],
      [
        [3, 2, 0],
        [3, 3, 0], {}
      ],
      [
        [3, 2, 0],
        [4, 2, 0], {}
      ],
      [
        [4, 2, 0],
        [4, 3, 0], {}
      ],
      [
        [4, 2, 0],
        [5, 2, 0], {}
      ],
      [
        [5, 2, 0],
        [5, 3, 0], {}
      ],
      [
        [5, 2, 0],
        [6, 2, 0], {}
      ],
      [
        [6, 2, 0],
        [6, 3, 0], {}
      ],
      [
        [8, 2, 0],
        [9, 2, 0], {}
      ],
      [
        [9, 2, 0],
        [10, 2, 0], {}
      ],
      [
        [10, 2, 0],
        [10, 3, 0], {}
      ],
      [
        [12, 2, 0],
        [12, 3, 0], {}
      ],
      [
        [12, 2, 0],
        [13, 2, 0], {}
      ],
      [
        [13, 2, 0],
        [13, 3, 0], {}
      ],
      [
        [13, 2, 0],
        [14, 2, 0], {}
      ],
      [
        [14, 2, 0],
        [14, 3, 0], {}
      ],
      [
        [0, 3, 0],
        [1, 3, 0], {}
      ],
      [
        [1, 3, 0],
        [2, 3, 0], {}
      ],
      [
        [2, 3, 0],
        [3, 3, 0], {}
      ],
      [
        [3, 3, 0],
        [4, 3, 0], {}
      ],
      [
        [4, 3, 0],
        [5, 3, 0], {}
      ],
      [
        [5, 3, 0],
        [6, 3, 0], {}
      ],
      [
        [6, 3, 0],
        [7, 3, 0], {}
      ],
      [
        [7, 3, 0],
        [7, 3, 1], {
          "ramp": true
        }
      ],
      [
        [12, 3, 0],
        [13, 3, 0], {}
      ],
      [
        [13, 3, 0],
        [14, 3, 0], {}
      ],
      [
        [0, 0, 1],
        [0, 1, 1], {}
      ],
      [
        [0, 0, 1],
        [1, 0, 1], {}
      ],
      [
        [0, 1, 1],
        [0, 2, 1], {}
      ],
      [
        [0, 1, 1],
        [1, 1, 1], {}
      ],
      [
        [1, 0, 1],
        [1, 1, 1], {}
      ],
      [
        [1, 0, 1],
        [2, 0, 1], {}
      ],
      [
        [1, 1, 1],
        [1, 2, 1], {}
      ],
      [
        [1, 1, 1],
        [2, 1, 1], {}
      ],
      [
        [2, 0, 1],
        [2, 1, 1], {}
      ],
      [
        [2, 0, 1],
        [3, 0, 1], {}
      ],
      [
        [2, 1, 1],
        [2, 2, 1], {}
      ],
      [
        [2, 1, 1],
        [3, 1, 1], {}
      ],
      [
        [3, 0, 1],
        [3, 1, 1], {}
      ],
      [
        [3, 0, 1],
        [4, 0, 1], {}
      ],
      [
        [3, 1, 1],
        [3, 2, 1], {}
      ],
      [
        [5, 1, 1],
        [5, 2, 1], {}
      ],
      [
        [5, 1, 1],
        [6, 1, 1], {}
      ],
      [
        [6, 1, 1],
        [6, 2, 1], {}
      ],
      [
        [6, 1, 1],
        [7, 1, 1], {}
      ],
      [
        [7, 0, 1],
        [7, 1, 1], {}
      ],
      [
        [7, 0, 1],
        [8, 0, 1], {}
      ],
      [
        [7, 0, 1],
        [7, 0, 2], {
          "ramp": true
        }
      ],
      [
        [7, 1, 1],
        [7, 2, 1], {}
      ],
      [
        [7, 1, 1],
        [8, 1, 1], {}
      ],
      [
        [8, 0, 1],
        [8, 1, 1], {}
      ],
      [
        [8, 0, 1],
        [9, 0, 1], {}
      ],
      [
        [8, 1, 1],
        [8, 2, 1], {}
      ],
      [
        [12, 1, 1],
        [12, 2, 1], {}
      ],
      [
        [12, 1, 1],
        [13, 1, 1], {}
      ],
      [
        [13, 1, 1],
        [14, 1, 1], {}
      ],
      [
        [14, 0, 1],
        [14, 1, 1], {}
      ],
      [
        [0, 2, 1],
        [0, 3, 1], {}
      ],
      [
        [0, 2, 1],
        [1, 2, 1], {}
      ],
      [
        [1, 2, 1],
        [1, 3, 1], {}
      ],
      [
        [1, 2, 1],
        [2, 2, 1], {}
      ],
      [
        [2, 2, 1],
        [2, 3, 1], {}
      ],
      [
        [2, 2, 1],
        [3, 2, 1], {}
      ],
      [
        [3, 2, 1],
        [3, 3, 1], {}
      ],
      [
        [3, 2, 1],
        [4, 2, 1], {}
      ],
      [
        [4, 2, 1],
        [4, 3, 1], {}
      ],
      [
        [4, 2, 1],
        [5, 2, 1], {}
      ],
      [
        [5, 2, 1],
        [6, 2, 1], {}
      ],
      [
        [6, 2, 1],
        [6, 3, 1], {}
      ],
      [
        [6, 2, 1],
        [7, 2, 1], {}
      ],
      [
        [7, 2, 1],
        [7, 3, 1], {}
      ],
      [
        [7, 2, 1],
        [8, 2, 1], {}
      ],
      [
        [8, 2, 1],
        [8, 3, 1], {}
      ],
      [
        [8, 2, 1],
        [9, 2, 1], {}
      ],
      [
        [9, 2, 1],
        [9, 3, 1], {}
      ],
      [
        [9, 2, 1],
        [10, 2, 1], {}
      ],
      [
        [10, 2, 1],
        [10, 3, 1], {}
      ],
      [
        [10, 2, 1],
        [11, 2, 1], {}
      ],
      [
        [11, 2, 1],
        [11, 3, 1], {}
      ],
      [
        [11, 2, 1],
        [12, 2, 1], {}
      ],
      [
        [0, 3, 1],
        [1, 3, 1], {}
      ],
      [
        [1, 3, 1],
        [2, 3, 1], {}
      ],
      [
        [2, 3, 1],
        [3, 3, 1], {}
      ],
      [
        [3, 3, 1],
        [4, 3, 1], {}
      ],
      [
        [6, 3, 1],
        [7, 3, 1], {}
      ],
      [
        [7, 3, 1],
        [8, 3, 1], {}
      ],
      [
        [7, 3, 1],
        [7, 3, 2], {
          "ramp": true
        }
      ],
      [
        [8, 3, 1],
        [9, 3, 1], {}
      ],
      [
        [9, 3, 1],
        [10, 3, 1], {}
      ],
      [
        [10, 3, 1],
        [11, 3, 1], {}
      ],
      [
        [0, 0, 2],
        [0, 1, 2], {}
      ],
      [
        [0, 1, 2],
        [0, 2, 2], {}
      ],
      [
        [0, 1, 2],
        [1, 1, 2], {}
      ],
      [
        [1, 1, 2],
        [1, 2, 2], {}
      ],
      [
        [3, 0, 2],
        [3, 1, 2], {}
      ],
      [
        [3, 0, 2],
        [4, 0, 2], {}
      ],
      [
        [3, 1, 2],
        [3, 2, 2], {}
      ],
      [
        [3, 1, 2],
        [4, 1, 2], {}
      ],
      [
        [4, 0, 2],
        [4, 1, 2], {}
      ],
      [
        [4, 0, 2],
        [5, 0, 2], {}
      ],
      [
        [4, 1, 2],
        [4, 2, 2], {}
      ],
      [
        [4, 1, 2],
        [5, 1, 2], {}
      ],
      [
        [5, 0, 2],
        [5, 1, 2], {}
      ],
      [
        [5, 0, 2],
        [6, 0, 2], {}
      ],
      [
        [6, 0, 2],
        [7, 0, 2], {}
      ],
      [
        [7, 0, 2],
        [7, 0, 3], {
          "ramp": true
        }
      ],
      [
        [8, 1, 2],
        [8, 2, 2], {}
      ],
      [
        [8, 1, 2],
        [9, 1, 2], {}
      ],
      [
        [9, 0, 2],
        [9, 1, 2], {}
      ],
      [
        [9, 1, 2],
        [10, 1, 2], {}
      ],
      [
        [10, 1, 2],
        [10, 2, 2], {}
      ],
      [
        [10, 1, 2],
        [11, 1, 2], {}
      ],
      [
        [11, 0, 2],
        [11, 1, 2], {}
      ],
      [
        [11, 0, 2],
        [12, 0, 2], {}
      ],
      [
        [11, 1, 2],
        [11, 2, 2], {}
      ],
      [
        [12, 0, 2],
        [13, 0, 2], {}
      ],
      [
        [13, 0, 2],
        [13, 1, 2], {}
      ],
      [
        [13, 0, 2],
        [14, 0, 2], {}
      ],
      [
        [13, 1, 2],
        [13, 2, 2], {}
      ],
      [
        [0, 2, 2],
        [1, 2, 2], {}
      ],
      [
        [1, 2, 2],
        [1, 3, 2], {}
      ],
      [
        [1, 2, 2],
        [2, 2, 2], {}
      ],
      [
        [2, 2, 2],
        [2, 3, 2], {}
      ],
      [
        [2, 2, 2],
        [3, 2, 2], {}
      ],
      [
        [3, 2, 2],
        [3, 3, 2], {}
      ],
      [
        [3, 2, 2],
        [4, 2, 2], {}
      ],
      [
        [4, 2, 2],
        [4, 3, 2], {}
      ],
      [
        [6, 2, 2],
        [6, 3, 2], {}
      ],
      [
        [6, 2, 2],
        [7, 2, 2], {}
      ],
      [
        [7, 2, 2],
        [7, 3, 2], {}
      ],
      [
        [7, 2, 2],
        [8, 2, 2], {}
      ],
      [
        [8, 2, 2],
        [8, 3, 2], {}
      ],
      [
        [10, 2, 2],
        [11, 2, 2], {}
      ],
      [
        [11, 2, 2],
        [11, 3, 2], {}
      ],
      [
        [11, 2, 2],
        [12, 2, 2], {}
      ],
      [
        [12, 2, 2],
        [12, 3, 2], {}
      ],
      [
        [12, 2, 2],
        [13, 2, 2], {}
      ],
      [
        [13, 2, 2],
        [13, 3, 2], {}
      ],
      [
        [1, 3, 2],
        [2, 3, 2], {}
      ],
      [
        [2, 3, 2],
        [3, 3, 2], {}
      ],
      [
        [3, 3, 2],
        [4, 3, 2], {}
      ],
      [
        [4, 3, 2],
        [5, 3, 2], {}
      ],
      [
        [5, 3, 2],
        [6, 3, 2], {}
      ],
      [
        [6, 3, 2],
        [7, 3, 2], {}
      ],
      [
        [7, 3, 2],
        [8, 3, 2], {}
      ],
      [
        [7, 3, 2],
        [7, 3, 3], {
          "ramp": true
        }
      ],
      [
        [11, 3, 2],
        [12, 3, 2], {}
      ],
      [
        [12, 3, 2],
        [13, 3, 2], {}
      ],
      [
        [13, 3, 2],
        [14, 3, 2], {}
      ],
      [
        [0, 0, 3],
        [0, 1, 3], {}
      ],
      [
        [0, 1, 3],
        [0, 2, 3], {}
      ],
      [
        [0, 1, 3],
        [1, 1, 3], {}
      ],
      [
        [1, 1, 3],
        [2, 1, 3], {}
      ],
      [
        [2, 0, 3],
        [2, 1, 3], {}
      ],
      [
        [2, 1, 3],
        [3, 1, 3], {}
      ],
      [
        [3, 1, 3],
        [3, 2, 3], {}
      ],
      [
        [3, 1, 3],
        [4, 1, 3], {}
      ],
      [
        [4, 0, 3],
        [4, 1, 3], {}
      ],
      [
        [4, 0, 3],
        [5, 0, 3], {}
      ],
      [
        [4, 1, 3],
        [4, 2, 3], {}
      ],
      [
        [4, 1, 3],
        [5, 1, 3], {}
      ],
      [
        [5, 0, 3],
        [5, 1, 3], {}
      ],
      [
        [5, 0, 3],
        [6, 0, 3], {}
      ],
      [
        [5, 1, 3],
        [5, 2, 3], {}
      ],
      [
        [6, 0, 3],
        [7, 0, 3], {}
      ],
      [
        [7, 0, 3],
        [8, 0, 3], {}
      ],
      [
        [7, 0, 3],
        [7, 0, 4], {
          "ramp": true
        }
      ],
      [
        [8, 0, 3],
        [8, 1, 3], {}
      ],
      [
        [8, 0, 3],
        [9, 0, 3], {}
      ],
      [
        [8, 1, 3],
        [8, 2, 3], {}
      ],
      [
        [9, 0, 3],
        [10, 0, 3], {}
      ],
      [
        [10, 0, 3],
        [10, 1, 3], {}
      ],
      [
        [10, 0, 3],
        [11, 0, 3], {}
      ],
      [
        [10, 1, 3],
        [10, 2, 3], {}
      ],
      [
        [11, 0, 3],
        [12, 0, 3], {}
      ],
      [
        [12, 0, 3],
        [13, 0, 3], {}
      ],
      [
        [13, 0, 3],
        [13, 1, 3], {}
      ],
      [
        [0, 2, 3],
        [0, 3, 3], {}
      ],
      [
        [3, 2, 3],
        [3, 3, 3], {}
      ],
      [
        [3, 2, 3],
        [4, 2, 3], {}
      ],
      [
        [4, 2, 3],
        [5, 2, 3], {}
      ],
      [
        [5, 2, 3],
        [5, 3, 3], {}
      ],
      [
        [5, 2, 3],
        [6, 2, 3], {}
      ],
      [
        [6, 2, 3],
        [6, 3, 3], {}
      ],
      [
        [6, 2, 3],
        [7, 2, 3], {}
      ],
      [
        [7, 2, 3],
        [7, 3, 3], {}
      ],
      [
        [7, 2, 3],
        [8, 2, 3], {}
      ],
      [
        [8, 2, 3],
        [8, 3, 3], {}
      ],
      [
        [10, 2, 3],
        [10, 3, 3], {}
      ],
      [
        [10, 2, 3],
        [11, 2, 3], {}
      ],
      [
        [5, 3, 3],
        [6, 3, 3], {}
      ],
      [
        [6, 3, 3],
        [7, 3, 3], {}
      ],
      [
        [7, 3, 3],
        [8, 3, 3], {}
      ],
      [
        [7, 3, 3],
        [7, 3, 4], {
          "ramp": true
        }
      ],
      [
        [8, 3, 3],
        [9, 3, 3], {}
      ],
      [
        [9, 3, 3],
        [10, 3, 3], {}
      ],
      [
        [1, 0, 4],
        [1, 1, 4], {}
      ],
      [
        [1, 0, 4],
        [2, 0, 4], {}
      ],
      [
        [1, 1, 4],
        [1, 2, 4], {}
      ],
      [
        [1, 1, 4],
        [2, 1, 4], {}
      ],
      [
        [2, 0, 4],
        [2, 1, 4], {}
      ],
      [
        [2, 0, 4],
        [3, 0, 4], {}
      ],
      [
        [2, 1, 4],
        [2, 2, 4], {}
      ],
      [
        [3, 0, 4],
        [4, 0, 4], {}
      ],
      [
        [4, 0, 4],
        [4, 1, 4], {}
      ],
      [
        [4, 0, 4],
        [5, 0, 4], {}
      ],
      [
        [4, 1, 4],
        [4, 2, 4], {}
      ],
      [
        [5, 0, 4],
        [6, 0, 4], {}
      ],
      [
        [6, 0, 4],
        [7, 0, 4], {}
      ],
      [
        [7, 0, 4],
        [8, 0, 4], {}
      ],
      [
        [8, 0, 4],
        [9, 0, 4], {}
      ],
      [
        [9, 0, 4],
        [9, 1, 4], {}
      ],
      [
        [9, 0, 4],
        [10, 0, 4], {}
      ],
      [
        [9, 1, 4],
        [10, 1, 4], {}
      ],
      [
        [10, 0, 4],
        [10, 1, 4], {}
      ],
      [
        [10, 0, 4],
        [11, 0, 4], {}
      ],
      [
        [10, 1, 4],
        [10, 2, 4], {}
      ],
      [
        [10, 1, 4],
        [11, 1, 4], {}
      ],
      [
        [11, 0, 4],
        [11, 1, 4], {}
      ],
      [
        [11, 0, 4],
        [12, 0, 4], {}
      ],
      [
        [11, 1, 4],
        [11, 2, 4], {}
      ],
      [
        [11, 1, 4],
        [12, 1, 4], {}
      ],
      [
        [12, 0, 4],
        [12, 1, 4], {}
      ],
      [
        [12, 1, 4],
        [12, 2, 4], {}
      ],
      [
        [12, 1, 4],
        [13, 1, 4], {}
      ],
      [
        [13, 1, 4],
        [14, 1, 4], {}
      ],
      [
        [14, 1, 4],
        [14, 2, 4], {}
      ],
      [
        [0, 2, 4],
        [0, 3, 4], {}
      ],
      [
        [0, 2, 4],
        [1, 2, 4], {}
      ],
      [
        [1, 2, 4],
        [1, 3, 4], {}
      ],
      [
        [1, 2, 4],
        [2, 2, 4], {}
      ],
      [
        [2, 2, 4],
        [2, 3, 4], {}
      ],
      [
        [2, 2, 4],
        [3, 2, 4], {}
      ],
      [
        [3, 2, 4],
        [3, 3, 4], {}
      ],
      [
        [3, 2, 4],
        [4, 2, 4], {}
      ],
      [
        [4, 2, 4],
        [4, 3, 4], {}
      ],
      [
        [6, 2, 4],
        [6, 3, 4], {}
      ],
      [
        [6, 2, 4],
        [7, 2, 4], {}
      ],
      [
        [7, 2, 4],
        [7, 3, 4], {}
      ],
      [
        [7, 2, 4],
        [8, 2, 4], {}
      ],
      [
        [8, 2, 4],
        [8, 3, 4], {}
      ],
      [
        [10, 2, 4],
        [10, 3, 4], {}
      ],
      [
        [10, 2, 4],
        [11, 2, 4], {}
      ],
      [
        [11, 2, 4],
        [11, 3, 4], {}
      ],
      [
        [11, 2, 4],
        [12, 2, 4], {}
      ],
      [
        [12, 2, 4],
        [12, 3, 4], {}
      ],
      [
        [14, 2, 4],
        [14, 3, 4], {}
      ],
      [
        [0, 3, 4],
        [1, 3, 4], {}
      ],
      [
        [1, 3, 4],
        [2, 3, 4], {}
      ],
      [
        [2, 3, 4],
        [3, 3, 4], {}
      ],
      [
        [3, 3, 4],
        [4, 3, 4], {}
      ],
      [
        [4, 3, 4],
        [5, 3, 4], {}
      ],
      [
        [5, 3, 4],
        [6, 3, 4], {}
      ],
      [
        [6, 3, 4],
        [7, 3, 4], {}
      ],
      [
        [7, 3, 4],
        [8, 3, 4], {}
      ],
      [
        [8, 3, 4],
        [9, 3, 4], {}
      ],
      [
        [9, 3, 4],
        [10, 3, 4], {}
      ],
      [
        [10, 3, 4],
        [11, 3, 4], {}
      ],
      [
        [11, 3, 4],
        [12, 3, 4], {}
      ],
      [
        [12, 3, 4],
        [13, 3, 4], {}
      ],
      [
        [13, 3, 4],
        [14, 3, 4], {}
      ]
    ]
  }
}