{
  "N": 206,
  "E": [
    [0, 1],
    [1, 2],
    [1, 3],
    [3, 5],
    [3, 6],
    [8, 6],
    [8, 12],
    [6, 9],
    [6, 10],
    [12, 10],
    [12, 16],
    [10, 13],
    [10, 14],
    [16, 14],
    [16, 20],
    [14, 17],
    [14, 18],
    [20, 18],
    [20, 23],
    [18, 21],
    [23, 26],
    [26, 29],
    [26, 28],
    [29, 27],
    [29, 37],
    [37, 31],
    [37, 49],
    [62, 49],
    [62, 80],
    [49, 39],
    [80, 104],
    [104, 126],
    [2, 4],
    [2, 5],
    [5, 7],
    [5, 9],
    [9, 11],
    [9, 13],
    [13, 15],
    [13, 17],
    [17, 19],
    [17, 21],
    [21, 22],
    [21, 24],
    [24, 25],
    [24, 27],
    [27, 30],
    [27, 31],
    [31, 38],
    [31, 39],
    [4, 7],
    [7, 11],
    [11, 15],
    [15, 19],
    [19, 22],
    [22, 25],
    [25, 30],
    [30, 38],
    [30, 35],
    [150, 169],
    [150, 129],
    [151, 129],
    [151, 131],
    [129, 153],
    [129, 108],
    [131, 108],
    [108, 133],
    [108, 83],
    [83, 66],
    [85, 66],
    [66, 87],
    [66, 51],
    [51, 41],
    [32, 41],
    [32, 28],
    [41, 55],
    [41, 34],
    [28, 34],
    [28, 36],
    [28, 33],
    [34, 44],
    [34, 46],
    [36, 46],
    [36, 48],
    [46, 60],
    [46, 63],
    [48, 63],
    [48, 65],
    [63, 78],
    [65, 82],
    [82, 105],
    [82, 107],
    [105, 124],
    [107, 128],
    [128, 147],
    [128, 149],
    [147, 165],
    [147, 167],
    [149, 167],
    [167, 182],
    [169, 153],
    [153, 130],
    [153, 133],
    [133, 109],
    [87, 67],
    [55, 42],
    [55, 44],
    [44, 35],
    [44, 60],
    [60, 47],
    [60, 78],
    [78, 64],
    [78, 102],
    [102, 81],
    [102, 124],
    [124, 106],
    [165, 148],
    [165, 182],
    [182, 168],
    [130, 109],
    [109, 84],
    [84, 67],
    [67, 52],
    [52, 42],
    [42, 35],
    [35, 47],
    [35, 45],
    [47, 64],
    [64, 81],
    [81, 106],
    [106, 127],
    [127, 148],
    [148, 168],
    [201, 194],
    [194, 184],
    [194, 186],
    [186, 171],
    [186, 173],
    [189, 173],
    [189, 199],
    [173, 156],
    [173, 192],
    [199, 192],
    [50, 40],
    [40, 54],
    [40, 33],
    [33, 43],
    [96, 77],
    [96, 120],
    [141, 120],
    [141, 162],
    [120, 101],
    [120, 143],
    [162, 143],
    [162, 178],
    [143, 163],
    [178, 163],
    [163, 180],
    [205, 204],
    [204, 200],
    [200, 193],
    [184, 171],
    [171, 154],
    [171, 156],
    [156, 134],
    [113, 88],
    [113, 90],
    [90, 69],
    [77, 61],
    [77, 101],
    [101, 79],
    [181, 166],
    [181, 193],
    [154, 134],
    [134, 111],
    [111, 88],
    [88, 69],
    [69, 56],
    [56, 45],
    [45, 61],
    [45, 59],
    [61, 79],
    [79, 103],
    [103, 125],
    [125, 146],
    [146, 166],
    [183, 196],
    [183, 170],
    [152, 170],
    [152, 132],
    [170, 155],
    [132, 155],
    [132, 110],
    [155, 175],
    [155, 135],
    [110, 135],
    [110, 86],
    [135, 159],
    [135, 112],
    [86, 112],
    [86, 68],
    [112, 138],
    [112, 89],
    [68, 89],
    [68, 53],
    [89, 116],
    [89, 71],
    [53, 71],
    [53, 43],
    [71, 93],
    [71, 58],
    [43, 58],
    [43, 57],
    [58, 74],
    [196, 185],
    [175, 157],
    [175, 159],
    [159, 136],
    [159, 138],
    [138, 114],
    [138, 116],
    [116, 91],
    [116, 93],
    [93, 72],
    [93, 74],
    [74, 59],
    [74, 98],
    [98, 122],
    [185, 172],
    [172, 157],
    [157, 136],
    [136, 114],
    [114, 91],
    [91, 72],
    [72, 59],
    [59, 75],
    [202, 195],
    [202, 198],
    [195, 203],
    [195, 187],
    [198, 187],
    [198, 190],
    [187, 174],
    [190, 174],
    [190, 177],
    [174, 191],
    [174, 158],
    [177, 158],
    [177, 161],
    [158, 137],
    [161, 137],
    [137, 115],
    [115, 140],
    [115, 92],
    [70, 92],
    [70, 57],
    [92, 118],
    [92, 73],
    [57, 73],
    [57, 76],
    [73, 95],
    [73, 97],
    [76, 97],
    [76, 100],
    [97, 119],
    [97, 121],
    [100, 121],
    [121, 142],
    [121, 144],
    [203, 197],
    [191, 176],
    [140, 117],
    [140, 118],
    [118, 94],
    [118, 95],
    [95, 75],
    [95, 119],
    [119, 99],
    [119, 142],
    [142, 123],
    [179, 164],
    [197, 188],
    [188, 176],
    [176, 160],
    [160, 139],
    [139, 117],
    [117, 94],
    [94, 75],
    [75, 99],
    [99, 123],
    [123, 145],
    [145, 164]
  ],
  "P": 10,
  "K": [
    [
      [0, 2], 11
    ],
    [
      [0, 3], 35
    ],
    [
      [0, 4], 1
    ],
    [
      [0, 5], 1
    ],
    [
      [0, 7], 58
    ],
    [
      [0, 9], 15
    ],
    [
      [1, 2], 10
    ],
    [
      [1, 3], 19
    ],
    [
      [1, 5], 31
    ],
    [
      [2, 3], 15
    ],
    [
      [2, 8], 9
    ],
    [
      [3, 4], 5
    ],
    [
      [3, 9], 6
    ],
    [
      [4, 5], 28
    ],
    [
      [4, 7], 18
    ],
    [
      [4, 8], 28
    ],
    [
      [5, 8], 11
    ],
    [
      [6, 7], 1
    ],
    [
      [6, 9], 12
    ],
    [
      [7, 8], 47
    ],
    [
      [8, 9], 29
    ]
  ],
  "F": 200,
  "LB": 163146,
  "grid_graph": {
    "nodes": [
      [
        [0, 0, 0], {
          "pos": [0, 0.0],
          "type": "gate",
          "id": 0,
          "distance": 0
        }
      ],
      [
        [0, 1, 0], {
          "pos": [0, 1.0],
          "type": "hold",
          "id": 1,
          "distance": 1
        }
      ],
      [
        [1, 1, 0], {
          "pos": [1, 1.0],
          "type": "hold",
          "id": 3,
          "distance": 2
        }
      ],
      [
        [2, 0, 0], {
          "pos": [2, 0.0],
          "type": "hold",
          "id": 8,
          "distance": 4
        }
      ],
      [
        [2, 1, 0], {
          "pos": [2, 1.0],
          "type": "hold",
          "id": 6,
          "distance": 3
        }
      ],
      [
        [3, 0, 0], {
          "pos": [3, 0.0],
          "type": "hold",
          "id": 12,
          "distance": 5
        }
      ],
      [
        [3, 1, 0], {
          "pos": [3, 1.0],
          "type": "hold",
          "id": 10,
          "distance": 4
        }
      ],
      [
        [4, 0, 0], {
          "pos": [4, 0.0],
          "type": "hold",
          "id": 16,
          "distance": 6
        }
      ],
      [
        [4, 1, 0], {
          "pos": [4, 1.0],
          "type": "hold",
          "id": 14,
          "distance": 5
        }
      ],
      [
        [5, 0, 0], {
          "pos": [5, 0.0],
          "type": "hold",
          "id": 20,
          "distance": 7
        }
      ],
      [
        [5, 1, 0], {
          "pos": [5, 1.0],
          "type": "hold",
          "id": 18,
          "distance": 6
        }
      ],
      [
        [6, 0, 0], {
          "pos": [6, 0.0],
          "type": "hold",
          "id": 23,
          "distance": 8
        }
      ],
      [
        [7, 0, 0], {
          "pos": [7, 0.0],
          "type": "ramp",
          "id": 26,
          "distance": 9
        }
      ],
      [
        [7, 1, 0], {
          "pos": [7, 1.0],
          "type": "hold",
          "id": 29,
          "distance": 10
        }
      ],
      [
        [8, 1, 0], {
          "pos": [8, 1.0],
          "type": "hold",
          "id": 37,
          "distance": 11
        }
      ],
      [
        [9, 0, 0], {
          "pos": [9, 0.0],
          "type": "hold",
          "id": 62,
          "distance": 13
        }
      ],
      [
        [9, 1, 0], {
          "pos": [9, 1.0],
          "type": "hold",
          "id": 49,
          "distance": 12
        }
      ],
      [
        [10, 0, 0], {
          "pos": [10, 0.0],
          "type": "hold",
          "id": 80,
          "distance": 14
        }
      ],
      [
        [11, 0, 0], {
          "pos": [11, 0.0],
          "type": "hold",
          "id": 104,
          "distance": 15
        }
      ],
      [
        [12, 0, 0], {
          "pos": [12, 0.0],
          "type": "hold",
          "id": 126,
          "distance": 16
        }
      ],
      [
        [0, 2, 0], {
          "pos": [0, 2.0],
          "type": "hold",
          "id": 2,
          "distance": 2
        }
      ],
      [
        [1, 2, 0], {
          "pos": [1, 2.0],
          "type": "hold",
          "id": 5,
          "distance": 3
        }
      ],
      [
        [2, 2, 0], {
          "pos": [2, 2.0],
          "type": "hold",
          "id": 9,
          "distance": 4
        }
      ],
      [
        [3, 2, 0], {
          "pos": [3, 2.0],
          "type": "hold",
          "id": 13,
          "distance": 5
        }
      ],
      [
        [4, 2, 0], {
          "pos": [4, 2.0],
          "type": "hold",
          "id": 17,
          "distance": 6
        }
      ],
      [
        [5, 2, 0], {
          "pos": [5, 2.0],
          "type": "hold",
          "id": 21,
          "distance": 7
        }
      ],
      [
        [6, 2, 0], {
          "pos": [6, 2.0],
          "type": "hold",
          "id": 24,
          "distance": 8
        }
      ],
      [
        [7, 2, 0], {
          "pos": [7, 2.0],
          "type": "hold",
          "id": 27,
          "distance": 9
        }
      ],
      [
        [8, 2, 0], {
          "pos": [8, 2.0],
          "type": "hold",
          "id": 31,
          "distance": 10
        }
      ],
      [
        [9, 2, 0], {
          "pos": [9, 2.0],
          "type": "hold",
          "id": 39,
          "distance": 11
        }
      ],
      [
        [0, 3, 0], {
          "pos": [0, 3.0],
          "type": "hold",
          "id": 4,
          "distance": 3
        }
      ],
      [
        [1, 3, 0], {
          "pos": [1, 3.0],
          "type": "hold",
          "id": 7,
          "distance": 4
        }
      ],
      [
        [2, 3, 0], {
          "pos": [2, 3.0],
          "type": "hold",
          "id": 11,
          "distance": 5
        }
      ],
      [
        [3, 3, 0], {
          "pos": [3, 3.0],
          "type": "hold",
          "id": 15,
          "distance": 6
        }
      ],
      [
        [4, 3, 0], {
          "pos": [4, 3.0],
          "type": "hold",
          "id": 19,
          "distance": 7
        }
      ],
      [
        [5, 3, 0], {
          "pos": [5, 3.0],
          "type": "hold",
          "id": 22,
          "distance": 8
        }
      ],
      [
        [6, 3, 0], {
          "pos": [6, 3.0],
          "type": "hold",
          "id": 25,
          "distance": 9
        }
      ],
      [
        [7, 3, 0], {
          "pos": [7, 3.0],
          "type": "ramp",
          "id": 30,
          "distance": 10
        }
      ],
      [
        [8, 3, 0], {
          "pos": [8, 3.0],
          "type": "hold",
          "id": 38,
          "distance": 11
        }
      ],
      [
        [0, 1, 1], {
          "pos": [0, 5.8],
          "type": "hold",
          "id": 150,
          "distance": 18
        }
      ],
      [
        [1, 0, 1], {
          "pos": [1, 4.8],
          "type": "hold",
          "id": 151,
          "distance": 18
        }
      ],
      [
        [1, 1, 1], {
          "pos": [1, 5.8],
          "type": "hold",
          "id": 129,
          "distance": 17
        }
      ],
      [
        [2, 0, 1], {
          "pos": [2, 4.8],
          "type": "hold",
          "id": 131,
          "distance": 17
        }
      ],
      [
        [2, 1, 1], {
          "pos": [2, 5.8],
          "type": "hold",
          "id": 108,
          "distance": 16
        }
      ],
      [
        [3, 1, 1], {
          "pos": [3, 5.8],
          "type": "hold",
          "id": 83,
          "distance": 15
        }
      ],
      [
        [4, 0, 1], {
          "pos": [4, 4.8],
          "type": "hold",
          "id": 85,
          "distance": 15
        }
      ],
      [
        [4, 1, 1], {
          "pos": [4, 5.8],
          "type": "hold",
          "id": 66,
          "distance": 14
        }
      ],
      [
        [5, 1, 1], {
          "pos": [5, 5.8],
          "type": "hold",
          "id": 51,
          "distance": 13
        }
      ],
      [
        [6, 0, 1], {
          "pos": [6, 4.8],
          "type": "hold",
          "id": 32,
          "distance": 11
        }
      ],
      [
        [6, 1, 1], {
          "pos": [6, 5.8],
          "type": "hold",
          "id": 41,
          "distance": 12
        }
      ],
      [
        [7, 0, 1], {
          "pos": [7, 4.8],
          "type": "ramp",
          "id": 28,
          "distance": 10
        }
      ],
      [
        [7, 1, 1], {
          "pos": [7, 5.8],
          "type": "hold",
          "id": 34,
          "distance": 11
        }
      ],
      [
        [8, 0, 1], {
          "pos": [8, 4.8],
          "type": "hold",
          "id": 36,
          "distance": 11
        }
      ],
      [
        [8, 1, 1], {
          "pos": [8, 5.8],
          "type": "hold",
          "id": 46,
          "distance": 12
        }
      ],
      [
        [9, 0, 1], {
          "pos": [9, 4.8],
          "type": "hold",
          "id": 48,
          "distance": 12
        }
      ],
      [
        [9, 1, 1], {
          "pos": [9, 5.8],
          "type": "hold",
          "id": 63,
          "distance": 13
        }
      ],
      [
        [10, 0, 1], {
          "pos": [10, 4.8],
          "type": "hold",
          "id": 65,
          "distance": 13
        }
      ],
      [
        [11, 0, 1], {
          "pos": [11, 4.8],
          "type": "hold",
          "id": 82,
          "distance": 14
        }
      ],
      [
        [11, 1, 1], {
          "pos": [11, 5.8],
          "type": "hold",
          "id": 105,
          "distance": 15
        }
      ],
      [
        [12, 0, 1], {
          "pos": [12, 4.8],
          "type": "hold",
          "id": 107,
          "distance": 15
        }
      ],
      [
        [13, 0, 1], {
          "pos": [13, 4.8],
          "type": "hold",
          "id": 128,
          "distance": 16
        }
      ],
      [
        [13, 1, 1], {
          "pos": [13, 5.8],
          "type": "hold",
          "id": 147,
          "distance": 17
        }
      ],
      [
        [14, 0, 1], {
          "pos": [14, 4.8],
          "type": "hold",
          "id": 149,
          "distance": 17
        }
      ],
      [
        [14, 1, 1], {
          "pos": [14, 5.8],
          "type": "hold",
          "id": 167,
          "distance": 18
        }
      ],
      [
        [0, 2, 1], {
          "pos": [0, 6.8],
          "type": "hold",
          "id": 169,
          "distance": 19
        }
      ],
      [
        [1, 2, 1], {
          "pos": [1, 6.8],
          "type": "hold",
          "id": 153,
          "distance": 18
        }
      ],
      [
        [2, 2, 1], {
          "pos": [2, 6.8],
          "type": "hold",
          "id": 133,
          "distance": 17
        }
      ],
      [
        [4, 2, 1], {
          "pos": [4, 6.8],
          "type": "hold",
          "id": 87,
          "distance": 15
        }
      ],
      [
        [6, 2, 1], {
          "pos": [6, 6.8],
          "type": "hold",
          "id": 55,
          "distance": 13
        }
      ],
      [
        [7, 2, 1], {
          "pos": [7, 6.8],
          "type": "hold",
          "id": 44,
          "distance": 12
        }
      ],
      [
        [8, 2, 1], {
          "pos": [8, 6.8],
          "type": "hold",
          "id": 60,
          "distance": 13
        }
      ],
      [
        [9, 2, 1], {
          "pos": [9, 6.8],
          "type": "hold",
          "id": 78,
          "distance": 14
        }
      ],
      [
        [10, 2, 1], {
          "pos": [10, 6.8],
          "type": "hold",
          "id": 102,
          "distance": 15
        }
      ],
      [
        [11, 2, 1], {
          "pos": [11, 6.8],
          "type": "hold",
          "id": 124,
          "distance": 16
        }
      ],
      [
        [13, 2, 1], {
          "pos": [13, 6.8],
          "type": "hold",
          "id": 165,
          "distance": 18
        }
      ],
      [
        [14, 2, 1], {
          "pos": [14, 6.8],
          "type": "hold",
          "id": 182,
          "distance": 19
        }
      ],
      [
        [1, 3, 1], {
          "pos": [1, 7.8],
          "type": "hold",
          "id": 130,
          "distance": 17
        }
      ],
      [
        [2, 3, 1], {
          "pos": [2, 7.8],
          "type": "hold",
          "id": 109,
          "distance": 16
        }
      ],
      [
        [3, 3, 1], {
          "pos": [3, 7.8],
          "type": "hold",
          "id": 84,
          "distance": 15
        }
      ],
      [
        [4, 3, 1], {
          "pos": [4, 7.8],
          "type": "hold",
          "id": 67,
          "distance": 14
        }
      ],
      [
        [5, 3, 1], {
          "pos": [5, 7.8],
          "type": "hold",
          "id": 52,
          "distance": 13
        }
      ],
      [
        [6, 3, 1], {
          "pos": [6, 7.8],
          "type": "hold",
          "id": 42,
          "distance": 12
        }
      ],
      [
        [7, 3, 1], {
          "pos": [7, 7.8],
          "type": "ramp",
          "id": 35,
          "distance": 11
        }
      ],
      [
        [8, 3, 1], {
          "pos": [8, 7.8],
          "type": "hold",
          "id": 47,
          "distance": 12
        }
      ],
      [
        [9, 3, 1], {
          "pos": [9, 7.8],
          "type": "hold",
          "id": 64,
          "distance": 13
        }
      ],
      [
        [10, 3, 1], {
          "pos": [10, 7.8],
          "type": "hold",
          "id": 81,
          "distance": 14
        }
      ],
      [
        [11, 3, 1], {
          "pos": [11, 7.8],
          "type": "hold",
          "id": 106,
          "distance": 15
        }
      ],
      [
        [12, 3, 1], {
          "pos": [12, 7.8],
          "type": "hold",
          "id": 127,
          "distance": 16
        }
      ],
      [
        [13, 3, 1], {
          "pos": [13, 7.8],
          "type": "hold",
          "id": 148,
          "distance": 17
        }
      ],
      [
        [14, 3, 1], {
          "pos": [14, 7.8],
          "type": "hold",
          "id": 168,
          "distance": 18
        }
      ],
      [
        [0, 0, 2], {
          "pos": [0, 9.6],
          "type": "hold",
          "id": 201,
          "distance": 22
        }
      ],
      [
        [0, 1, 2], {
          "pos": [0, 10.6],
          "type": "hold",
          "id": 194,
          "distance": 21
        }
      ],
      [
        [1, 1, 2], {
          "pos": [1, 10.6],
          "type": "hold",
          "id": 186,
          "distance": 20
        }
      ],
      [
        [2, 0, 2], {
          "pos": [2, 9.6],
          "type": "hold",
          "id": 189,
          "distance": 20
        }
      ],
      [
        [2, 1, 2], {
          "pos": [2, 10.6],
          "type": "hold",
          "id": 173,
          "distance": 19
        }
      ],
      [
        [3, 0, 2], {
          "pos": [3, 9.6],
          "type": "hold",
          "id": 199,
          "distance": 21
        }
      ],
      [
        [3, 1, 2], {
          "pos": [3, 10.6],
          "type": "hold",
          "id": 192,
          "distance": 20
        }
      ],
      [
        [5, 0, 2], {
          "pos": [5, 9.6],
          "type": "hold",
          "id": 50,
          "distance": 13
        }
      ],
      [
        [6, 0, 2], {
          "pos": [6, 9.6],
          "type": "hold",
          "id": 40,
          "distance": 12
        }
      ],
      [
        [6, 1, 2], {
          "pos": [6, 10.6],
          "type": "hold",
          "id": 54,
          "distance": 13
        }
      ],
      [
        [7, 0, 2], {
          "pos": [7, 9.6],
          "type": "ramp",
          "id": 33,
          "distance": 11
        }
      ],
      [
        [8, 1, 2], {
          "pos": [8, 10.6],
          "type": "hold",
          "id": 96,
          "distance": 15
        }
      ],
      [
        [9, 0, 2], {
          "pos": [9, 9.6],
          "type": "hold",
          "id": 141,
          "distance": 17
        }
      ],
      [
        [9, 1, 2], {
          "pos": [9, 10.6],
          "type": "hold",
          "id": 120,
          "distance": 16
        }
      ],
      [
        [10, 0, 2], {
          "pos": [10, 9.6],
          "type": "hold",
          "id": 162,
          "distance": 18
        }
      ],
      [
        [10, 1, 2], {
          "pos": [10, 10.6],
          "type": "hold",
          "id": 143,
          "distance": 17
        }
      ],
      [
        [11, 0, 2], {
          "pos": [11, 9.6],
          "type": "hold",
          "id": 178,
          "distance": 19
        }
      ],
      [
        [11, 1, 2], {
          "pos": [11, 10.6],
          "type": "hold",
          "id": 163,
          "distance": 18
        }
      ],
      [
        [12, 1, 2], {
          "pos": [12, 10.6],
          "type": "hold",
          "id": 180,
          "distance": 19
        }
      ],
      [
        [13, 0, 2], {
          "pos": [13, 9.6],
          "type": "hold",
          "id": 205,
          "distance": 23
        }
      ],
      [
        [14, 0, 2], {
          "pos": [14, 9.6],
          "type": "hold",
          "id": 204,
          "distance": 22
        }
      ],
      [
        [14, 1, 2], {
          "pos": [14, 10.6],
          "type": "hold",
          "id": 200,
          "distance": 21
        }
      ],
      [
        [0, 2, 2], {
          "pos": [0, 11.6],
          "type": "hold",
          "id": 184,
          "distance": 20
        }
      ],
      [
        [1, 2, 2], {
          "pos": [1, 11.6],
          "type": "hold",
          "id": 171,
          "distance": 19
        }
      ],
      [
        [2, 2, 2], {
          "pos": [2, 11.6],
          "type": "hold",
          "id": 156,
          "distance": 18
        }
      ],
      [
        [4, 2, 2], {
          "pos": [4, 11.6],
          "type": "hold",
          "id": 113,
          "distance": 16
        }
      ],
      [
        [5, 2, 2], {
          "pos": [5, 11.6],
          "type": "hold",
          "id": 90,
          "distance": 15
        }
      ],
      [
        [8, 2, 2], {
          "pos": [8, 11.6],
          "type": "hold",
          "id": 77,
          "distance": 14
        }
      ],
      [
        [9, 2, 2], {
          "pos": [9, 11.6],
          "type": "hold",
          "id": 101,
          "distance": 15
        }
      ],
      [
        [13, 2, 2], {
          "pos": [13, 11.6],
          "type": "hold",
          "id": 181,
          "distance": 19
        }
      ],
      [
        [14, 2, 2], {
          "pos": [14, 11.6],
          "type": "hold",
          "id": 193,
          "distance": 20
        }
      ],
      [
        [1, 3, 2], {
          "pos": [1, 12.6],
          "type": "hold",
          "id": 154,
          "distance": 18
        }
      ],
      [
        [2, 3, 2], {
          "pos": [2, 12.6],
          "type": "hold",
          "id": 134,
          "distance": 17
        }
      ],
      [
        [3, 3, 2], {
          "pos": [3, 12.6],
          "type": "hold",
          "id": 111,
          "distance": 16
        }
      ],
      [
        [4, 3, 2], {
          "pos": [4, 12.6],
          "type": "hold",
          "id": 88,
          "distance": 15
        }
      ],
      [
        [5, 3, 2], {
          "pos": [5, 12.6],
          "type": "hold",
          "id": 69,
          "distance": 14
        }
      ],
      [
        [6, 3, 2], {
          "pos": [6, 12.6],
          "type": "hold",
          "id": 56,
          "distance": 13
        }
      ],
      [
        [7, 3, 2], {
          "pos": [7, 12.6],
          "type": "ramp",
          "id": 45,
          "distance": 12
        }
      ],
      [
        [8, 3, 2], {
          "pos": [8, 12.6],
          "type": "hold",
          "id": 61,
          "distance": 13
        }
      ],
      [
        [9, 3, 2], {
          "pos": [9, 12.6],
          "type": "hold",
          "id": 79,
          "distance": 14
        }
      ],
      [
        [10, 3, 2], {
          "pos": [10, 12.6],
          "type": "hold",
          "id": 103,
          "distance": 15
        }
      ],
      [
        [11, 3, 2], {
          "pos": [11, 12.6],
          "type": "hold",
          "id": 125,
          "distance": 16
        }
      ],
      [
        [12, 3, 2], {
          "pos": [12, 12.6],
          "type": "hold",
          "id": 146,
          "distance": 17
        }
      ],
      [
        [13, 3, 2], {
          "pos": [13, 12.6],
          "type": "hold",
          "id": 166,
          "distance": 18
        }
      ],
      [
        [0, 1, 3], {
          "pos": [0, 15.399999999999999],
          "type": "hold",
          "id": 183,
          "distance": 20
        }
      ],
      [
        [1, 0, 3], {
          "pos": [1, 14.399999999999999],
          "type": "hold",
          "id": 152,
          "distance": 18
        }
      ],
      [
        [1, 1, 3], {
          "pos": [1, 15.399999999999999],
          "type": "hold",
          "id": 170,
          "distance": 19
        }
      ],
      [
        [2, 0, 3], {
          "pos": [2, 14.399999999999999],
          "type": "hold",
          "id": 132,
          "distance": 17
        }
      ],
      [
        [2, 1, 3], {
          "pos": [2, 15.399999999999999],
          "type": "hold",
          "id": 155,
          "distance": 18
        }
      ],
      [
        [3, 0, 3], {
          "pos": [3, 14.399999999999999],
          "type": "hold",
          "id": 110,
          "distance": 16
        }
      ],
      [
        [3, 1, 3], {
          "pos": [3, 15.399999999999999],
          "type": "hold",
          "id": 135,
          "distance": 17
        }
      ],
      [
        [4, 0, 3], {
          "pos": [4, 14.399999999999999],
          "type": "hold",
          "id": 86,
          "distance": 15
        }
      ],
      [
        [4, 1, 3], {
          "pos": [4, 15.399999999999999],
          "type": "hold",
          "id": 112,
          "distance": 16
        }
      ],
      [
        [5, 0, 3], {
          "pos": [5, 14.399999999999999],
          "type": "hold",
          "id": 68,
          "distance": 14
        }
      ],
      [
        [5, 1, 3], {
          "pos": [5, 15.399999999999999],
          "type": "hold",
          "id": 89,
          "distance": 15
        }
      ],
      [
        [6, 0, 3], {
          "pos": [6, 14.399999999999999],
          "type": "hold",
          "id": 53,
          "distance": 13
        }
      ],
      [
        [6, 1, 3], {
          "pos": [6, 15.399999999999999],
          "type": "hold",
          "id": 71,
          "distance": 14
        }
      ],
      [
        [7, 0, 3], {
          "pos": [7, 14.399999999999999],
          "type": "ramp",
          "id": 43,
          "distance": 12
        }
      ],
      [
        [7, 1, 3], {
          "pos": [7, 15.399999999999999],
          "type": "hold",
          "id": 58,
          "distance": 13
        }
      ],
      [
        [0, 2, 3], {
          "pos": [0, 16.4],
          "type": "hold",
          "id": 196,
          "distance": 21
        }
      ],
      [
        [2, 2, 3], {
          "pos": [2, 16.4],
          "type": "hold",
          "id": 175,
          "distance": 19
        }
      ],
      [
        [3, 2, 3], {
          "pos": [3, 16.4],
          "type": "hold",
          "id": 159,
          "distance": 18
        }
      ],
      [
        [4, 2, 3], {
          "pos": [4, 16.4],
          "type": "hold",
          "id": 138,
          "distance": 17
        }
      ],
      [
        [5, 2, 3], {
          "pos": [5, 16.4],
          "type": "hold",
          "id": 116,
          "distance": 16
        }
      ],
      [
        [6, 2, 3], {
          "pos": [6, 16.4],
          "type": "hold",
          "id": 93,
          "distance": 15
        }
      ],
      [
        [7, 2, 3], {
          "pos": [7, 16.4],
          "type": "hold",
          "id": 74,
          "distance": 14
        }
      ],
      [
        [8, 2, 3], {
          "pos": [8, 16.4],
          "type": "hold",
          "id": 98,
          "distance": 15
        }
      ],
      [
        [9, 2, 3], {
          "pos": [9, 16.4],
          "type": "hold",
          "id": 122,
          "distance": 16
        }
      ],
      [
        [0, 3, 3], {
          "pos": [0, 17.4],
          "type": "hold",
          "id": 185,
          "distance": 20
        }
      ],
      [
        [1, 3, 3], {
          "pos": [1, 17.4],
          "type": "hold",
          "id": 172,
          "distance": 19
        }
      ],
      [
        [2, 3, 3], {
          "pos": [2, 17.4],
          "type": "hold",
          "id": 157,
          "distance": 18
        }
      ],
      [
        [3, 3, 3], {
          "pos": [3, 17.4],
          "type": "hold",
          "id": 136,
          "distance": 17
        }
      ],
      [
        [4, 3, 3], {
          "pos": [4, 17.4],
          "type": "hold",
          "id": 114,
          "distance": 16
        }
      ],
      [
        [5, 3, 3], {
          "pos": [5, 17.4],
          "type": "hold",
          "id": 91,
          "distance": 15
        }
      ],
      [
        [6, 3, 3], {
          "pos": [6, 17.4],
          "type": "hold",
          "id": 72,
          "distance": 14
        }
      ],
      [
        [7, 3, 3], {
          "pos": [7, 17.4],
          "type": "ramp",
          "id": 59,
          "distance": 13
        }
      ],
      [
        [0, 0, 4], {
          "pos": [0, 19.2],
          "type": "hold",
          "id": 202,
          "distance": 22
        }
      ],
      [
        [0, 1, 4], {
          "pos": [0, 20.2],
          "type": "hold",
          "id": 195,
          "distance": 21
        }
      ],
      [
        [1, 0, 4], {
          "pos": [1, 19.2],
          "type": "hold",
          "id": 198,
          "distance": 21
        }
      ],
      [
        [1, 1, 4], {
          "pos": [1, 20.2],
          "type": "hold",
          "id": 187,
          "distance": 20
        }
      ],
      [
        [2, 0, 4], {
          "pos": [2, 19.2],
          "type": "hold",
          "id": 190,
          "distance": 20
        }
      ],
      [
        [2, 1, 4], {
          "pos": [2, 20.2],
          "type": "hold",
          "id": 174,
          "distance": 19
        }
      ],
      [
        [3, 0, 4], {
          "pos": [3, 19.2],
          "type": "hold",
          "id": 177,
          "distance": 19
        }
      ],
      [
        [3, 1, 4], {
          "pos": [3, 20.2],
          "type": "hold",
          "id": 158,
          "distance": 18
        }
      ],
      [
        [4, 0, 4], {
          "pos": [4, 19.2],
          "type": "hold",
          "id": 161,
          "distance": 18
        }
      ],
      [
        [4, 1, 4], {
          "pos": [4, 20.2],
          "type": "hold",
          "id": 137,
          "distance": 17
        }
      ],
      [
        [5, 1, 4], {
          "pos": [5, 20.2],
          "type": "hold",
          "id": 115,
          "distance": 16
        }
      ],
      [
        [6, 0, 4], {
          "pos": [6, 19.2],
          "type": "hold",
          "id": 70,
          "distance": 14
        }
      ],
      [
        [6, 1, 4], {
          "pos": [6, 20.2],
          "type": "hold",
          "id": 92,
          "distance": 15
        }
      ],
      [
        [7, 0, 4], {
          "pos": [7, 19.2],
          "type": "ramp",
          "id": 57,
          "distance": 13
        }
      ],
      [
        [7, 1, 4], {
          "pos": [7, 20.2],
          "type": "hold",
          "id": 73,
          "distance": 14
        }
      ],
      [
        [8, 0, 4], {
          "pos": [8, 19.2],
          "type": "hold",
          "id": 76,
          "distance": 14
        }
      ],
      [
        [8, 1, 4], {
          "pos": [8, 20.2],
          "type": "hold",
          "id": 97,
          "distance": 15
        }
      ],
      [
        [9, 0, 4], {
          "pos": [9, 19.2],
          "type": "hold",
          "id": 100,
          "distance": 15
        }
      ],
      [
        [9, 1, 4], {
          "pos": [9, 20.2],
          "type": "hold",
          "id": 121,
          "distance": 16
        }
      ],
      [
        [10, 1, 4], {
          "pos": [10, 20.2],
          "type": "hold",
          "id": 144,
          "distance": 17
        }
      ],
      [
        [0, 2, 4], {
          "pos": [0, 21.2],
          "type": "hold",
          "id": 203,
          "distance": 22
        }
      ],
      [
        [2, 2, 4], {
          "pos": [2, 21.2],
          "type": "hold",
          "id": 191,
          "distance": 20
        }
      ],
      [
        [5, 2, 4], {
          "pos": [5, 21.2],
          "type": "hold",
          "id": 140,
          "distance": 17
        }
      ],
      [
        [6, 2, 4], {
          "pos": [6, 21.2],
          "type": "hold",
          "id": 118,
          "distance": 16
        }
      ],
      [
        [7, 2, 4], {
          "pos": [7, 21.2],
          "type": "hold",
          "id": 95,
          "distance": 15
        }
      ],
      [
        [8, 2, 4], {
          "pos": [8, 21.2],
          "type": "hold",
          "id": 119,
          "distance": 16
        }
      ],
      [
        [9, 2, 4], {
          "pos": [9, 21.2],
          "type": "hold",
          "id": 142,
          "distance": 17
        }
      ],
      [
        [11, 2, 4], {
          "pos": [11, 21.2],
          "type": "hold",
          "id": 179,
          "distance": 19
        }
      ],
      [
        [0, 3, 4], {
          "pos": [0, 22.2],
          "type": "hold",
          "id": 197,
          "distance": 21
        }
      ],
      [
        [1, 3, 4], {
          "pos": [1, 22.2],
          "type": "hold",
          "id": 188,
          "distance": 20
        }
      ],
      [
        [2, 3, 4], {
          "pos": [2, 22.2],
          "type": "hold",
          "id": 176,
          "distance": 19
        }
      ],
      [
        [3, 3, 4], {
          "pos": [3, 22.2],
          "type": "hold",
          "id": 160,
          "distance": 18
        }
      ],
      [
        [4, 3, 4], {
          "pos": [4, 22.2],
          "type": "hold",
          "id": 139,
          "distance": 17
        }
      ],
      [
        [5, 3, 4], {
          "pos": [5, 22.2],
          "type": "hold",
          "id": 117,
          "distance": 16
        }
      ],
      [
        [6, 3, 4], {
          "pos": [6, 22.2],
          "type": "hold",
          "id": 94,
          "distance": 15
        }
      ],
      [
        [7, 3, 4], {
          "pos": [7, 22.2],
          "type": "ramp",
          "id": 75,
          "distance": 14
        }
      ],
      [
        [8, 3, 4], {
          "pos": [8, 22.2],
          "type": "hold",
          "id": 99,
          "distance": 15
        }
      ],
      [
        [9, 3, 4], {
          "pos": [9, 22.2],
          "type": "hold",
          "id": 123,
          "distance": 16
        }
      ],
      [
        [10, 3, 4], {
          "pos": [10, 22.2],
          "type": "hold",
          "id": 145,
          "distance": 17
        }
      ],
      [
        [11, 3, 4], {
          "pos": [11, 22.2],
          "type": "hold",
          "id": 164,
          "distance": 18
        }
      ]
    ],
    "edges": [
      [
        [0, 0, 0],
        [0, 1, 0], {}
      ],
      [
        [0, 1, 0],
        [0, 2, 0], {}
      ],
      [
        [0, 1, 0],
        [1, 1, 0], {}
      ],
      [
        [1, 1, 0],
        [1, 2, 0], {}
      ],
      [
        [1, 1, 0],
        [2, 1, 0], {}
      ],
      [
        [2, 0, 0],
        [2, 1, 0], {}
      ],
      [
        [2, 0, 0],
        [3, 0, 0], {}
      ],
      [
        [2, 1, 0],
        [2, 2, 0], {}
      ],
      [
        [2, 1, 0],
        [3, 1, 0], {}
      ],
      [
        [3, 0, 0],
        [3, 1, 0], {}
      ],
      [
        [3, 0, 0],
        [4, 0, 0], {}
      ],
      [
        [3, 1, 0],
        [3, 2, 0], {}
      ],
      [
        [3, 1, 0],
        [4, 1, 0], {}
      ],
      [
        [4, 0, 0],
        [4, 1, 0], {}
      ],
      [
        [4, 0, 0],
        [5, 0, 0], {}
      ],
      [
        [4, 1, 0],
        [4, 2, 0], {}
      ],
      [
        [4, 1, 0],
        [5, 1, 0], {}
      ],
      [
        [5, 0, 0],
        [5, 1, 0], {}
      ],
      [
        [5, 0, 0],
        [6, 0, 0], {}
      ],
      [
        [5, 1, 0],
        [5, 2, 0], {}
      ],
      [
        [6, 0, 0],
        [7, 0, 0], {}
      ],
      [
        [7, 0, 0],
        [7, 1, 0], {}
      ],
      [
        [7, 0, 0],
        [7, 0, 1], {
          "ramp": true
        }
      ],
      [
        [7, 1, 0],
        [7, 2, 0], {}
      ],
      [
        [7, 1, 0],
        [8, 1, 0], {}
      ],
      [
        [8, 1, 0],
        [8, 2, 0], {}
      ],
      [
        [8, 1, 0],
        [9, 1, 0], {}
      ],
      [
        [9, 0, 0],
        [9, 1, 0], {}
      ],
      [
        [9, 0, 0],
        [10, 0, 0], {}
      ],
      [
        [9, 1, 0],
        [9, 2, 0], {}
      ],
      [
        [10, 0, 0],
        [11, 0, 0], {}
      ],
      [
        [11, 0, 0],
        [12, 0, 0], {}
      ],
      [
        [0, 2, 0],
        [0, 3, 0], {}
      ],
      [
        [0, 2, 0],
        [1, 2, 0], {}
      ],
      [
        [1, 2, 0],
        [1, 3, 0], {}
      ],
      [
        [1, 2, 0],
        [2, 2, 0], {}
      ],
      [
        [2, 2, 0],
        [2, 3, 0], {}
      ],
      [
        [2, 2, 0],
        [3, 2, 0], {}
      ],
      [
        [3, 2, 0],
        [3, 3, 0], {}
      ],
      [
        [3, 2, 0],
        [4, 2, 0], {}
      ],
      [
        [4, 2, 0],
        [4, 3, 0], {}
      ],
      [
        [4, 2, 0],
        [5, 2, 0], {}
      ],
      [
        [5, 2, 0],
        [5, 3, 0], {}
      ],
      [
        [5, 2, 0],
        [6, 2, 0], {}
      ],
      [
        [6, 2, 0],
        [6, 3, 0], {}
      ],
      [
        [6, 2, 0],
        [7, 2, 0], {}
      ],
      [
        [7, 2, 0],
        [7, 3, 0], {}
      ],
      [
        [7, 2, 0],
        [8, 2, 0], {}
      ],
      [
        [8, 2, 0],
        [8, 3, 0], {}
      ],
      [
        [8, 2, 0],
        [9, 2, 0], {}
      ],
      [
        [0, 3, 0],
        [1, 3, 0], {}
      ],
      [
        [1, 3, 0],
        [2, 3, 0], {}
      ],
      [
        [2, 3, 0],
        [3, 3, 0], {}
      ],
      [
        [3, 3, 0],
        [4, 3, 0], {}
      ],
      [
        [4, 3, 0],
        [5, 3, 0], {}
      ],
      [
        [5, 3, 0],
        [6, 3, 0], {}
      ],
      [
        [6, 3, 0],
        [7, 3, 0], {}
      ],
      [
        [7, 3, 0],
        [8, 3, 0], {}
      ],
      [
        [7, 3, 0],
        [7, 3, 1], {
          "ramp": true
        }
      ],
      [
        [0, 1, 1],
        [0, 2, 1], {}
      ],
      [
        [0, 1, 1],
        [1, 1, 1], {}
      ],
      [
        [1, 0, 1],
        [1, 1, 1], {}
      ],
      [
        [1, 0, 1],
        [2, 0, 1], {}
      ],
      [
        [1, 1, 1],
        [1, 2, 1], {}
      ],
      [
        [1, 1, 1],
        [2, 1, 1], {}
      ],
      [
        [2, 0, 1],
        [2, 1, 1], {}
      ],
      [
        [2, 1, 1],
        [2, 2, 1], {}
      ],
      [
        [2, 1, 1],
        [3, 1, 1], {}
      ],
      [
        [3, 1, 1],
        [4, 1, 1], {}
      ],
      [
        [4, 0, 1],
        [4, 1, 1], {}
      ],
      [
        [4, 1, 1],
        [4, 2, 1], {}
      ],
      [
        [4, 1, 1],
        [5, 1, 1], {}
      ],
      [
        [5, 1, 1],
        [6, 1, 1], {}
      ],
      [
        [6, 0, 1],
        [6, 1, 1], {}
      ],
      [
        [6, 0, 1],
        [7, 0, 1], {}
      ],
      [
        [6, 1, 1],
        [6, 2, 1], {}
      ],
      [
        [6, 1, 1],
        [7, 1, 1], {}
      ],
      [
        [7, 0, 1],
        [7, 1, 1], {}
      ],
      [
        [7, 0, 1],
        [8, 0, 1], {}
      ],
      [
        [7, 0, 1],
        [7, 0, 2], {
          "ramp": true
        }
      ],
      [
        [7, 1, 1],
        [7, 2, 1], {}
      ],
      [
        [7, 1, 1],
        [8, 1, 1], {}
      ],
      [
        [8, 0, 1],
        [8, 1, 1], {}
      ],
      [
        [8, 0, 1],
        [9, 0, 1], {}
      ],
      [
        [8, 1, 1],
        [8, 2, 1], {}
      ],
      [
        [8, 1, 1],
        [9, 1, 1], {}
      ],
      [
        [9, 0, 1],
        [9, 1, 1], {}
      ],
      [
        [9, 0, 1],
        [10, 0, 1], {}
      ],
      [
        [9, 1, 1],
        [9, 2, 1], {}
      ],
      [
        [10, 0, 1],
        [11, 0, 1], {}
      ],
      [
        [11, 0, 1],
        [11, 1, 1], {}
      ],
      [
        [11, 0, 1],
        [12, 0, 1], {}
      ],
      [
        [11, 1, 1],
        [11, 2, 1], {}
      ],
      [
        [12, 0, 1],
        [13, 0, 1], {}
      ],
      [
        [13, 0, 1],
        [13, 1, 1], {}
      ],
      [
        [13, 0, 1],
        [14, 0, 1], {}
      ],
      [
        [13, 1, 1],
        [13, 2, 1], {}
      ],
      [
        [13, 1, 1],
        [14, 1, 1], {}
      ],
      [
        [14, 0, 1],
        [14, 1, 1], {}
      ],
      [
        [14, 1, 1],
        [14, 2, 1], {}
      ],
      [
        [0, 2, 1],
        [1, 2, 1], {}
      ],
      [
        [1, 2, 1],
        [1, 3, 1], {}
      ],
      [
        [1, 2, 1],
        [2, 2, 1], {}
      ],
      [
        [2, 2, 1],
        [2, 3, 1], {}
      ],
      [
        [4, 2, 1],
        [4, 3, 1], {}
      ],
      [
        [6, 2, 1],
        [6, 3, 1], {}
      ],
      [
        [6, 2, 1],
        [7, 2, 1], {}
      ],
      [
        [7, 2, 1],
        [7, 3, 1], {}
      ],
      [
        [7, 2, 1],
        [8, 2, 1], {}
      ],
      [
        [8, 2, 1],
        [8, 3, 1], {}
      ],
      [
        [8, 2, 1],
        [9, 2, 1], {}
      ],
      [
        [9, 2, 1],
        [9, 3, 1], {}
      ],
      [
        [9, 2, 1],
        [10, 2, 1], {}
      ],
      [
        [10, 2, 1],
        [10, 3, 1], {}
      ],
      [
        [10, 2, 1],
        [11, 2, 1], {}
      ],
      [
        [11, 2, 1],
        [11, 3, 1], {}
      ],
      [
        [13, 2, 1],
        [13, 3, 1], {}
      ],
      [
        [13, 2, 1],
        [14, 2, 1], {}
      ],
      [
        [14, 2, 1],
        [14, 3, 1], {}
      ],
      [
        [1, 3, 1],
        [2, 3, 1], {}
      ],
      [
        [2, 3, 1],
        [3, 3, 1], {}
      ],
      [
        [3, 3, 1],
        [4, 3, 1], {}
      ],
      [
        [4, 3, 1],
        [5, 3, 1], {}
      ],
      [
        [5, 3, 1],
        [6, 3, 1], {}
      ],
      [
        [6, 3, 1],
        [7, 3, 1], {}
      ],
      [
        [7, 3, 1],
        [8, 3, 1], {}
      ],
      [
        [7, 3, 1],
        [7, 3, 2], {
          "ramp": true
        }
      ],
      [
        [8, 3, 1],
        [9, 3, 1], {}
      ],
      [
        [9, 3, 1],
        [10, 3, 1], {}
      ],
      [
        [10, 3, 1],
        [11, 3, 1], {}
      ],
      [
        [11, 3, 1],
        [12, 3, 1], {}
      ],
      [
        [12, 3, 1],
        [13, 3, 1], {}
      ],
      [
        [13, 3, 1],
        [14, 3, 1], {}
      ],
      [
        [0, 0, 2],
        [0, 1, 2], {}
      ],
      [
        [0, 1, 2],
        [0, 2, 2], {}
      ],
      [
        [0, 1, 2],
        [1, 1, 2], {}
      ],
      [
        [1, 1, 2],
        [1, 2, 2], {}
      ],
      [
        [1, 1, 2],
        [2, 1, 2], {}
      ],
      [
        [2, 0, 2],
        [2, 1, 2], {}
      ],
      [
        [2, 0, 2],
        [3, 0, 2], {}
      ],
      [
        [2, 1, 2],
        [2, 2, 2], {}
      ],
      [
        [2, 1, 2],
        [3, 1, 2], {}
      ],
      [
        [3, 0, 2],
        [3, 1, 2], {}
      ],
      [
        [5, 0, 2],
        [6, 0, 2], {}
      ],
      [
        [6, 0, 2],
        [6, 1, 2], {}
      ],
      [
        [6, 0, 2],
        [7, 0, 2], {}
      ],
      [
        [7, 0, 2],
        [7, 0, 3], {
          "ramp": true
        }
      ],
      [
        [8, 1, 2],
        [8, 2, 2], {}
      ],
      [
        [8, 1, 2],
        [9, 1, 2], {}
      ],
      [
        [9, 0, 2],
        [9, 1, 2], {}
      ],
      [
        [9, 0, 2],
        [10, 0, 2], {}
      ],
      [
        [9, 1, 2],
        [9, 2, 2], {}
      ],
      [
        [9, 1, 2],
        [10, 1, 2], {}
      ],
      [
        [10, 0, 2],
        [10, 1, 2], {}
      ],
      [
        [10, 0, 2],
        [11, 0, 2], {}
      ],
      [
        [10, 1, 2],
        [11, 1, 2], {}
      ],
      [
        [11, 0, 2],
        [11, 1, 2], {}
      ],
      [
        [11, 1, 2],
        [12, 1, 2], {}
      ],
      [
        [13, 0, 2],
        [14, 0, 2], {}
      ],
      [
        [14, 0, 2],
        [14, 1, 2], {}
      ],
      [
        [14, 1, 2],
        [14, 2, 2], {}
      ],
      [
        [0, 2, 2],
        [1, 2, 2], {}
      ],
      [
        [1, 2, 2],
        [1, 3, 2], {}
      ],
      [
        [1, 2, 2],
        [2, 2, 2], {}
      ],
      [
        [2, 2, 2],
        [2, 3, 2], {}
      ],
      [
        [4, 2, 2],
        [4, 3, 2], {}
      ],
      [
        [4, 2, 2],
        [5, 2, 2], {}
      ],
      [
        [5, 2, 2],
        [5, 3, 2], {}
      ],
      [
        [8, 2, 2],
        [8, 3, 2], {}
      ],
      [
        [8, 2, 2],
        [9, 2, 2], {}
      ],
      [
        [9, 2, 2],
        [9, 3, 2], {}
      ],
      [
        [13, 2, 2],
        [13, 3, 2], {}
      ],
      [
        [13, 2, 2],
        [14, 2, 2], {}
      ],
      [
        [1, 3, 2],
        [2, 3, 2], {}
      ],
      [
        [2, 3, 2],
        [3, 3, 2], {}
      ],
      [
        [3, 3, 2],
        [4, 3, 2], {}
      ],
      [
        [4, 3, 2],
        [5, 3, 2], {}
      ],
      [
        [5, 3, 2],
        [6, 3, 2], {}
      ],
      [
        [6, 3, 2],
        [7, 3, 2], {}
      ],
      [
        [7, 3, 2],
        [8, 3, 2], {}
      ],
      [
        [7, 3, 2],
        [7, 3, 3], {
          "ramp": true
        }
      ],
      [
        [8, 3, 2],
        [9, 3, 2], {}
      ],
      [
        [9, 3, 2],
        [10, 3, 2], {}
      ],
      [
        [10, 3, 2],
        [11, 3, 2], {}
      ],
      [
        [11, 3, 2],
        [12, 3, 2], {}
      ],
      [
        [12, 3, 2],
        [13, 3, 2], {}
      ],
      [
        [0, 1, 3],
        [0, 2, 3], {}
      ],
      [
        [0, 1, 3],
        [1, 1, 3], {}
      ],
      [
        [1, 0, 3],
        [1, 1, 3], {}
      ],
      [
        [1, 0, 3],
        [2, 0, 3], {}
      ],
      [
        [1, 1, 3],
        [2, 1, 3], {}
      ],
      [
        [2, 0, 3],
        [2, 1, 3], {}
      ],
      [
        [2, 0, 3],
        [3, 0, 3], {}
      ],
      [
        [2, 1, 3],
        [2, 2, 3], {}
      ],
      [
        [2, 1, 3],
        [3, 1, 3], {}
      ],
      [
        [3, 0, 3],
        [3, 1, 3], {}
      ],
      [
        [3, 0, 3],
        [4, 0, 3], {}
      ],
      [
        [3, 1, 3],
        [3, 2, 3], {}
      ],
      [
        [3, 1, 3],
        [4, 1, 3], {}
      ],
      [
        [4, 0, 3],
        [4, 1, 3], {}
      ],
      [
        [4, 0, 3],
        [5, 0, 3], {}
      ],
      [
        [4, 1, 3],
        [4, 2, 3], {}
      ],
      [
        [4, 1, 3],
        [5, 1, 3], {}
      ],
      [
        [5, 0, 3],
        [5, 1, 3], {}
      ],
      [
        [5, 0, 3],
        [6, 0, 3], {}
      ],
      [
        [5, 1, 3],
        [5, 2, 3], {}
      ],
      [
        [5, 1, 3],
        [6, 1, 3], {}
      ],
      [
        [6, 0, 3],
        [6, 1, 3], {}
      ],
      [
        [6, 0, 3],
        [7, 0, 3], {}
      ],
      [
        [6, 1, 3],
        [6, 2, 3], {}
      ],
      [
        [6, 1, 3],
        [7, 1, 3], {}
      ],
      [
        [7, 0, 3],
        [7, 1, 3], {}
      ],
      [
        [7, 0, 3],
        [7, 0, 4], {
          "ramp": true
        }
      ],
      [
        [7, 1, 3],
        [7, 2, 3], {}
      ],
      [
        [0, 2, 3],
        [0, 3, 3], {}
      ],
      [
        [2, 2, 3],
        [2, 3, 3], {}
      ],
      [
        [2, 2, 3],
        [3, 2, 3], {}
      ],
      [
        [3, 2, 3],
        [3, 3, 3], {}
      ],
      [
        [3, 2, 3],
        [4, 2, 3], {}
      ],
      [
        [4, 2, 3],
        [4, 3, 3], {}
      ],
      [
        [4, 2, 3],
        [5, 2, 3], {}
      ],
      [
        [5, 2, 3],
        [5, 3, 3], {}
      ],
      [
        [5, 2, 3],
        [6, 2, 3], {}
      ],
      [
        [6, 2, 3],
        [6, 3, 3], {}
      ],
      [
        [6, 2, 3],
        [7, 2, 3], {}
      ],
      [
        [7, 2, 3],
        [7, 3, 3], {}
      ],
      [
        [7, 2, 3],
        [8, 2, 3], {}
      ],
      [
        [8, 2, 3],
        [9, 2, 3], {}
      ],
      [
        [0, 3, 3],
        [1, 3, 3], {}
      ],
      [
        [1, 3, 3],
        [2, 3, 3], {}
      ],
      [
        [2, 3, 3],
        [3, 3, 3], {}
      ],
      [
        [3, 3, 3],
        [4, 3, 3], {}
      ],
      [
        [4, 3, 3],
        [5, 3, 3], {}
      ],
      [
        [5, 3, 3],
        [6, 3, 3], {}
      ],
      [
        [6, 3, 3],
        [7, 3, 3], {}
      ],
      [
        [7, 3, 3],
        [7, 3, 4], {
          "ramp": true
        }
      ],
      [
        [0, 0, 4],
        [0, 1, 4], {}
      ],
      [
        [0, 0, 4],
        [1, 0, 4], {}
      ],
      [
        [0, 1, 4],
        [0, 2, 4], {}
      ],
      [
        [0, 1, 4],
        [1, 1, 4], {}
      ],
      [
        [1, 0, 4],
        [1, 1, 4], {}
      ],
      [
        [1, 0, 4],
        [2, 0, 4], {}
      ],
      [
        [1, 1, 4],
        [2, 1, 4], {}
      ],
      [
        [2, 0, 4],
        [2, 1, 4], {}
      ],
      [
        [2, 0, 4],
        [3, 0, 4], {}
      ],
      [
        [2, 1, 4],
        [2, 2, 4], {}
      ],
      [
        [2, 1, 4],
        [3, 1, 4], {}
      ],
      [
        [3, 0, 4],
        [3, 1, 4], {}
      ],
      [
        [3, 0, 4],
        [4, 0, 4], {}
      ],
      [
        [3, 1, 4],
        [4, 1, 4], {}
      ],
      [
        [4, 0, 4],
        [4, 1, 4], {}
      ],
      [
        [4, 1, 4],
        [5, 1, 4], {}
      ],
      [
        [5, 1, 4],
        [5, 2, 4], {}
      ],
      [
        [5, 1, 4],
        [6, 1, 4], {}
      ],
      [
        [6, 0, 4],
        [6, 1, 4], {}
      ],
      [
        [6, 0, 4],
        [7, 0, 4], {}
      ],
      [
        [6, 1, 4],
        [6, 2, 4], {}
      ],
      [
        [6, 1, 4],
        [7, 1, 4], {}
      ],
      [
        [7, 0, 4],
        [7, 1, 4], {}
      ],
      [
        [7, 0, 4],
        [8, 0, 4], {}
      ],
      [
        [7, 1, 4],
        [7, 2, 4], {}
      ],
      [
        [7, 1, 4],
        [8, 1, 4], {}
      ],
      [
        [8, 0, 4],
        [8, 1, 4], {}
      ],
      [
        [8, 0, 4],
        [9, 0, 4], {}
      ],
      [
        [8, 1, 4],
        [8, 2, 4], {}
      ],
      [
        [8, 1, 4],
        [9, 1, 4], {}
      ],
      [
        [9, 0, 4],
        [9, 1, 4], {}
      ],
      [
        [9, 1, 4],
        [9, 2, 4], {}
      ],
      [
        [9, 1, 4],
        [10, 1, 4], {}
      ],
      [
        [0, 2, 4],
        [0, 3, 4], {}
      ],
      [
        [2, 2, 4],
        [2, 3, 4], {}
      ],
      [
        [5, 2, 4],
        [5, 3, 4], {}
      ],
      [
        [5, 2, 4],
        [6, 2, 4], {}
      ],
      [
        [6, 2, 4],
        [6, 3, 4], {}
      ],
      [
        [6, 2, 4],
        [7, 2, 4], {}
      ],
      [
        [7, 2, 4],
        [7, 3, 4], {}
      ],
      [
        [7, 2, 4],
        [8, 2, 4], {}
      ],
      [
        [8, 2, 4],
        [8, 3, 4], {}
      ],
      [
        [8, 2, 4],
        [9, 2, 4], {}
      ],
      [
        [9, 2, 4],
        [9, 3, 4], {}
      ],
      [
        [11, 2, 4],
        [11, 3, 4], {}
      ],
      [
        [0, 3, 4],
        [1, 3, 4], {}
      ],
      [
        [1, 3, 4],
        [2, 3, 4], {}
      ],
      [
        [2, 3, 4],
        [3, 3, 4], {}
      ],
      [
        [3, 3, 4],
        [4, 3, 4], {}
      ],
      [
        [4, 3, 4],
        [5, 3, 4], {}
      ],
      [
        [5, 3, 4],
        [6, 3, 4], {}
      ],
      [
        [6, 3, 4],
        [7, 3, 4], {}
      ],
      [
        [7, 3, 4],
        [8, 3, 4], {}
      ],
      [
        [8, 3, 4],
        [9, 3, 4], {}
      ],
      [
        [9, 3, 4],
        [10, 3, 4], {}
      ],
      [
        [10, 3, 4],
        [11, 3, 4], {}
      ]
    ]
  }
}