{
  "N": 88,
  "E": [
    [0, 1],
    [1, 2],
    [2, 3],
    [2, 4],
    [6, 4],
    [6, 10],
    [4, 7],
    [10, 12],
    [18, 16],
    [39, 32],
    [32, 25],
    [32, 41],
    [25, 21],
    [25, 34],
    [34, 28],
    [34, 44],
    [50, 44],
    [50, 57],
    [44, 36],
    [57, 62],
    [62, 66],
    [3, 5],
    [3, 7],
    [7, 9],
    [14, 13],
    [14, 16],
    [16, 15],
    [16, 19],
    [19, 17],
    [19, 21],
    [21, 20],
    [21, 28],
    [28, 23],
    [28, 36],
    [8, 5],
    [5, 9],
    [9, 11],
    [11, 13],
    [13, 15],
    [15, 17],
    [17, 20],
    [20, 23],
    [20, 22],
    [86, 83],
    [86, 84],
    [87, 84],
    [87, 85],
    [84, 80],
    [84, 81],
    [85, 81],
    [81, 76],
    [59, 54],
    [54, 60],
    [54, 46],
    [46, 40],
    [48, 40],
    [48, 41],
    [40, 30],
    [40, 33],
    [41, 33],
    [41, 49],
    [33, 26],
    [33, 42],
    [42, 51],
    [56, 51],
    [56, 61],
    [51, 45],
    [61, 65],
    [65, 69],
    [69, 72],
    [72, 77],
    [72, 78],
    [77, 73],
    [77, 82],
    [78, 82],
    [82, 79],
    [83, 80],
    [80, 75],
    [80, 76],
    [76, 71],
    [60, 64],
    [30, 24],
    [30, 26],
    [26, 22],
    [45, 37],
    [45, 53],
    [53, 58],
    [58, 63],
    [73, 70],
    [73, 79],
    [79, 74],
    [75, 71],
    [71, 68],
    [68, 64],
    [24, 22],
    [22, 29],
    [22, 27],
    [29, 37],
    [63, 67],
    [67, 70],
    [70, 74],
    [55, 49],
    [47, 38],
    [43, 35],
    [43, 52],
    [38, 31],
    [31, 27],
    [27, 35]
  ],
  "P": 10,
  "K": [
    [
      [0, 4], 30
    ],
    [
      [0, 5], 18
    ],
    [
      [1, 3], 7
    ],
    [
      [1, 4], 1
    ],
    [
      [2, 3], 11
    ],
    [
      [2, 4], 4
    ],
    [
      [2, 5], 14
    ],
    [
      [3, 5], 2
    ],
    [
      [4, 6], 1
    ],
    [
      [4, 8], 17
    ],
    [
      [5, 6], 3
    ],
    [
      [5, 7], 32
    ],
    [
      [6, 9], 20
    ],
    [
      [7, 8], 7
    ],
    [
      [8, 9], 21
    ]
  ],
  "F": 100,
  "LB": 40519,
  "grid_graph": {
    "nodes": [
      [
        [0, 0, 0], {
          "pos": [0, 0.0],
          "type": "gate",
          "id": 0,
          "distance": 0
        }
      ],
      [
        [0, 1, 0], {
          "pos": [0, 1.0],
          "type": "hold",
          "id": 1,
          "distance": 1
        }
      ],
      [
        [1, 1, 0], {
          "pos": [1, 1.0],
          "type": "hold",
          "id": 2,
          "distance": 2
        }
      ],
      [
        [2, 0, 0], {
          "pos": [2, 0.0],
          "type": "hold",
          "id": 6,
          "distance": 4
        }
      ],
      [
        [2, 1, 0], {
          "pos": [2, 1.0],
          "type": "hold",
          "id": 4,
          "distance": 3
        }
      ],
      [
        [3, 0, 0], {
          "pos": [3, 0.0],
          "type": "hold",
          "id": 10,
          "distance": 5
        }
      ],
      [
        [4, 0, 0], {
          "pos": [4, 0.0],
          "type": "hold",
          "id": 12,
          "distance": 6
        }
      ],
      [
        [5, 1, 0], {
          "pos": [5, 1.0],
          "type": "hold",
          "id": 18,
          "distance": 10
        }
      ],
      [
        [6, 0, 0], {
          "pos": [6, 0.0],
          "type": "hold",
          "id": 39,
          "distance": 14
        }
      ],
      [
        [7, 0, 0], {
          "pos": [7, 0.0],
          "type": "ramp",
          "id": 32,
          "distance": 13
        }
      ],
      [
        [7, 1, 0], {
          "pos": [7, 1.0],
          "type": "hold",
          "id": 25,
          "distance": 12
        }
      ],
      [
        [8, 1, 0], {
          "pos": [8, 1.0],
          "type": "hold",
          "id": 34,
          "distance": 13
        }
      ],
      [
        [9, 0, 0], {
          "pos": [9, 0.0],
          "type": "hold",
          "id": 50,
          "distance": 15
        }
      ],
      [
        [9, 1, 0], {
          "pos": [9, 1.0],
          "type": "hold",
          "id": 44,
          "distance": 14
        }
      ],
      [
        [10, 0, 0], {
          "pos": [10, 0.0],
          "type": "hold",
          "id": 57,
          "distance": 16
        }
      ],
      [
        [11, 0, 0], {
          "pos": [11, 0.0],
          "type": "hold",
          "id": 62,
          "distance": 17
        }
      ],
      [
        [12, 0, 0], {
          "pos": [12, 0.0],
          "type": "hold",
          "id": 66,
          "distance": 18
        }
      ],
      [
        [1, 2, 0], {
          "pos": [1, 2.0],
          "type": "hold",
          "id": 3,
          "distance": 3
        }
      ],
      [
        [2, 2, 0], {
          "pos": [2, 2.0],
          "type": "hold",
          "id": 7,
          "distance": 4
        }
      ],
      [
        [4, 2, 0], {
          "pos": [4, 2.0],
          "type": "hold",
          "id": 14,
          "distance": 8
        }
      ],
      [
        [5, 2, 0], {
          "pos": [5, 2.0],
          "type": "hold",
          "id": 16,
          "distance": 9
        }
      ],
      [
        [6, 2, 0], {
          "pos": [6, 2.0],
          "type": "hold",
          "id": 19,
          "distance": 10
        }
      ],
      [
        [7, 2, 0], {
          "pos": [7, 2.0],
          "type": "hold",
          "id": 21,
          "distance": 11
        }
      ],
      [
        [8, 2, 0], {
          "pos": [8, 2.0],
          "type": "hold",
          "id": 28,
          "distance": 12
        }
      ],
      [
        [9, 2, 0], {
          "pos": [9, 2.0],
          "type": "hold",
          "id": 36,
          "distance": 13
        }
      ],
      [
        [0, 3, 0], {
          "pos": [0, 3.0],
          "type": "hold",
          "id": 8,
          "distance": 5
        }
      ],
      [
        [1, 3, 0], {
          "pos": [1, 3.0],
          "type": "hold",
          "id": 5,
          "distance": 4
        }
      ],
      [
        [2, 3, 0], {
          "pos": [2, 3.0],
          "type": "hold",
          "id": 9,
          "distance": 5
        }
      ],
      [
        [3, 3, 0], {
          "pos": [3, 3.0],
          "type": "hold",
          "id": 11,
          "distance": 6
        }
      ],
      [
        [4, 3, 0], {
          "pos": [4, 3.0],
          "type": "hold",
          "id": 13,
          "distance": 7
        }
      ],
      [
        [5, 3, 0], {
          "pos": [5, 3.0],
          "type": "hold",
          "id": 15,
          "distance": 8
        }
      ],
      [
        [6, 3, 0], {
          "pos": [6, 3.0],
          "type": "hold",
          "id": 17,
          "distance": 9
        }
      ],
      [
        [7, 3, 0], {
          "pos": [7, 3.0],
          "type": "ramp",
          "id": 20,
          "distance": 10
        }
      ],
      [
        [8, 3, 0], {
          "pos": [8, 3.0],
          "type": "hold",
          "id": 23,
          "distance": 11
        }
      ],
      [
        [0, 1, 1], {
          "pos": [0, 5.8],
          "type": "hold",
          "id": 86,
          "distance": 24
        }
      ],
      [
        [1, 0, 1], {
          "pos": [1, 4.8],
          "type": "hold",
          "id": 87,
          "distance": 24
        }
      ],
      [
        [1, 1, 1], {
          "pos": [1, 5.8],
          "type": "hold",
          "id": 84,
          "distance": 23
        }
      ],
      [
        [2, 0, 1], {
          "pos": [2, 4.8],
          "type": "hold",
          "id": 85,
          "distance": 23
        }
      ],
      [
        [2, 1, 1], {
          "pos": [2, 5.8],
          "type": "hold",
          "id": 81,
          "distance": 22
        }
      ],
      [
        [4, 0, 1], {
          "pos": [4, 4.8],
          "type": "hold",
          "id": 59,
          "distance": 17
        }
      ],
      [
        [4, 1, 1], {
          "pos": [4, 5.8],
          "type": "hold",
          "id": 54,
          "distance": 16
        }
      ],
      [
        [5, 1, 1], {
          "pos": [5, 5.8],
          "type": "hold",
          "id": 46,
          "distance": 15
        }
      ],
      [
        [6, 0, 1], {
          "pos": [6, 4.8],
          "type": "hold",
          "id": 48,
          "distance": 15
        }
      ],
      [
        [6, 1, 1], {
          "pos": [6, 5.8],
          "type": "hold",
          "id": 40,
          "distance": 14
        }
      ],
      [
        [7, 0, 1], {
          "pos": [7, 4.8],
          "type": "ramp",
          "id": 41,
          "distance": 14
        }
      ],
      [
        [7, 1, 1], {
          "pos": [7, 5.8],
          "type": "hold",
          "id": 33,
          "distance": 13
        }
      ],
      [
        [8, 1, 1], {
          "pos": [8, 5.8],
          "type": "hold",
          "id": 42,
          "distance": 14
        }
      ],
      [
        [9, 0, 1], {
          "pos": [9, 4.8],
          "type": "hold",
          "id": 56,
          "distance": 16
        }
      ],
      [
        [9, 1, 1], {
          "pos": [9, 5.8],
          "type": "hold",
          "id": 51,
          "distance": 15
        }
      ],
      [
        [10, 0, 1], {
          "pos": [10, 4.8],
          "type": "hold",
          "id": 61,
          "distance": 17
        }
      ],
      [
        [11, 0, 1], {
          "pos": [11, 4.8],
          "type": "hold",
          "id": 65,
          "distance": 18
        }
      ],
      [
        [12, 0, 1], {
          "pos": [12, 4.8],
          "type": "hold",
          "id": 69,
          "distance": 19
        }
      ],
      [
        [13, 0, 1], {
          "pos": [13, 4.8],
          "type": "hold",
          "id": 72,
          "distance": 20
        }
      ],
      [
        [13, 1, 1], {
          "pos": [13, 5.8],
          "type": "hold",
          "id": 77,
          "distance": 21
        }
      ],
      [
        [14, 0, 1], {
          "pos": [14, 4.8],
          "type": "hold",
          "id": 78,
          "distance": 21
        }
      ],
      [
        [14, 1, 1], {
          "pos": [14, 5.8],
          "type": "hold",
          "id": 82,
          "distance": 22
        }
      ],
      [
        [0, 2, 1], {
          "pos": [0, 6.8],
          "type": "hold",
          "id": 83,
          "distance": 23
        }
      ],
      [
        [1, 2, 1], {
          "pos": [1, 6.8],
          "type": "hold",
          "id": 80,
          "distance": 22
        }
      ],
      [
        [2, 2, 1], {
          "pos": [2, 6.8],
          "type": "hold",
          "id": 76,
          "distance": 21
        }
      ],
      [
        [4, 2, 1], {
          "pos": [4, 6.8],
          "type": "hold",
          "id": 60,
          "distance": 17
        }
      ],
      [
        [6, 2, 1], {
          "pos": [6, 6.8],
          "type": "hold",
          "id": 30,
          "distance": 13
        }
      ],
      [
        [7, 2, 1], {
          "pos": [7, 6.8],
          "type": "hold",
          "id": 26,
          "distance": 12
        }
      ],
      [
        [9, 2, 1], {
          "pos": [9, 6.8],
          "type": "hold",
          "id": 45,
          "distance": 14
        }
      ],
      [
        [10, 2, 1], {
          "pos": [10, 6.8],
          "type": "hold",
          "id": 53,
          "distance": 15
        }
      ],
      [
        [11, 2, 1], {
          "pos": [11, 6.8],
          "type": "hold",
          "id": 58,
          "distance": 16
        }
      ],
      [
        [13, 2, 1], {
          "pos": [13, 6.8],
          "type": "hold",
          "id": 73,
          "distance": 20
        }
      ],
      [
        [14, 2, 1], {
          "pos": [14, 6.8],
          "type": "hold",
          "id": 79,
          "distance": 21
        }
      ],
      [
        [1, 3, 1], {
          "pos": [1, 7.8],
          "type": "hold",
          "id": 75,
          "distance": 21
        }
      ],
      [
        [2, 3, 1], {
          "pos": [2, 7.8],
          "type": "hold",
          "id": 71,
          "distance": 20
        }
      ],
      [
        [3, 3, 1], {
          "pos": [3, 7.8],
          "type": "hold",
          "id": 68,
          "distance": 19
        }
      ],
      [
        [4, 3, 1], {
          "pos": [4, 7.8],
          "type": "hold",
          "id": 64,
          "distance": 18
        }
      ],
      [
        [6, 3, 1], {
          "pos": [6, 7.8],
          "type": "hold",
          "id": 24,
          "distance": 12
        }
      ],
      [
        [7, 3, 1], {
          "pos": [7, 7.8],
          "type": "ramp",
          "id": 22,
          "distance": 11
        }
      ],
      [
        [8, 3, 1], {
          "pos": [8, 7.8],
          "type": "hold",
          "id": 29,
          "distance": 12
        }
      ],
      [
        [9, 3, 1], {
          "pos": [9, 7.8],
          "type": "hold",
          "id": 37,
          "distance": 13
        }
      ],
      [
        [11, 3, 1], {
          "pos": [11, 7.8],
          "type": "hold",
          "id": 63,
          "distance": 17
        }
      ],
      [
        [12, 3, 1], {
          "pos": [12, 7.8],
          "type": "hold",
          "id": 67,
          "distance": 18
        }
      ],
      [
        [13, 3, 1], {
          "pos": [13, 7.8],
          "type": "hold",
          "id": 70,
          "distance": 19
        }
      ],
      [
        [14, 3, 1], {
          "pos": [14, 7.8],
          "type": "hold",
          "id": 74,
          "distance": 20
        }
      ],
      [
        [6, 0, 2], {
          "pos": [6, 9.6],
          "type": "hold",
          "id": 55,
          "distance": 16
        }
      ],
      [
        [7, 0, 2], {
          "pos": [7, 9.6],
          "type": "ramp",
          "id": 49,
          "distance": 15
        }
      ],
      [
        [5, 2, 2], {
          "pos": [5, 11.6],
          "type": "hold",
          "id": 47,
          "distance": 15
        }
      ],
      [
        [8, 2, 2], {
          "pos": [8, 11.6],
          "type": "hold",
          "id": 43,
          "distance": 14
        }
      ],
      [
        [9, 2, 2], {
          "pos": [9, 11.6],
          "type": "hold",
          "id": 52,
          "distance": 15
        }
      ],
      [
        [5, 3, 2], {
          "pos": [5, 12.6],
          "type": "hold",
          "id": 38,
          "distance": 14
        }
      ],
      [
        [6, 3, 2], {
          "pos": [6, 12.6],
          "type": "hold",
          "id": 31,
          "distance": 13
        }
      ],
      [
        [7, 3, 2], {
          "pos": [7, 12.6],
          "type": "ramp",
          "id": 27,
          "distance": 12
        }
      ],
      [
        [8, 3, 2], {
          "pos": [8, 12.6],
          "type": "hold",
          "id": 35,
          "distance": 13
        }
      ]
    ],
    "edges": [
      [
        [0, 0, 0],
        [0, 1, 0], {}
      ],
      [
        [0, 1, 0],
        [1, 1, 0], {}
      ],
      [
        [1, 1, 0],
        [1, 2, 0], {}
      ],
      [
        [1, 1, 0],
        [2, 1, 0], {}
      ],
      [
        [2, 0, 0],
        [2, 1, 0], {}
      ],
      [
        [2, 0, 0],
        [3, 0, 0], {}
      ],
      [
        [2, 1, 0],
        [2, 2, 0], {}
      ],
      [
        [3, 0, 0],
        [4, 0, 0], {}
      ],
      [
        [5, 1, 0],
        [5, 2, 0], {}
      ],
      [
        [6, 0, 0],
        [7, 0, 0], {}
      ],
      [
        [7, 0, 0],
        [7, 1, 0], {}
      ],
      [
        [7, 0, 0],
        [7, 0, 1], {
          "ramp": true
        }
      ],
      [
        [7, 1, 0],
        [7, 2, 0], {}
      ],
      [
        [7, 1, 0],
        [8, 1, 0], {}
      ],
      [
        [8, 1, 0],
        [8, 2, 0], {}
      ],
      [
        [8, 1, 0],
        [9, 1, 0], {}
      ],
      [
        [9, 0, 0],
        [9, 1, 0], {}
      ],
      [
        [9, 0, 0],
        [10, 0, 0], {}
      ],
      [
        [9, 1, 0],
        [9, 2, 0], {}
      ],
      [
        [10, 0, 0],
        [11, 0, 0], {}
      ],
      [
        [11, 0, 0],
        [12, 0, 0], {}
      ],
      [
        [1, 2, 0],
        [1, 3, 0], {}
      ],
      [
        [1, 2, 0],
        [2, 2, 0], {}
      ],
      [
        [2, 2, 0],
        [2, 3, 0], {}
      ],
      [
        [4, 2, 0],
        [4, 3, 0], {}
      ],
      [
        [4, 2, 0],
        [5, 2, 0], {}
      ],
      [
        [5, 2, 0],
        [5, 3, 0], {}
      ],
      [
        [5, 2, 0],
        [6, 2, 0], {}
      ],
      [
        [6, 2, 0],
        [6, 3, 0], {}
      ],
      [
        [6, 2, 0],
        [7, 2, 0], {}
      ],
      [
        [7, 2, 0],
        [7, 3, 0], {}
      ],
      [
        [7, 2, 0],
        [8, 2, 0], {}
      ],
      [
        [8, 2, 0],
        [8, 3, 0], {}
      ],
      [
        [8, 2, 0],
        [9, 2, 0], {}
      ],
      [
        [0, 3, 0],
        [1, 3, 0], {}
      ],
      [
        [1, 3, 0],
        [2, 3, 0], {}
      ],
      [
        [2, 3, 0],
        [3, 3, 0], {}
      ],
      [
        [3, 3, 0],
        [4, 3, 0], {}
      ],
      [
        [4, 3, 0],
        [5, 3, 0], {}
      ],
      [
        [5, 3, 0],
        [6, 3, 0], {}
      ],
      [
        [6, 3, 0],
        [7, 3, 0], {}
      ],
      [
        [7, 3, 0],
        [8, 3, 0], {}
      ],
      [
        [7, 3, 0],
        [7, 3, 1], {
          "ramp": true
        }
      ],
      [
        [0, 1, 1],
        [0, 2, 1], {}
      ],
      [
        [0, 1, 1],
        [1, 1, 1], {}
      ],
      [
        [1, 0, 1],
        [1, 1, 1], {}
      ],
      [
        [1, 0, 1],
        [2, 0, 1], {}
      ],
      [
        [1, 1, 1],
        [1, 2, 1], {}
      ],
      [
        [1, 1, 1],
        [2, 1, 1], {}
      ],
      [
        [2, 0, 1],
        [2, 1, 1], {}
      ],
      [
        [2, 1, 1],
        [2, 2, 1], {}
      ],
      [
        [4, 0, 1],
        [4, 1, 1], {}
      ],
      [
        [4, 1, 1],
        [4, 2, 1], {}
      ],
      [
        [4, 1, 1],
        [5, 1, 1], {}
      ],
      [
        [5, 1, 1],
        [6, 1, 1], {}
      ],
      [
        [6, 0, 1],
        [6, 1, 1], {}
      ],
      [
        [6, 0, 1],
        [7, 0, 1], {}
      ],
      [
        [6, 1, 1],
        [6, 2, 1], {}
      ],
      [
        [6, 1, 1],
        [7, 1, 1], {}
      ],
      [
        [7, 0, 1],
        [7, 1, 1], {}
      ],
      [
        [7, 0, 1],
        [7, 0, 2], {
          "ramp": true
        }
      ],
      [
        [7, 1, 1],
        [7, 2, 1], {}
      ],
      [
        [7, 1, 1],
        [8, 1, 1], {}
      ],
      [
        [8, 1, 1],
        [9, 1, 1], {}
      ],
      [
        [9, 0, 1],
        [9, 1, 1], {}
      ],
      [
        [9, 0, 1],
        [10, 0, 1], {}
      ],
      [
        [9, 1, 1],
        [9, 2, 1], {}
      ],
      [
        [10, 0, 1],
        [11, 0, 1], {}
      ],
      [
        [11, 0, 1],
        [12, 0, 1], {}
      ],
      [
        [12, 0, 1],
        [13, 0, 1], {}
      ],
      [
        [13, 0, 1],
        [13, 1, 1], {}
      ],
      [
        [13, 0, 1],
        [14, 0, 1], {}
      ],
      [
        [13, 1, 1],
        [13, 2, 1], {}
      ],
      [
        [13, 1, 1],
        [14, 1, 1], {}
      ],
      [
        [14, 0, 1],
        [14, 1, 1], {}
      ],
      [
        [14, 1, 1],
        [14, 2, 1], {}
      ],
      [
        [0, 2, 1],
        [1, 2, 1], {}
      ],
      [
        [1, 2, 1],
        [1, 3, 1], {}
      ],
      [
        [1, 2, 1],
        [2, 2, 1], {}
      ],
      [
        [2, 2, 1],
        [2, 3, 1], {}
      ],
      [
        [4, 2, 1],
        [4, 3, 1], {}
      ],
      [
        [6, 2, 1],
        [6, 3, 1], {}
      ],
      [
        [6, 2, 1],
        [7, 2, 1], {}
      ],
      [
        [7, 2, 1],
        [7, 3, 1], {}
      ],
      [
        [9, 2, 1],
        [9, 3, 1], {}
      ],
      [
        [9, 2, 1],
        [10, 2, 1], {}
      ],
      [
        [10, 2, 1],
        [11, 2, 1], {}
      ],
      [
        [11, 2, 1],
        [11, 3, 1], {}
      ],
      [
        [13, 2, 1],
        [13, 3, 1], {}
      ],
      [
        [13, 2, 1],
        [14, 2, 1], {}
      ],
      [
        [14, 2, 1],
        [14, 3, 1], {}
      ],
      [
        [1, 3, 1],
        [2, 3, 1], {}
      ],
      [
        [2, 3, 1],
        [3, 3, 1], {}
      ],
      [
        [3, 3, 1],
        [4, 3, 1], {}
      ],
      [
        [6, 3, 1],
        [7, 3, 1], {}
      ],
      [
        [7, 3, 1],
        [8, 3, 1], {}
      ],
      [
        [7, 3, 1],
        [7, 3, 2], {
          "ramp": true
        }
      ],
      [
        [8, 3, 1],
        [9, 3, 1], {}
      ],
      [
        [11, 3, 1],
        [12, 3, 1], {}
      ],
      [
        [12, 3, 1],
        [13, 3, 1], {}
      ],
      [
        [13, 3, 1],
        [14, 3, 1], {}
      ],
      [
        [6, 0, 2],
        [7, 0, 2], {}
      ],
      [
        [5, 2, 2],
        [5, 3, 2], {}
      ],
      [
        [8, 2, 2],
        [8, 3, 2], {}
      ],
      [
        [8, 2, 2],
        [9, 2, 2], {}
      ],
      [
        [5, 3, 2],
        [6, 3, 2], {}
      ],
      [
        [6, 3, 2],
        [7, 3, 2], {}
      ],
      [
        [7, 3, 2],
        [8, 3, 2], {}
      ]
    ]
  }
}