{
  "N": 84,
  "E": [
    [0, 1],
    [0, 2],
    [1, 3],
    [2, 3],
    [2, 4],
    [3, 5],
    [3, 7],
    [4, 7],
    [4, 8],
    [4, 6],
    [7, 12],
    [7, 13],
    [8, 13],
    [8, 14],
    [13, 21],
    [13, 22],
    [14, 22],
    [14, 23],
    [22, 30],
    [22, 31],
    [23, 31],
    [31, 37],
    [5, 12],
    [5, 10],
    [12, 19],
    [12, 21],
    [21, 28],
    [21, 30],
    [30, 35],
    [30, 37],
    [37, 45],
    [19, 28],
    [28, 35],
    [35, 45],
    [15, 24],
    [15, 9],
    [24, 16],
    [9, 16],
    [9, 6],
    [16, 10],
    [16, 11],
    [6, 11],
    [11, 18],
    [11, 20],
    [20, 27],
    [20, 29],
    [34, 29],
    [34, 43],
    [29, 36],
    [43, 36],
    [36, 44],
    [10, 17],
    [10, 18],
    [18, 26],
    [18, 27],
    [27, 33],
    [44, 52],
    [25, 17],
    [17, 26],
    [26, 32],
    [58, 52],
    [69, 62],
    [69, 63],
    [62, 53],
    [62, 54],
    [63, 54],
    [63, 55],
    [54, 47],
    [55, 47],
    [55, 48],
    [47, 39],
    [47, 40],
    [48, 40],
    [48, 57],
    [40, 33],
    [40, 50],
    [57, 50],
    [57, 66],
    [50, 42],
    [50, 60],
    [66, 60],
    [60, 67],
    [53, 46],
    [39, 32],
    [39, 33],
    [33, 41],
    [33, 42],
    [42, 51],
    [46, 38],
    [38, 32],
    [32, 41],
    [41, 51],
    [41, 49],
    [51, 61],
    [83, 79],
    [83, 81],
    [79, 74],
    [79, 75],
    [81, 75],
    [81, 76],
    [75, 70],
    [75, 71],
    [76, 71],
    [76, 82],
    [71, 64],
    [71, 77],
    [82, 77],
    [82, 78],
    [77, 72],
    [78, 72],
    [78, 73],
    [72, 65],
    [72, 67],
    [73, 67],
    [74, 80],
    [74, 70],
    [70, 64],
    [64, 56],
    [65, 59],
    [56, 49],
    [49, 59],
    [59, 68]
  ],
  "P": 12,
  "K": [
    [
      [0, 3], 6
    ],
    [
      [0, 4], 1
    ],
    [
      [0, 8], 18
    ],
    [
      [0, 10], 19
    ],
    [
      [1, 3], 19
    ],
    [
      [1, 6], 1
    ],
    [
      [2, 5], 1
    ],
    [
      [2, 6], 1
    ],
    [
      [2, 11], 8
    ],
    [
      [4, 9], 17
    ],
    [
      [4, 11], 17
    ],
    [
      [7, 11], 4
    ],
    [
      [9, 11], 6
    ]
  ],
  "F": 100,
  "LB": 24557,
  "grid_graph": {
    "nodes": [
      [
        [0, 0, 0], {
          "pos": [0, 0.0],
          "type": "gate",
          "id": 0,
          "distance": 0
        }
      ],
      [
        [0, 1, 0], {
          "pos": [0, 1.0],
          "type": "hold",
          "id": 1,
          "distance": 1
        }
      ],
      [
        [1, 0, 0], {
          "pos": [1, 0.0],
          "type": "hold",
          "id": 2,
          "distance": 1
        }
      ],
      [
        [1, 1, 0], {
          "pos": [1, 1.0],
          "type": "hold",
          "id": 3,
          "distance": 2
        }
      ],
      [
        [2, 0, 0], {
          "pos": [2, 0.0],
          "type": "ramp",
          "id": 4,
          "distance": 2
        }
      ],
      [
        [2, 1, 0], {
          "pos": [2, 1.0],
          "type": "hold",
          "id": 7,
          "distance": 3
        }
      ],
      [
        [3, 0, 0], {
          "pos": [3, 0.0],
          "type": "hold",
          "id": 8,
          "distance": 3
        }
      ],
      [
        [3, 1, 0], {
          "pos": [3, 1.0],
          "type": "hold",
          "id": 13,
          "distance": 4
        }
      ],
      [
        [4, 0, 0], {
          "pos": [4, 0.0],
          "type": "hold",
          "id": 14,
          "distance": 4
        }
      ],
      [
        [4, 1, 0], {
          "pos": [4, 1.0],
          "type": "hold",
          "id": 22,
          "distance": 5
        }
      ],
      [
        [5, 0, 0], {
          "pos": [5, 0.0],
          "type": "hold",
          "id": 23,
          "distance": 5
        }
      ],
      [
        [5, 1, 0], {
          "pos": [5, 1.0],
          "type": "hold",
          "id": 31,
          "distance": 6
        }
      ],
      [
        [1, 2, 0], {
          "pos": [1, 2.0],
          "type": "ramp",
          "id": 5,
          "distance": 3
        }
      ],
      [
        [2, 2, 0], {
          "pos": [2, 2.0],
          "type": "hold",
          "id": 12,
          "distance": 4
        }
      ],
      [
        [3, 2, 0], {
          "pos": [3, 2.0],
          "type": "hold",
          "id": 21,
          "distance": 5
        }
      ],
      [
        [4, 2, 0], {
          "pos": [4, 2.0],
          "type": "hold",
          "id": 30,
          "distance": 6
        }
      ],
      [
        [5, 2, 0], {
          "pos": [5, 2.0],
          "type": "hold",
          "id": 37,
          "distance": 7
        }
      ],
      [
        [2, 3, 0], {
          "pos": [2, 3.0],
          "type": "hold",
          "id": 19,
          "distance": 5
        }
      ],
      [
        [3, 3, 0], {
          "pos": [3, 3.0],
          "type": "hold",
          "id": 28,
          "distance": 6
        }
      ],
      [
        [4, 3, 0], {
          "pos": [4, 3.0],
          "type": "hold",
          "id": 35,
          "distance": 7
        }
      ],
      [
        [5, 3, 0], {
          "pos": [5, 3.0],
          "type": "hold",
          "id": 45,
          "distance": 8
        }
      ],
      [
        [0, 0, 1], {
          "pos": [0, 4.8],
          "type": "hold",
          "id": 15,
          "distance": 5
        }
      ],
      [
        [0, 1, 1], {
          "pos": [0, 5.8],
          "type": "hold",
          "id": 24,
          "distance": 6
        }
      ],
      [
        [1, 0, 1], {
          "pos": [1, 4.8],
          "type": "hold",
          "id": 9,
          "distance": 4
        }
      ],
      [
        [1, 1, 1], {
          "pos": [1, 5.8],
          "type": "hold",
          "id": 16,
          "distance": 5
        }
      ],
      [
        [2, 0, 1], {
          "pos": [2, 4.8],
          "type": "ramp",
          "id": 6,
          "distance": 3
        }
      ],
      [
        [2, 1, 1], {
          "pos": [2, 5.8],
          "type": "hold",
          "id": 11,
          "distance": 4
        }
      ],
      [
        [3, 1, 1], {
          "pos": [3, 5.8],
          "type": "hold",
          "id": 20,
          "distance": 5
        }
      ],
      [
        [4, 0, 1], {
          "pos": [4, 4.8],
          "type": "hold",
          "id": 34,
          "distance": 7
        }
      ],
      [
        [4, 1, 1], {
          "pos": [4, 5.8],
          "type": "hold",
          "id": 29,
          "distance": 6
        }
      ],
      [
        [5, 0, 1], {
          "pos": [5, 4.8],
          "type": "hold",
          "id": 43,
          "distance": 8
        }
      ],
      [
        [5, 1, 1], {
          "pos": [5, 5.8],
          "type": "hold",
          "id": 36,
          "distance": 7
        }
      ],
      [
        [1, 2, 1], {
          "pos": [1, 6.8],
          "type": "ramp",
          "id": 10,
          "distance": 4
        }
      ],
      [
        [2, 2, 1], {
          "pos": [2, 6.8],
          "type": "hold",
          "id": 18,
          "distance": 5
        }
      ],
      [
        [3, 2, 1], {
          "pos": [3, 6.8],
          "type": "ramp",
          "id": 27,
          "distance": 6
        }
      ],
      [
        [5, 2, 1], {
          "pos": [5, 6.8],
          "type": "hold",
          "id": 44,
          "distance": 8
        }
      ],
      [
        [0, 3, 1], {
          "pos": [0, 7.8],
          "type": "hold",
          "id": 25,
          "distance": 6
        }
      ],
      [
        [1, 3, 1], {
          "pos": [1, 7.8],
          "type": "hold",
          "id": 17,
          "distance": 5
        }
      ],
      [
        [2, 3, 1], {
          "pos": [2, 7.8],
          "type": "ramp",
          "id": 26,
          "distance": 6
        }
      ],
      [
        [4, 3, 1], {
          "pos": [4, 7.8],
          "type": "hold",
          "id": 58,
          "distance": 10
        }
      ],
      [
        [5, 3, 1], {
          "pos": [5, 7.8],
          "type": "hold",
          "id": 52,
          "distance": 9
        }
      ],
      [
        [0, 0, 2], {
          "pos": [0, 9.6],
          "type": "hold",
          "id": 69,
          "distance": 12
        }
      ],
      [
        [0, 1, 2], {
          "pos": [0, 10.6],
          "type": "hold",
          "id": 62,
          "distance": 11
        }
      ],
      [
        [1, 0, 2], {
          "pos": [1, 9.6],
          "type": "hold",
          "id": 63,
          "distance": 11
        }
      ],
      [
        [1, 1, 2], {
          "pos": [1, 10.6],
          "type": "hold",
          "id": 54,
          "distance": 10
        }
      ],
      [
        [2, 0, 2], {
          "pos": [2, 9.6],
          "type": "hold",
          "id": 55,
          "distance": 10
        }
      ],
      [
        [2, 1, 2], {
          "pos": [2, 10.6],
          "type": "hold",
          "id": 47,
          "distance": 9
        }
      ],
      [
        [3, 0, 2], {
          "pos": [3, 9.6],
          "type": "hold",
          "id": 48,
          "distance": 9
        }
      ],
      [
        [3, 1, 2], {
          "pos": [3, 10.6],
          "type": "hold",
          "id": 40,
          "distance": 8
        }
      ],
      [
        [4, 0, 2], {
          "pos": [4, 9.6],
          "type": "hold",
          "id": 57,
          "distance": 10
        }
      ],
      [
        [4, 1, 2], {
          "pos": [4, 10.6],
          "type": "hold",
          "id": 50,
          "distance": 9
        }
      ],
      [
        [5, 0, 2], {
          "pos": [5, 9.6],
          "type": "hold",
          "id": 66,
          "distance": 11
        }
      ],
      [
        [5, 1, 2], {
          "pos": [5, 10.6],
          "type": "ramp",
          "id": 60,
          "distance": 10
        }
      ],
      [
        [0, 2, 2], {
          "pos": [0, 11.6],
          "type": "hold",
          "id": 53,
          "distance": 10
        }
      ],
      [
        [2, 2, 2], {
          "pos": [2, 11.6],
          "type": "hold",
          "id": 39,
          "distance": 8
        }
      ],
      [
        [3, 2, 2], {
          "pos": [3, 11.6],
          "type": "ramp",
          "id": 33,
          "distance": 7
        }
      ],
      [
        [4, 2, 2], {
          "pos": [4, 11.6],
          "type": "hold",
          "id": 42,
          "distance": 8
        }
      ],
      [
        [0, 3, 2], {
          "pos": [0, 12.6],
          "type": "hold",
          "id": 46,
          "distance": 9
        }
      ],
      [
        [1, 3, 2], {
          "pos": [1, 12.6],
          "type": "hold",
          "id": 38,
          "distance": 8
        }
      ],
      [
        [2, 3, 2], {
          "pos": [2, 12.6],
          "type": "ramp",
          "id": 32,
          "distance": 7
        }
      ],
      [
        [3, 3, 2], {
          "pos": [3, 12.6],
          "type": "ramp",
          "id": 41,
          "distance": 8
        }
      ],
      [
        [4, 3, 2], {
          "pos": [4, 12.6],
          "type": "hold",
          "id": 51,
          "distance": 9
        }
      ],
      [
        [5, 3, 2], {
          "pos": [5, 12.6],
          "type": "hold",
          "id": 61,
          "distance": 10
        }
      ],
      [
        [0, 0, 3], {
          "pos": [0, 14.399999999999999],
          "type": "hold",
          "id": 83,
          "distance": 15
        }
      ],
      [
        [0, 1, 3], {
          "pos": [0, 15.399999999999999],
          "type": "hold",
          "id": 79,
          "distance": 14
        }
      ],
      [
        [1, 0, 3], {
          "pos": [1, 14.399999999999999],
          "type": "hold",
          "id": 81,
          "distance": 14
        }
      ],
      [
        [1, 1, 3], {
          "pos": [1, 15.399999999999999],
          "type": "hold",
          "id": 75,
          "distance": 13
        }
      ],
      [
        [2, 0, 3], {
          "pos": [2, 14.399999999999999],
          "type": "hold",
          "id": 76,
          "distance": 13
        }
      ],
      [
        [2, 1, 3], {
          "pos": [2, 15.399999999999999],
          "type": "hold",
          "id": 71,
          "distance": 12
        }
      ],
      [
        [3, 0, 3], {
          "pos": [3, 14.399999999999999],
          "type": "hold",
          "id": 82,
          "distance": 14
        }
      ],
      [
        [3, 1, 3], {
          "pos": [3, 15.399999999999999],
          "type": "hold",
          "id": 77,
          "distance": 13
        }
      ],
      [
        [4, 0, 3], {
          "pos": [4, 14.399999999999999],
          "type": "hold",
          "id": 78,
          "distance": 13
        }
      ],
      [
        [4, 1, 3], {
          "pos": [4, 15.399999999999999],
          "type": "hold",
          "id": 72,
          "distance": 12
        }
      ],
      [
        [5, 0, 3], {
          "pos": [5, 14.399999999999999],
          "type": "hold",
          "id": 73,
          "distance": 12
        }
      ],
      [
        [5, 1, 3], {
          "pos": [5, 15.399999999999999],
          "type": "ramp",
          "id": 67,
          "distance": 11
        }
      ],
      [
        [0, 2, 3], {
          "pos": [0, 16.4],
          "type": "hold",
          "id": 74,
          "distance": 13
        }
      ],
      [
        [1, 2, 3], {
          "pos": [1, 16.4],
          "type": "hold",
          "id": 70,
          "distance": 12
        }
      ],
      [
        [2, 2, 3], {
          "pos": [2, 16.4],
          "type": "hold",
          "id": 64,
          "distance": 11
        }
      ],
      [
        [4, 2, 3], {
          "pos": [4, 16.4],
          "type": "hold",
          "id": 65,
          "distance": 11
        }
      ],
      [
        [0, 3, 3], {
          "pos": [0, 17.4],
          "type": "hold",
          "id": 80,
          "distance": 14
        }
      ],
      [
        [2, 3, 3], {
          "pos": [2, 17.4],
          "type": "hold",
          "id": 56,
          "distance": 10
        }
      ],
      [
        [3, 3, 3], {
          "pos": [3, 17.4],
          "type": "ramp",
          "id": 49,
          "distance": 9
        }
      ],
      [
        [4, 3, 3], {
          "pos": [4, 17.4],
          "type": "hold",
          "id": 59,
          "distance": 10
        }
      ],
      [
        [5, 3, 3], {
          "pos": [5, 17.4],
          "type": "hold",
          "id": 68,
          "distance": 11
        }
      ]
    ],
    "edges": [
      [
        [0, 0, 0],
        [0, 1, 0], {}
      ],
      [
        [0, 0, 0],
        [1, 0, 0], {}
      ],
      [
        [0, 1, 0],
        [1, 1, 0], {}
      ],
      [
        [1, 0, 0],
        [1, 1, 0], {}
      ],
      [
        [1, 0, 0],
        [2, 0, 0], {}
      ],
      [
        [1, 1, 0],
        [1, 2, 0], {}
      ],
      [
        [1, 1, 0],
        [2, 1, 0], {}
      ],
      [
        [2, 0, 0],
        [2, 1, 0], {}
      ],
      [
        [2, 0, 0],
        [3, 0, 0], {}
      ],
      [
        [2, 0, 0],
        [2, 0, 1], {
          "ramp": true
        }
      ],
      [
        [2, 1, 0],
        [2, 2, 0], {}
      ],
      [
        [2, 1, 0],
        [3, 1, 0], {}
      ],
      [
        [3, 0, 0],
        [3, 1, 0], {}
      ],
      [
        [3, 0, 0],
        [4, 0, 0], {}
      ],
      [
        [3, 1, 0],
        [3, 2, 0], {}
      ],
      [
        [3, 1, 0],
        [4, 1, 0], {}
      ],
      [
        [4, 0, 0],
        [4, 1, 0], {}
      ],
      [
        [4, 0, 0],
        [5, 0, 0], {}
      ],
      [
        [4, 1, 0],
        [4, 2, 0], {}
      ],
      [
        [4, 1, 0],
        [5, 1, 0], {}
      ],
      [
        [5, 0, 0],
        [5, 1, 0], {}
      ],
      [
        [5, 1, 0],
        [5, 2, 0], {}
      ],
      [
        [1, 2, 0],
        [2, 2, 0], {}
      ],
      [
        [1, 2, 0],
        [1, 2, 1], {
          "ramp": true
        }
      ],
      [
        [2, 2, 0],
        [2, 3, 0], {}
      ],
      [
        [2, 2, 0],
        [3, 2, 0], {}
      ],
      [
        [3, 2, 0],
        [3, 3, 0], {}
      ],
      [
        [3, 2, 0],
        [4, 2, 0], {}
      ],
      [
        [4, 2, 0],
        [4, 3, 0], {}
      ],
      [
        [4, 2, 0],
        [5, 2, 0], {}
      ],
      [
        [5, 2, 0],
        [5, 3, 0], {}
      ],
      [
        [2, 3, 0],
        [3, 3, 0], {}
      ],
      [
        [3, 3, 0],
        [4, 3, 0], {}
      ],
      [
        [4, 3, 0],
        [5, 3, 0], {}
      ],
      [
        [0, 0, 1],
        [0, 1, 1], {}
      ],
      [
        [0, 0, 1],
        [1, 0, 1], {}
      ],
      [
        [0, 1, 1],
        [1, 1, 1], {}
      ],
      [
        [1, 0, 1],
        [1, 1, 1], {}
      ],
      [
        [1, 0, 1],
        [2, 0, 1], {}
      ],
      [
        [1, 1, 1],
        [1, 2, 1], {}
      ],
      [
        [1, 1, 1],
        [2, 1, 1], {}
      ],
      [
        [2, 0, 1],
        [2, 1, 1], {}
      ],
      [
        [2, 1, 1],
        [2, 2, 1], {}
      ],
      [
        [2, 1, 1],
        [3, 1, 1], {}
      ],
      [
        [3, 1, 1],
        [3, 2, 1], {}
      ],
      [
        [3, 1, 1],
        [4, 1, 1], {}
      ],
      [
        [4, 0, 1],
        [4, 1, 1], {}
      ],
      [
        [4, 0, 1],
        [5, 0, 1], {}
      ],
      [
        [4, 1, 1],
        [5, 1, 1], {}
      ],
      [
        [5, 0, 1],
        [5, 1, 1], {}
      ],
      [
        [5, 1, 1],
        [5, 2, 1], {}
      ],
      [
        [1, 2, 1],
        [1, 3, 1], {}
      ],
      [
        [1, 2, 1],
        [2, 2, 1], {}
      ],
      [
        [2, 2, 1],
        [2, 3, 1], {}
      ],
      [
        [2, 2, 1],
        [3, 2, 1], {}
      ],
      [
        [3, 2, 1],
        [3, 2, 2], {
          "ramp": true
        }
      ],
      [
        [5, 2, 1],
        [5, 3, 1], {}
      ],
      [
        [0, 3, 1],
        [1, 3, 1], {}
      ],
      [
        [1, 3, 1],
        [2, 3, 1], {}
      ],
      [
        [2, 3, 1],
        [2, 3, 2], {
          "ramp": true
        }
      ],
      [
        [4, 3, 1],
        [5, 3, 1], {}
      ],
      [
        [0, 0, 2],
        [0, 1, 2], {}
      ],
      [
        [0, 0, 2],
        [1, 0, 2], {}
      ],
      [
        [0, 1, 2],
        [0, 2, 2], {}
      ],
      [
        [0, 1, 2],
        [1, 1, 2], {}
      ],
      [
        [1, 0, 2],
        [1, 1, 2], {}
      ],
      [
        [1, 0, 2],
        [2, 0, 2], {}
      ],
      [
        [1, 1, 2],
        [2, 1, 2], {}
      ],
      [
        [2, 0, 2],
        [2, 1, 2], {}
      ],
      [
        [2, 0, 2],
        [3, 0, 2], {}
      ],
      [
        [2, 1, 2],
        [2, 2, 2], {}
      ],
      [
        [2, 1, 2],
        [3, 1, 2], {}
      ],
      [
        [3, 0, 2],
        [3, 1, 2], {}
      ],
      [
        [3, 0, 2],
        [4, 0, 2], {}
      ],
      [
        [3, 1, 2],
        [3, 2, 2], {}
      ],
      [
        [3, 1, 2],
        [4, 1, 2], {}
      ],
      [
        [4, 0, 2],
        [4, 1, 2], {}
      ],
      [
        [4, 0, 2],
        [5, 0, 2], {}
      ],
      [
        [4, 1, 2],
        [4, 2, 2], {}
      ],
      [
        [4, 1, 2],
        [5, 1, 2], {}
      ],
      [
        [5, 0, 2],
        [5, 1, 2], {}
      ],
      [
        [5, 1, 2],
        [5, 1, 3], {
          "ramp": true
        }
      ],
      [
        [0, 2, 2],
        [0, 3, 2], {}
      ],
      [
        [2, 2, 2],
        [2, 3, 2], {}
      ],
      [
        [2, 2, 2],
        [3, 2, 2], {}
      ],
      [
        [3, 2, 2],
        [3, 3, 2], {}
      ],
      [
        [3, 2, 2],
        [4, 2, 2], {}
      ],
      [
        [4, 2, 2],
        [4, 3, 2], {}
      ],
      [
        [0, 3, 2],
        [1, 3, 2], {}
      ],
      [
        [1, 3, 2],
        [2, 3, 2], {}
      ],
      [
        [2, 3, 2],
        [3, 3, 2], {}
      ],
      [
        [3, 3, 2],
        [4, 3, 2], {}
      ],
      [
        [3, 3, 2],
        [3, 3, 3], {
          "ramp": true
        }
      ],
      [
        [4, 3, 2],
        [5, 3, 2], {}
      ],
      [
        [0, 0, 3],
        [0, 1, 3], {}
      ],
      [
        [0, 0, 3],
        [1, 0, 3], {}
      ],
      [
        [0, 1, 3],
        [0, 2, 3], {}
      ],
      [
        [0, 1, 3],
        [1, 1, 3], {}
      ],
      [
        [1, 0, 3],
        [1, 1, 3], {}
      ],
      [
        [1, 0, 3],
        [2, 0, 3], {}
      ],
      [
        [1, 1, 3],
        [1, 2, 3], {}
      ],
      [
        [1, 1, 3],
        [2, 1, 3], {}
      ],
      [
        [2, 0, 3],
        [2, 1, 3], {}
      ],
      [
        [2, 0, 3],
        [3, 0, 3], {}
      ],
      [
        [2, 1, 3],
        [2, 2, 3], {}
      ],
      [
        [2, 1, 3],
        [3, 1, 3], {}
      ],
      [
        [3, 0, 3],
        [3, 1, 3], {}
      ],
      [
        [3, 0, 3],
        [4, 0, 3], {}
      ],
      [
        [3, 1, 3],
        [4, 1, 3], {}
      ],
      [
        [4, 0, 3],
        [4, 1, 3], {}
      ],
      [
        [4, 0, 3],
        [5, 0, 3], {}
      ],
      [
        [4, 1, 3],
        [4, 2, 3], {}
      ],
      [
        [4, 1, 3],
        [5, 1, 3], {}
      ],
      [
        [5, 0, 3],
        [5, 1, 3], {}
      ],
      [
        [0, 2, 3],
        [0, 3, 3], {}
      ],
      [
        [0, 2, 3],
        [1, 2, 3], {}
      ],
      [
        [1, 2, 3],
        [2, 2, 3], {}
      ],
      [
        [2, 2, 3],
        [2, 3, 3], {}
      ],
      [
        [4, 2, 3],
        [4, 3, 3], {}
      ],
      [
        [2, 3, 3],
        [3, 3, 3], {}
      ],
      [
        [3, 3, 3],
        [4, 3, 3], {}
      ],
      [
        [4, 3, 3],
        [5, 3, 3], {}
      ]
    ]
  }
}