{
  "N": 86,
  "E": [
    [0, 1],
    [0, 2],
    [1, 3],
    [1, 4],
    [2, 4],
    [2, 5],
    [4, 7],
    [4, 8],
    [5, 8],
    [5, 9],
    [8, 11],
    [9, 11],
    [9, 12],
    [11, 15],
    [11, 16],
    [12, 16],
    [12, 17],
    [16, 23],
    [16, 24],
    [17, 24],
    [17, 25],
    [24, 35],
    [24, 36],
    [25, 36],
    [25, 37],
    [36, 48],
    [36, 49],
    [37, 49],
    [49, 59],
    [3, 6],
    [3, 7],
    [7, 10],
    [15, 22],
    [15, 23],
    [23, 34],
    [23, 35],
    [23, 33],
    [35, 47],
    [35, 48],
    [48, 58],
    [48, 59],
    [59, 67],
    [6, 10],
    [10, 14],
    [10, 13],
    [14, 22],
    [22, 34],
    [34, 47],
    [47, 58],
    [58, 67],
    [50, 38],
    [50, 40],
    [50, 60],
    [38, 26],
    [38, 28],
    [40, 28],
    [40, 52],
    [28, 19],
    [28, 42],
    [52, 42],
    [52, 62],
    [42, 30],
    [62, 69],
    [69, 64],
    [64, 56],
    [64, 72],
    [56, 46],
    [56, 65],
    [72, 65],
    [72, 78],
    [65, 73],
    [78, 73],
    [73, 79],
    [26, 18],
    [26, 19],
    [19, 13],
    [19, 30],
    [30, 21],
    [30, 44],
    [44, 32],
    [44, 33],
    [33, 46],
    [46, 57],
    [79, 74],
    [18, 13],
    [13, 21],
    [13, 20],
    [21, 32],
    [57, 66],
    [66, 74],
    [60, 51],
    [51, 41],
    [51, 61],
    [41, 29],
    [41, 53],
    [61, 53],
    [61, 68],
    [53, 43],
    [68, 75],
    [75, 70],
    [70, 63],
    [70, 76],
    [76, 71],
    [85, 84],
    [84, 82],
    [82, 81],
    [39, 27],
    [39, 29],
    [29, 20],
    [29, 43],
    [43, 31],
    [43, 54],
    [54, 45],
    [54, 63],
    [63, 55],
    [63, 71],
    [71, 77],
    [77, 80],
    [77, 81],
    [81, 83],
    [27, 20],
    [20, 31],
    [31, 45],
    [45, 55],
    [80, 83]
  ],
  "P": 13,
  "K": [
    [
      [0, 5], 12
    ],
    [
      [0, 7], 9
    ],
    [
      [0, 9], 5
    ],
    [
      [0, 10], 10
    ],
    [
      [1, 7], 13
    ],
    [
      [1, 10], 4
    ],
    [
      [1, 11], 1
    ],
    [
      [2, 12], 13
    ],
    [
      [3, 12], 1
    ],
    [
      [4, 10], 16
    ],
    [
      [4, 11], 1
    ],
    [
      [6, 12], 12
    ],
    [
      [8, 12], 18
    ],
    [
      [9, 12], 2
    ],
    [
      [10, 12], 7
    ],
    [
      [11, 12], 30
    ]
  ],
  "F": 100,
  "LB": 32306,
  "grid_graph": {
    "nodes": [
      [
        [0, 0, 0], {
          "pos": [0, 0.0],
          "type": "gate",
          "id": 0,
          "distance": 0
        }
      ],
      [
        [0, 1, 0], {
          "pos": [0, 1.0],
          "type": "hold",
          "id": 1,
          "distance": 1
        }
      ],
      [
        [1, 0, 0], {
          "pos": [1, 0.0],
          "type": "hold",
          "id": 2,
          "distance": 1
        }
      ],
      [
        [1, 1, 0], {
          "pos": [1, 1.0],
          "type": "hold",
          "id": 4,
          "distance": 2
        }
      ],
      [
        [2, 0, 0], {
          "pos": [2, 0.0],
          "type": "hold",
          "id": 5,
          "distance": 2
        }
      ],
      [
        [2, 1, 0], {
          "pos": [2, 1.0],
          "type": "hold",
          "id": 8,
          "distance": 3
        }
      ],
      [
        [3, 0, 0], {
          "pos": [3, 0.0],
          "type": "hold",
          "id": 9,
          "distance": 3
        }
      ],
      [
        [3, 1, 0], {
          "pos": [3, 1.0],
          "type": "hold",
          "id": 11,
          "distance": 4
        }
      ],
      [
        [4, 0, 0], {
          "pos": [4, 0.0],
          "type": "hold",
          "id": 12,
          "distance": 4
        }
      ],
      [
        [4, 1, 0], {
          "pos": [4, 1.0],
          "type": "hold",
          "id": 16,
          "distance": 5
        }
      ],
      [
        [5, 0, 0], {
          "pos": [5, 0.0],
          "type": "hold",
          "id": 17,
          "distance": 5
        }
      ],
      [
        [5, 1, 0], {
          "pos": [5, 1.0],
          "type": "hold",
          "id": 24,
          "distance": 6
        }
      ],
      [
        [6, 0, 0], {
          "pos": [6, 0.0],
          "type": "hold",
          "id": 25,
          "distance": 6
        }
      ],
      [
        [6, 1, 0], {
          "pos": [6, 1.0],
          "type": "hold",
          "id": 36,
          "distance": 7
        }
      ],
      [
        [7, 0, 0], {
          "pos": [7, 0.0],
          "type": "hold",
          "id": 37,
          "distance": 7
        }
      ],
      [
        [7, 1, 0], {
          "pos": [7, 1.0],
          "type": "hold",
          "id": 49,
          "distance": 8
        }
      ],
      [
        [0, 2, 0], {
          "pos": [0, 2.0],
          "type": "hold",
          "id": 3,
          "distance": 2
        }
      ],
      [
        [1, 2, 0], {
          "pos": [1, 2.0],
          "type": "hold",
          "id": 7,
          "distance": 3
        }
      ],
      [
        [3, 2, 0], {
          "pos": [3, 2.0],
          "type": "hold",
          "id": 15,
          "distance": 5
        }
      ],
      [
        [4, 2, 0], {
          "pos": [4, 2.0],
          "type": "ramp",
          "id": 23,
          "distance": 6
        }
      ],
      [
        [5, 2, 0], {
          "pos": [5, 2.0],
          "type": "hold",
          "id": 35,
          "distance": 7
        }
      ],
      [
        [6, 2, 0], {
          "pos": [6, 2.0],
          "type": "hold",
          "id": 48,
          "distance": 8
        }
      ],
      [
        [7, 2, 0], {
          "pos": [7, 2.0],
          "type": "hold",
          "id": 59,
          "distance": 9
        }
      ],
      [
        [0, 3, 0], {
          "pos": [0, 3.0],
          "type": "hold",
          "id": 6,
          "distance": 3
        }
      ],
      [
        [1, 3, 0], {
          "pos": [1, 3.0],
          "type": "ramp",
          "id": 10,
          "distance": 4
        }
      ],
      [
        [2, 3, 0], {
          "pos": [2, 3.0],
          "type": "hold",
          "id": 14,
          "distance": 5
        }
      ],
      [
        [3, 3, 0], {
          "pos": [3, 3.0],
          "type": "hold",
          "id": 22,
          "distance": 6
        }
      ],
      [
        [4, 3, 0], {
          "pos": [4, 3.0],
          "type": "hold",
          "id": 34,
          "distance": 7
        }
      ],
      [
        [5, 3, 0], {
          "pos": [5, 3.0],
          "type": "hold",
          "id": 47,
          "distance": 8
        }
      ],
      [
        [6, 3, 0], {
          "pos": [6, 3.0],
          "type": "hold",
          "id": 58,
          "distance": 9
        }
      ],
      [
        [7, 3, 0], {
          "pos": [7, 3.0],
          "type": "hold",
          "id": 67,
          "distance": 10
        }
      ],
      [
        [0, 0, 1], {
          "pos": [0, 4.8],
          "type": "ramp",
          "id": 50,
          "distance": 9
        }
      ],
      [
        [0, 1, 1], {
          "pos": [0, 5.8],
          "type": "hold",
          "id": 38,
          "distance": 8
        }
      ],
      [
        [1, 0, 1], {
          "pos": [1, 4.8],
          "type": "hold",
          "id": 40,
          "distance": 8
        }
      ],
      [
        [1, 1, 1], {
          "pos": [1, 5.8],
          "type": "hold",
          "id": 28,
          "distance": 7
        }
      ],
      [
        [2, 0, 1], {
          "pos": [2, 4.8],
          "type": "hold",
          "id": 52,
          "distance": 9
        }
      ],
      [
        [2, 1, 1], {
          "pos": [2, 5.8],
          "type": "hold",
          "id": 42,
          "distance": 8
        }
      ],
      [
        [3, 0, 1], {
          "pos": [3, 4.8],
          "type": "hold",
          "id": 62,
          "distance": 10
        }
      ],
      [
        [4, 0, 1], {
          "pos": [4, 4.8],
          "type": "hold",
          "id": 69,
          "distance": 11
        }
      ],
      [
        [5, 0, 1], {
          "pos": [5, 4.8],
          "type": "hold",
          "id": 64,
          "distance": 10
        }
      ],
      [
        [5, 1, 1], {
          "pos": [5, 5.8],
          "type": "hold",
          "id": 56,
          "distance": 9
        }
      ],
      [
        [6, 0, 1], {
          "pos": [6, 4.8],
          "type": "hold",
          "id": 72,
          "distance": 11
        }
      ],
      [
        [6, 1, 1], {
          "pos": [6, 5.8],
          "type": "hold",
          "id": 65,
          "distance": 10
        }
      ],
      [
        [7, 0, 1], {
          "pos": [7, 4.8],
          "type": "hold",
          "id": 78,
          "distance": 12
        }
      ],
      [
        [7, 1, 1], {
          "pos": [7, 5.8],
          "type": "hold",
          "id": 73,
          "distance": 11
        }
      ],
      [
        [0, 2, 1], {
          "pos": [0, 6.8],
          "type": "hold",
          "id": 26,
          "distance": 7
        }
      ],
      [
        [1, 2, 1], {
          "pos": [1, 6.8],
          "type": "hold",
          "id": 19,
          "distance": 6
        }
      ],
      [
        [2, 2, 1], {
          "pos": [2, 6.8],
          "type": "hold",
          "id": 30,
          "distance": 7
        }
      ],
      [
        [3, 2, 1], {
          "pos": [3, 6.8],
          "type": "hold",
          "id": 44,
          "distance": 8
        }
      ],
      [
        [4, 2, 1], {
          "pos": [4, 6.8],
          "type": "ramp",
          "id": 33,
          "distance": 7
        }
      ],
      [
        [5, 2, 1], {
          "pos": [5, 6.8],
          "type": "hold",
          "id": 46,
          "distance": 8
        }
      ],
      [
        [7, 2, 1], {
          "pos": [7, 6.8],
          "type": "hold",
          "id": 79,
          "distance": 12
        }
      ],
      [
        [0, 3, 1], {
          "pos": [0, 7.8],
          "type": "hold",
          "id": 18,
          "distance": 6
        }
      ],
      [
        [1, 3, 1], {
          "pos": [1, 7.8],
          "type": "ramp",
          "id": 13,
          "distance": 5
        }
      ],
      [
        [2, 3, 1], {
          "pos": [2, 7.8],
          "type": "hold",
          "id": 21,
          "distance": 6
        }
      ],
      [
        [3, 3, 1], {
          "pos": [3, 7.8],
          "type": "hold",
          "id": 32,
          "distance": 7
        }
      ],
      [
        [5, 3, 1], {
          "pos": [5, 7.8],
          "type": "hold",
          "id": 57,
          "distance": 9
        }
      ],
      [
        [6, 3, 1], {
          "pos": [6, 7.8],
          "type": "hold",
          "id": 66,
          "distance": 10
        }
      ],
      [
        [7, 3, 1], {
          "pos": [7, 7.8],
          "type": "hold",
          "id": 74,
          "distance": 11
        }
      ],
      [
        [0, 0, 2], {
          "pos": [0, 9.6],
          "type": "ramp",
          "id": 60,
          "distance": 10
        }
      ],
      [
        [1, 0, 2], {
          "pos": [1, 9.6],
          "type": "hold",
          "id": 51,
          "distance": 9
        }
      ],
      [
        [1, 1, 2], {
          "pos": [1, 10.6],
          "type": "hold",
          "id": 41,
          "distance": 8
        }
      ],
      [
        [2, 0, 2], {
          "pos": [2, 9.6],
          "type": "hold",
          "id": 61,
          "distance": 10
        }
      ],
      [
        [2, 1, 2], {
          "pos": [2, 10.6],
          "type": "hold",
          "id": 53,
          "distance": 9
        }
      ],
      [
        [3, 0, 2], {
          "pos": [3, 9.6],
          "type": "hold",
          "id": 68,
          "distance": 11
        }
      ],
      [
        [4, 0, 2], {
          "pos": [4, 9.6],
          "type": "hold",
          "id": 75,
          "distance": 12
        }
      ],
      [
        [4, 1, 2], {
          "pos": [4, 10.6],
          "type": "hold",
          "id": 70,
          "distance": 11
        }
      ],
      [
        [5, 1, 2], {
          "pos": [5, 10.6],
          "type": "hold",
          "id": 76,
          "distance": 12
        }
      ],
      [
        [6, 0, 2], {
          "pos": [6, 9.6],
          "type": "hold",
          "id": 85,
          "distance": 16
        }
      ],
      [
        [7, 0, 2], {
          "pos": [7, 9.6],
          "type": "hold",
          "id": 84,
          "distance": 15
        }
      ],
      [
        [7, 1, 2], {
          "pos": [7, 10.6],
          "type": "hold",
          "id": 82,
          "distance": 14
        }
      ],
      [
        [0, 2, 2], {
          "pos": [0, 11.6],
          "type": "hold",
          "id": 39,
          "distance": 8
        }
      ],
      [
        [1, 2, 2], {
          "pos": [1, 11.6],
          "type": "hold",
          "id": 29,
          "distance": 7
        }
      ],
      [
        [2, 2, 2], {
          "pos": [2, 11.6],
          "type": "hold",
          "id": 43,
          "distance": 8
        }
      ],
      [
        [3, 2, 2], {
          "pos": [3, 11.6],
          "type": "hold",
          "id": 54,
          "distance": 9
        }
      ],
      [
        [4, 2, 2], {
          "pos": [4, 11.6],
          "type": "hold",
          "id": 63,
          "distance": 10
        }
      ],
      [
        [5, 2, 2], {
          "pos": [5, 11.6],
          "type": "hold",
          "id": 71,
          "distance": 11
        }
      ],
      [
        [6, 2, 2], {
          "pos": [6, 11.6],
          "type": "hold",
          "id": 77,
          "distance": 12
        }
      ],
      [
        [7, 2, 2], {
          "pos": [7, 11.6],
          "type": "hold",
          "id": 81,
          "distance": 13
        }
      ],
      [
        [0, 3, 2], {
          "pos": [0, 12.6],
          "type": "hold",
          "id": 27,
          "distance": 7
        }
      ],
      [
        [1, 3, 2], {
          "pos": [1, 12.6],
          "type": "ramp",
          "id": 20,
          "distance": 6
        }
      ],
      [
        [2, 3, 2], {
          "pos": [2, 12.6],
          "type": "hold",
          "id": 31,
          "distance": 7
        }
      ],
      [
        [3, 3, 2], {
          "pos": [3, 12.6],
          "type": "hold",
          "id": 45,
          "distance": 8
        }
      ],
      [
        [4, 3, 2], {
          "pos": [4, 12.6],
          "type": "hold",
          "id": 55,
          "distance": 9
        }
      ],
      [
        [6, 3, 2], {
          "pos": [6, 12.6],
          "type": "hold",
          "id": 80,
          "distance": 13
        }
      ],
      [
        [7, 3, 2], {
          "pos": [7, 12.6],
          "type": "hold",
          "id": 83,
          "distance": 14
        }
      ]
    ],
    "edges": [
      [
        [0, 0, 0],
        [0, 1, 0], {}
      ],
      [
        [0, 0, 0],
        [1, 0, 0], {}
      ],
      [
        [0, 1, 0],
        [0, 2, 0], {}
      ],
      [
        [0, 1, 0],
        [1, 1, 0], {}
      ],
      [
        [1, 0, 0],
        [1, 1, 0], {}
      ],
      [
        [1, 0, 0],
        [2, 0, 0], {}
      ],
      [
        [1, 1, 0],
        [1, 2, 0], {}
      ],
      [
        [1, 1, 0],
        [2, 1, 0], {}
      ],
      [
        [2, 0, 0],
        [2, 1, 0], {}
      ],
      [
        [2, 0, 0],
        [3, 0, 0], {}
      ],
      [
        [2, 1, 0],
        [3, 1, 0], {}
      ],
      [
        [3, 0, 0],
        [3, 1, 0], {}
      ],
      [
        [3, 0, 0],
        [4, 0, 0], {}
      ],
      [
        [3, 1, 0],
        [3, 2, 0], {}
      ],
      [
        [3, 1, 0],
        [4, 1, 0], {}
      ],
      [
        [4, 0, 0],
        [4, 1, 0], {}
      ],
      [
        [4, 0, 0],
        [5, 0, 0], {}
      ],
      [
        [4, 1, 0],
        [4, 2, 0], {}
      ],
      [
        [4, 1, 0],
        [5, 1, 0], {}
      ],
      [
        [5, 0, 0],
        [5, 1, 0], {}
      ],
      [
        [5, 0, 0],
        [6, 0, 0], {}
      ],
      [
        [5, 1, 0],
        [5, 2, 0], {}
      ],
      [
        [5, 1, 0],
        [6, 1, 0], {}
      ],
      [
        [6, 0, 0],
        [6, 1, 0], {}
      ],
      [
        [6, 0, 0],
        [7, 0, 0], {}
      ],
      [
        [6, 1, 0],
        [6, 2, 0], {}
      ],
      [
        [6, 1, 0],
        [7, 1, 0], {}
      ],
      [
        [7, 0, 0],
        [7, 1, 0], {}
      ],
      [
        [7, 1, 0],
        [7, 2, 0], {}
      ],
      [
        [0, 2, 0],
        [0, 3, 0], {}
      ],
      [
        [0, 2, 0],
        [1, 2, 0], {}
      ],
      [
        [1, 2, 0],
        [1, 3, 0], {}
      ],
      [
        [3, 2, 0],
        [3, 3, 0], {}
      ],
      [
        [3, 2, 0],
        [4, 2, 0], {}
      ],
      [
        [4, 2, 0],
        [4, 3, 0], {}
      ],
      [
        [4, 2, 0],
        [5, 2, 0], {}
      ],
      [
        [4, 2, 0],
        [4, 2, 1], {
          "ramp": true
        }
      ],
      [
        [5, 2, 0],
        [5, 3, 0], {}
      ],
      [
        [5, 2, 0],
        [6, 2, 0], {}
      ],
      [
        [6, 2, 0],
        [6, 3, 0], {}
      ],
      [
        [6, 2, 0],
        [7, 2, 0], {}
      ],
      [
        [7, 2, 0],
        [7, 3, 0], {}
      ],
      [
        [0, 3, 0],
        [1, 3, 0], {}
      ],
      [
        [1, 3, 0],
        [2, 3, 0], {}
      ],
      [
        [1, 3, 0],
        [1, 3, 1], {
          "ramp": true
        }
      ],
      [
        [2, 3, 0],
        [3, 3, 0], {}
      ],
      [
        [3, 3, 0],
        [4, 3, 0], {}
      ],
      [
        [4, 3, 0],
        [5, 3, 0], {}
      ],
      [
        [5, 3, 0],
        [6, 3, 0], {}
      ],
      [
        [6, 3, 0],
        [7, 3, 0], {}
      ],
      [
        [0, 0, 1],
        [0, 1, 1], {}
      ],
      [
        [0, 0, 1],
        [1, 0, 1], {}
      ],
      [
        [0, 0, 1],
        [0, 0, 2], {
          "ramp": true
        }
      ],
      [
        [0, 1, 1],
        [0, 2, 1], {}
      ],
      [
        [0, 1, 1],
        [1, 1, 1], {}
      ],
      [
        [1, 0, 1],
        [1, 1, 1], {}
      ],
      [
        [1, 0, 1],
        [2, 0, 1], {}
      ],
      [
        [1, 1, 1],
        [1, 2, 1], {}
      ],
      [
        [1, 1, 1],
        [2, 1, 1], {}
      ],
      [
        [2, 0, 1],
        [2, 1, 1], {}
      ],
      [
        [2, 0, 1],
        [3, 0, 1], {}
      ],
      [
        [2, 1, 1],
        [2, 2, 1], {}
      ],
      [
        [3, 0, 1],
        [4, 0, 1], {}
      ],
      [
        [4, 0, 1],
        [5, 0, 1], {}
      ],
      [
        [5, 0, 1],
        [5, 1, 1], {}
      ],
      [
        [5, 0, 1],
        [6, 0, 1], {}
      ],
      [
        [5, 1, 1],
        [5, 2, 1], {}
      ],
      [
        [5, 1, 1],
        [6, 1, 1], {}
      ],
      [
        [6, 0, 1],
        [6, 1, 1], {}
      ],
      [
        [6, 0, 1],
        [7, 0, 1], {}
      ],
      [
        [6, 1, 1],
        [7, 1, 1], {}
      ],
      [
        [7, 0, 1],
        [7, 1, 1], {}
      ],
      [
        [7, 1, 1],
        [7, 2, 1], {}
      ],
      [
        [0, 2, 1],
        [0, 3, 1], {}
      ],
      [
        [0, 2, 1],
        [1, 2, 1], {}
      ],
      [
        [1, 2, 1],
        [1, 3, 1], {}
      ],
      [
        [1, 2, 1],
        [2, 2, 1], {}
      ],
      [
        [2, 2, 1],
        [2, 3, 1], {}
      ],
      [
        [2, 2, 1],
        [3, 2, 1], {}
      ],
      [
        [3, 2, 1],
        [3, 3, 1], {}
      ],
      [
        [3, 2, 1],
        [4, 2, 1], {}
      ],
      [
        [4, 2, 1],
        [5, 2, 1], {}
      ],
      [
        [5, 2, 1],
        [5, 3, 1], {}
      ],
      [
        [7, 2, 1],
        [7, 3, 1], {}
      ],
      [
        [0, 3, 1],
        [1, 3, 1], {}
      ],
      [
        [1, 3, 1],
        [2, 3, 1], {}
      ],
      [
        [1, 3, 1],
        [1, 3, 2], {
          "ramp": true
        }
      ],
      [
        [2, 3, 1],
        [3, 3, 1], {}
      ],
      [
        [5, 3, 1],
        [6, 3, 1], {}
      ],
      [
        [6, 3, 1],
        [7, 3, 1], {}
      ],
      [
        [0, 0, 2],
        [1, 0, 2], {}
      ],
      [
        [1, 0, 2],
        [1, 1, 2], {}
      ],
      [
        [1, 0, 2],
        [2, 0, 2], {}
      ],
      [
        [1, 1, 2],
        [1, 2, 2], {}
      ],
      [
        [1, 1, 2],
        [2, 1, 2], {}
      ],
      [
        [2, 0, 2],
        [2, 1, 2], {}
      ],
      [
        [2, 0, 2],
        [3, 0, 2], {}
      ],
      [
        [2, 1, 2],
        [2, 2, 2], {}
      ],
      [
        [3, 0, 2],
        [4, 0, 2], {}
      ],
      [
        [4, 0, 2],
        [4, 1, 2], {}
      ],
      [
        [4, 1, 2],
        [4, 2, 2], {}
      ],
      [
        [4, 1, 2],
        [5, 1, 2], {}
      ],
      [
        [5, 1, 2],
        [5, 2, 2], {}
      ],
      [
        [6, 0, 2],
        [7, 0, 2], {}
      ],
      [
        [7, 0, 2],
        [7, 1, 2], {}
      ],
      [
        [7, 1, 2],
        [7, 2, 2], {}
      ],
      [
        [0, 2, 2],
        [0, 3, 2], {}
      ],
      [
        [0, 2, 2],
        [1, 2, 2], {}
      ],
      [
        [1, 2, 2],
        [1, 3, 2], {}
      ],
      [
        [1, 2, 2],
        [2, 2, 2], {}
      ],
      [
        [2, 2, 2],
        [2, 3, 2], {}
      ],
      [
        [2, 2, 2],
        [3, 2, 2], {}
      ],
      [
        [3, 2, 2],
        [3, 3, 2], {}
      ],
      [
        [3, 2, 2],
        [4, 2, 2], {}
      ],
      [
        [4, 2, 2],
        [4, 3, 2], {}
      ],
      [
        [4, 2, 2],
        [5, 2, 2], {}
      ],
      [
        [5, 2, 2],
        [6, 2, 2], {}
      ],
      [
        [6, 2, 2],
        [6, 3, 2], {}
      ],
      [
        [6, 2, 2],
        [7, 2, 2], {}
      ],
      [
        [7, 2, 2],
        [7, 3, 2], {}
      ],
      [
        [0, 3, 2],
        [1, 3, 2], {}
      ],
      [
        [1, 3, 2],
        [2, 3, 2], {}
      ],
      [
        [2, 3, 2],
        [3, 3, 2], {}
      ],
      [
        [3, 3, 2],
        [4, 3, 2], {}
      ],
      [
        [6, 3, 2],
        [7, 3, 2], {}
      ]
    ]
  }
}