{
  "N": 113,
  "E": [
    [0, 1],
    [0, 2],
    [1, 3],
    [1, 4],
    [2, 4],
    [2, 5],
    [4, 7],
    [4, 8],
    [5, 8],
    [5, 9],
    [8, 11],
    [30, 26],
    [26, 24],
    [26, 31],
    [24, 22],
    [24, 28],
    [31, 28],
    [31, 34],
    [34, 37],
    [37, 39],
    [37, 40],
    [39, 38],
    [39, 41],
    [40, 41],
    [40, 42],
    [41, 43],
    [42, 43],
    [43, 44],
    [43, 45],
    [45, 46],
    [45, 47],
    [49, 47],
    [47, 50],
    [47, 51],
    [51, 54],
    [51, 55],
    [58, 55],
    [58, 63],
    [55, 59],
    [55, 60],
    [63, 60],
    [63, 66],
    [60, 64],
    [66, 64],
    [64, 67],
    [67, 69],
    [71, 69],
    [69, 72],
    [72, 74],
    [77, 74],
    [77, 80],
    [74, 78],
    [80, 78],
    [80, 85],
    [78, 81],
    [78, 82],
    [85, 82],
    [85, 89],
    [82, 86],
    [89, 86],
    [89, 93],
    [86, 90],
    [96, 95],
    [96, 100],
    [100, 98],
    [100, 105],
    [107, 105],
    [107, 111],
    [105, 102],
    [105, 109],
    [111, 109],
    [109, 106],
    [3, 6],
    [3, 7],
    [7, 10],
    [7, 11],
    [11, 12],
    [11, 13],
    [13, 15],
    [13, 16],
    [16, 18],
    [16, 19],
    [19, 21],
    [19, 22],
    [22, 25],
    [38, 36],
    [44, 46],
    [46, 48],
    [46, 50],
    [50, 53],
    [50, 54],
    [54, 57],
    [54, 59],
    [59, 62],
    [81, 84],
    [90, 94],
    [94, 95],
    [95, 97],
    [95, 98],
    [98, 101],
    [98, 102],
    [102, 106],
    [106, 110],
    [6, 10],
    [10, 12],
    [12, 14],
    [12, 15],
    [15, 17],
    [15, 18],
    [18, 20],
    [18, 21],
    [21, 23],
    [21, 25],
    [25, 27],
    [25, 29],
    [29, 32],
    [29, 33],
    [33, 35],
    [33, 36],
    [48, 52],
    [48, 53],
    [53, 56],
    [53, 57],
    [57, 61],
    [57, 62],
    [62, 65],
    [65, 68],
    [75, 73],
    [75, 79],
    [79, 76],
    [79, 83],
    [83, 87],
    [87, 91],
    [87, 84],
    [84, 88],
    [97, 99],
    [97, 101],
    [101, 104],
    [110, 112],
    [14, 17],
    [17, 20],
    [20, 23],
    [23, 27],
    [27, 32],
    [32, 35],
    [52, 56],
    [56, 61],
    [68, 70],
    [70, 73],
    [73, 76],
    [91, 88],
    [88, 92],
    [103, 99],
    [99, 104],
    [104, 108],
    [108, 112]
  ],
  "P": 14,
  "K": [
    [
      [0, 5], 3
    ],
    [
      [1, 8], 31
    ],
    [
      [2, 8], 14
    ],
    [
      [2, 13], 3
    ],
    [
      [3, 7], 9
    ],
    [
      [3, 10], 30
    ],
    [
      [4, 10], 22
    ],
    [
      [6, 13], 1
    ],
    [
      [7, 11], 2
    ],
    [
      [9, 13], 16
    ],
    [
      [10, 13], 34
    ],
    [
      [11, 13], 17
    ],
    [
      [12, 13], 27
    ]
  ],
  "F": 100,
  "LB": 45584,
  "grid_graph": {
    "nodes": [
      [
        [0, 0, 0], {
          "pos": [0, 0.0],
          "type": "gate",
          "id": 0,
          "distance": 0
        }
      ],
      [
        [0, 1, 0], {
          "pos": [0, 1.0],
          "type": "hold",
          "id": 1,
          "distance": 1
        }
      ],
      [
        [1, 0, 0], {
          "pos": [1, 0.0],
          "type": "hold",
          "id": 2,
          "distance": 1
        }
      ],
      [
        [1, 1, 0], {
          "pos": [1, 1.0],
          "type": "hold",
          "id": 4,
          "distance": 2
        }
      ],
      [
        [2, 0, 0], {
          "pos": [2, 0.0],
          "type": "hold",
          "id": 5,
          "distance": 2
        }
      ],
      [
        [2, 1, 0], {
          "pos": [2, 1.0],
          "type": "hold",
          "id": 8,
          "distance": 3
        }
      ],
      [
        [3, 0, 0], {
          "pos": [3, 0.0],
          "type": "hold",
          "id": 9,
          "distance": 3
        }
      ],
      [
        [5, 0, 0], {
          "pos": [5, 0.0],
          "type": "hold",
          "id": 30,
          "distance": 11
        }
      ],
      [
        [6, 0, 0], {
          "pos": [6, 0.0],
          "type": "hold",
          "id": 26,
          "distance": 10
        }
      ],
      [
        [6, 1, 0], {
          "pos": [6, 1.0],
          "type": "hold",
          "id": 24,
          "distance": 9
        }
      ],
      [
        [7, 0, 0], {
          "pos": [7, 0.0],
          "type": "hold",
          "id": 31,
          "distance": 11
        }
      ],
      [
        [7, 1, 0], {
          "pos": [7, 1.0],
          "type": "hold",
          "id": 28,
          "distance": 10
        }
      ],
      [
        [8, 0, 0], {
          "pos": [8, 0.0],
          "type": "hold",
          "id": 34,
          "distance": 12
        }
      ],
      [
        [9, 0, 0], {
          "pos": [9, 0.0],
          "type": "hold",
          "id": 37,
          "distance": 13
        }
      ],
      [
        [9, 1, 0], {
          "pos": [9, 1.0],
          "type": "hold",
          "id": 39,
          "distance": 14
        }
      ],
      [
        [10, 0, 0], {
          "pos": [10, 0.0],
          "type": "hold",
          "id": 40,
          "distance": 14
        }
      ],
      [
        [10, 1, 0], {
          "pos": [10, 1.0],
          "type": "hold",
          "id": 41,
          "distance": 15
        }
      ],
      [
        [11, 0, 0], {
          "pos": [11, 0.0],
          "type": "hold",
          "id": 42,
          "distance": 15
        }
      ],
      [
        [11, 1, 0], {
          "pos": [11, 1.0],
          "type": "hold",
          "id": 43,
          "distance": 16
        }
      ],
      [
        [12, 1, 0], {
          "pos": [12, 1.0],
          "type": "hold",
          "id": 45,
          "distance": 17
        }
      ],
      [
        [13, 0, 0], {
          "pos": [13, 0.0],
          "type": "hold",
          "id": 49,
          "distance": 19
        }
      ],
      [
        [13, 1, 0], {
          "pos": [13, 1.0],
          "type": "hold",
          "id": 47,
          "distance": 18
        }
      ],
      [
        [14, 1, 0], {
          "pos": [14, 1.0],
          "type": "hold",
          "id": 51,
          "distance": 19
        }
      ],
      [
        [15, 0, 0], {
          "pos": [15, 0.0],
          "type": "hold",
          "id": 58,
          "distance": 21
        }
      ],
      [
        [15, 1, 0], {
          "pos": [15, 1.0],
          "type": "hold",
          "id": 55,
          "distance": 20
        }
      ],
      [
        [16, 0, 0], {
          "pos": [16, 0.0],
          "type": "hold",
          "id": 63,
          "distance": 22
        }
      ],
      [
        [16, 1, 0], {
          "pos": [16, 1.0],
          "type": "hold",
          "id": 60,
          "distance": 21
        }
      ],
      [
        [17, 0, 0], {
          "pos": [17, 0.0],
          "type": "hold",
          "id": 66,
          "distance": 23
        }
      ],
      [
        [17, 1, 0], {
          "pos": [17, 1.0],
          "type": "hold",
          "id": 64,
          "distance": 22
        }
      ],
      [
        [18, 1, 0], {
          "pos": [18, 1.0],
          "type": "hold",
          "id": 67,
          "distance": 23
        }
      ],
      [
        [19, 0, 0], {
          "pos": [19, 0.0],
          "type": "hold",
          "id": 71,
          "distance": 25
        }
      ],
      [
        [19, 1, 0], {
          "pos": [19, 1.0],
          "type": "hold",
          "id": 69,
          "distance": 24
        }
      ],
      [
        [20, 1, 0], {
          "pos": [20, 1.0],
          "type": "hold",
          "id": 72,
          "distance": 25
        }
      ],
      [
        [21, 0, 0], {
          "pos": [21, 0.0],
          "type": "hold",
          "id": 77,
          "distance": 27
        }
      ],
      [
        [21, 1, 0], {
          "pos": [21, 1.0],
          "type": "hold",
          "id": 74,
          "distance": 26
        }
      ],
      [
        [22, 0, 0], {
          "pos": [22, 0.0],
          "type": "hold",
          "id": 80,
          "distance": 28
        }
      ],
      [
        [22, 1, 0], {
          "pos": [22, 1.0],
          "type": "hold",
          "id": 78,
          "distance": 27
        }
      ],
      [
        [23, 0, 0], {
          "pos": [23, 0.0],
          "type": "hold",
          "id": 85,
          "distance": 29
        }
      ],
      [
        [23, 1, 0], {
          "pos": [23, 1.0],
          "type": "hold",
          "id": 82,
          "distance": 28
        }
      ],
      [
        [24, 0, 0], {
          "pos": [24, 0.0],
          "type": "hold",
          "id": 89,
          "distance": 30
        }
      ],
      [
        [24, 1, 0], {
          "pos": [24, 1.0],
          "type": "hold",
          "id": 86,
          "distance": 29
        }
      ],
      [
        [25, 0, 0], {
          "pos": [25, 0.0],
          "type": "hold",
          "id": 93,
          "distance": 31
        }
      ],
      [
        [26, 1, 0], {
          "pos": [26, 1.0],
          "type": "hold",
          "id": 96,
          "distance": 33
        }
      ],
      [
        [27, 1, 0], {
          "pos": [27, 1.0],
          "type": "hold",
          "id": 100,
          "distance": 34
        }
      ],
      [
        [28, 0, 0], {
          "pos": [28, 0.0],
          "type": "hold",
          "id": 107,
          "distance": 36
        }
      ],
      [
        [28, 1, 0], {
          "pos": [28, 1.0],
          "type": "hold",
          "id": 105,
          "distance": 35
        }
      ],
      [
        [29, 0, 0], {
          "pos": [29, 0.0],
          "type": "hold",
          "id": 111,
          "distance": 37
        }
      ],
      [
        [29, 1, 0], {
          "pos": [29, 1.0],
          "type": "hold",
          "id": 109,
          "distance": 36
        }
      ],
      [
        [0, 2, 0], {
          "pos": [0, 2.0],
          "type": "hold",
          "id": 3,
          "distance": 2
        }
      ],
      [
        [1, 2, 0], {
          "pos": [1, 2.0],
          "type": "hold",
          "id": 7,
          "distance": 3
        }
      ],
      [
        [2, 2, 0], {
          "pos": [2, 2.0],
          "type": "hold",
          "id": 11,
          "distance": 4
        }
      ],
      [
        [3, 2, 0], {
          "pos": [3, 2.0],
          "type": "hold",
          "id": 13,
          "distance": 5
        }
      ],
      [
        [4, 2, 0], {
          "pos": [4, 2.0],
          "type": "hold",
          "id": 16,
          "distance": 6
        }
      ],
      [
        [5, 2, 0], {
          "pos": [5, 2.0],
          "type": "hold",
          "id": 19,
          "distance": 7
        }
      ],
      [
        [6, 2, 0], {
          "pos": [6, 2.0],
          "type": "hold",
          "id": 22,
          "distance": 8
        }
      ],
      [
        [9, 2, 0], {
          "pos": [9, 2.0],
          "type": "hold",
          "id": 38,
          "distance": 13
        }
      ],
      [
        [11, 2, 0], {
          "pos": [11, 2.0],
          "type": "hold",
          "id": 44,
          "distance": 17
        }
      ],
      [
        [12, 2, 0], {
          "pos": [12, 2.0],
          "type": "hold",
          "id": 46,
          "distance": 18
        }
      ],
      [
        [13, 2, 0], {
          "pos": [13, 2.0],
          "type": "hold",
          "id": 50,
          "distance": 19
        }
      ],
      [
        [14, 2, 0], {
          "pos": [14, 2.0],
          "type": "hold",
          "id": 54,
          "distance": 20
        }
      ],
      [
        [15, 2, 0], {
          "pos": [15, 2.0],
          "type": "hold",
          "id": 59,
          "distance": 21
        }
      ],
      [
        [22, 2, 0], {
          "pos": [22, 2.0],
          "type": "hold",
          "id": 81,
          "distance": 28
        }
      ],
      [
        [24, 2, 0], {
          "pos": [24, 2.0],
          "type": "hold",
          "id": 90,
          "distance": 30
        }
      ],
      [
        [25, 2, 0], {
          "pos": [25, 2.0],
          "type": "hold",
          "id": 94,
          "distance": 31
        }
      ],
      [
        [26, 2, 0], {
          "pos": [26, 2.0],
          "type": "hold",
          "id": 95,
          "distance": 32
        }
      ],
      [
        [27, 2, 0], {
          "pos": [27, 2.0],
          "type": "hold",
          "id": 98,
          "distance": 33
        }
      ],
      [
        [28, 2, 0], {
          "pos": [28, 2.0],
          "type": "hold",
          "id": 102,
          "distance": 34
        }
      ],
      [
        [29, 2, 0], {
          "pos": [29, 2.0],
          "type": "hold",
          "id": 106,
          "distance": 35
        }
      ],
      [
        [0, 3, 0], {
          "pos": [0, 3.0],
          "type": "hold",
          "id": 6,
          "distance": 3
        }
      ],
      [
        [1, 3, 0], {
          "pos": [1, 3.0],
          "type": "hold",
          "id": 10,
          "distance": 4
        }
      ],
      [
        [2, 3, 0], {
          "pos": [2, 3.0],
          "type": "hold",
          "id": 12,
          "distance": 5
        }
      ],
      [
        [3, 3, 0], {
          "pos": [3, 3.0],
          "type": "hold",
          "id": 15,
          "distance": 6
        }
      ],
      [
        [4, 3, 0], {
          "pos": [4, 3.0],
          "type": "hold",
          "id": 18,
          "distance": 7
        }
      ],
      [
        [5, 3, 0], {
          "pos": [5, 3.0],
          "type": "hold",
          "id": 21,
          "distance": 8
        }
      ],
      [
        [6, 3, 0], {
          "pos": [6, 3.0],
          "type": "hold",
          "id": 25,
          "distance": 9
        }
      ],
      [
        [7, 3, 0], {
          "pos": [7, 3.0],
          "type": "hold",
          "id": 29,
          "distance": 10
        }
      ],
      [
        [8, 3, 0], {
          "pos": [8, 3.0],
          "type": "hold",
          "id": 33,
          "distance": 11
        }
      ],
      [
        [9, 3, 0], {
          "pos": [9, 3.0],
          "type": "hold",
          "id": 36,
          "distance": 12
        }
      ],
      [
        [12, 3, 0], {
          "pos": [12, 3.0],
          "type": "hold",
          "id": 48,
          "distance": 19
        }
      ],
      [
        [13, 3, 0], {
          "pos": [13, 3.0],
          "type": "hold",
          "id": 53,
          "distance": 20
        }
      ],
      [
        [14, 3, 0], {
          "pos": [14, 3.0],
          "type": "hold",
          "id": 57,
          "distance": 21
        }
      ],
      [
        [15, 3, 0], {
          "pos": [15, 3.0],
          "type": "hold",
          "id": 62,
          "distance": 22
        }
      ],
      [
        [16, 3, 0], {
          "pos": [16, 3.0],
          "type": "hold",
          "id": 65,
          "distance": 23
        }
      ],
      [
        [18, 3, 0], {
          "pos": [18, 3.0],
          "type": "hold",
          "id": 75,
          "distance": 27
        }
      ],
      [
        [19, 3, 0], {
          "pos": [19, 3.0],
          "type": "hold",
          "id": 79,
          "distance": 28
        }
      ],
      [
        [20, 3, 0], {
          "pos": [20, 3.0],
          "type": "hold",
          "id": 83,
          "distance": 29
        }
      ],
      [
        [21, 3, 0], {
          "pos": [21, 3.0],
          "type": "hold",
          "id": 87,
          "distance": 30
        }
      ],
      [
        [22, 3, 0], {
          "pos": [22, 3.0],
          "type": "hold",
          "id": 84,
          "distance": 29
        }
      ],
      [
        [26, 3, 0], {
          "pos": [26, 3.0],
          "type": "hold",
          "id": 97,
          "distance": 33
        }
      ],
      [
        [27, 3, 0], {
          "pos": [27, 3.0],
          "type": "hold",
          "id": 101,
          "distance": 34
        }
      ],
      [
        [29, 3, 0], {
          "pos": [29, 3.0],
          "type": "hold",
          "id": 110,
          "distance": 36
        }
      ],
      [
        [2, 4, 0], {
          "pos": [2, 4.0],
          "type": "hold",
          "id": 14,
          "distance": 6
        }
      ],
      [
        [3, 4, 0], {
          "pos": [3, 4.0],
          "type": "hold",
          "id": 17,
          "distance": 7
        }
      ],
      [
        [4, 4, 0], {
          "pos": [4, 4.0],
          "type": "hold",
          "id": 20,
          "distance": 8
        }
      ],
      [
        [5, 4, 0], {
          "pos": [5, 4.0],
          "type": "hold",
          "id": 23,
          "distance": 9
        }
      ],
      [
        [6, 4, 0], {
          "pos": [6, 4.0],
          "type": "hold",
          "id": 27,
          "distance": 10
        }
      ],
      [
        [7, 4, 0], {
          "pos": [7, 4.0],
          "type": "hold",
          "id": 32,
          "distance": 11
        }
      ],
      [
        [8, 4, 0], {
          "pos": [8, 4.0],
          "type": "hold",
          "id": 35,
          "distance": 12
        }
      ],
      [
        [12, 4, 0], {
          "pos": [12, 4.0],
          "type": "hold",
          "id": 52,
          "distance": 20
        }
      ],
      [
        [13, 4, 0], {
          "pos": [13, 4.0],
          "type": "hold",
          "id": 56,
          "distance": 21
        }
      ],
      [
        [14, 4, 0], {
          "pos": [14, 4.0],
          "type": "hold",
          "id": 61,
          "distance": 22
        }
      ],
      [
        [16, 4, 0], {
          "pos": [16, 4.0],
          "type": "hold",
          "id": 68,
          "distance": 24
        }
      ],
      [
        [17, 4, 0], {
          "pos": [17, 4.0],
          "type": "hold",
          "id": 70,
          "distance": 25
        }
      ],
      [
        [18, 4, 0], {
          "pos": [18, 4.0],
          "type": "hold",
          "id": 73,
          "distance": 26
        }
      ],
      [
        [19, 4, 0], {
          "pos": [19, 4.0],
          "type": "hold",
          "id": 76,
          "distance": 27
        }
      ],
      [
        [21, 4, 0], {
          "pos": [21, 4.0],
          "type": "hold",
          "id": 91,
          "distance": 31
        }
      ],
      [
        [22, 4, 0], {
          "pos": [22, 4.0],
          "type": "hold",
          "id": 88,
          "distance": 30
        }
      ],
      [
        [23, 4, 0], {
          "pos": [23, 4.0],
          "type": "hold",
          "id": 92,
          "distance": 31
        }
      ],
      [
        [25, 4, 0], {
          "pos": [25, 4.0],
          "type": "hold",
          "id": 103,
          "distance": 35
        }
      ],
      [
        [26, 4, 0], {
          "pos": [26, 4.0],
          "type": "hold",
          "id": 99,
          "distance": 34
        }
      ],
      [
        [27, 4, 0], {
          "pos": [27, 4.0],
          "type": "hold",
          "id": 104,
          "distance": 35
        }
      ],
      [
        [28, 4, 0], {
          "pos": [28, 4.0],
          "type": "hold",
          "id": 108,
          "distance": 36
        }
      ],
      [
        [29, 4, 0], {
          "pos": [29, 4.0],
          "type": "hold",
          "id": 112,
          "distance": 37
        }
      ]
    ],
    "edges": [
      [
        [0, 0, 0],
        [0, 1, 0], {}
      ],
      [
        [0, 0, 0],
        [1, 0, 0], {}
      ],
      [
        [0, 1, 0],
        [0, 2, 0], {}
      ],
      [
        [0, 1, 0],
        [1, 1, 0], {}
      ],
      [
        [1, 0, 0],
        [1, 1, 0], {}
      ],
      [
        [1, 0, 0],
        [2, 0, 0], {}
      ],
      [
        [1, 1, 0],
        [1, 2, 0], {}
      ],
      [
        [1, 1, 0],
        [2, 1, 0], {}
      ],
      [
        [2, 0, 0],
        [2, 1, 0], {}
      ],
      [
        [2, 0, 0],
        [3, 0, 0], {}
      ],
      [
        [2, 1, 0],
        [2, 2, 0], {}
      ],
      [
        [5, 0, 0],
        [6, 0, 0], {}
      ],
      [
        [6, 0, 0],
        [6, 1, 0], {}
      ],
      [
        [6, 0, 0],
        [7, 0, 0], {}
      ],
      [
        [6, 1, 0],
        [6, 2, 0], {}
      ],
      [
        [6, 1, 0],
        [7, 1, 0], {}
      ],
      [
        [7, 0, 0],
        [7, 1, 0], {}
      ],
      [
        [7, 0, 0],
        [8, 0, 0], {}
      ],
      [
        [8, 0, 0],
        [9, 0, 0], {}
      ],
      [
        [9, 0, 0],
        [9, 1, 0], {}
      ],
      [
        [9, 0, 0],
        [10, 0, 0], {}
      ],
      [
        [9, 1, 0],
        [9, 2, 0], {}
      ],
      [
        [9, 1, 0],
        [10, 1, 0], {}
      ],
      [
        [10, 0, 0],
        [10, 1, 0], {}
      ],
      [
        [10, 0, 0],
        [11, 0, 0], {}
      ],
      [
        [10, 1, 0],
        [11, 1, 0], {}
      ],
      [
        [11, 0, 0],
        [11, 1, 0], {}
      ],
      [
        [11, 1, 0],
        [11, 2, 0], {}
      ],
      [
        [11, 1, 0],
        [12, 1, 0], {}
      ],
      [
        [12, 1, 0],
        [12, 2, 0], {}
      ],
      [
        [12, 1, 0],
        [13, 1, 0], {}
      ],
      [
        [13, 0, 0],
        [13, 1, 0], {}
      ],
      [
        [13, 1, 0],
        [13, 2, 0], {}
      ],
      [
        [13, 1, 0],
        [14, 1, 0], {}
      ],
      [
        [14, 1, 0],
        [14, 2, 0], {}
      ],
      [
        [14, 1, 0],
        [15, 1, 0], {}
      ],
      [
        [15, 0, 0],
        [15, 1, 0], {}
      ],
      [
        [15, 0, 0],
        [16, 0, 0], {}
      ],
      [
        [15, 1, 0],
        [15, 2, 0], {}
      ],
      [
        [15, 1, 0],
        [16, 1, 0], {}
      ],
      [
        [16, 0, 0],
        [16, 1, 0], {}
      ],
      [
        [16, 0, 0],
        [17, 0, 0], {}
      ],
      [
        [16, 1, 0],
        [17, 1, 0], {}
      ],
      [
        [17, 0, 0],
        [17, 1, 0], {}
      ],
      [
        [17, 1, 0],
        [18, 1, 0], {}
      ],
      [
        [18, 1, 0],
        [19, 1, 0], {}
      ],
      [
        [19, 0, 0],
        [19, 1, 0], {}
      ],
      [
        [19, 1, 0],
        [20, 1, 0], {}
      ],
      [
        [20, 1, 0],
        [21, 1, 0], {}
      ],
      [
        [21, 0, 0],
        [21, 1, 0], {}
      ],
      [
        [21, 0, 0],
        [22, 0, 0], {}
      ],
      [
        [21, 1, 0],
        [22, 1, 0], {}
      ],
      [
        [22, 0, 0],
        [22, 1, 0], {}
      ],
      [
        [22, 0, 0],
        [23, 0, 0], {}
      ],
      [
        [22, 1, 0],
        [22, 2, 0], {}
      ],
      [
        [22, 1, 0],
        [23, 1, 0], {}
      ],
      [
        [23, 0, 0],
        [23, 1, 0], {}
      ],
      [
        [23, 0, 0],
        [24, 0, 0], {}
      ],
      [
        [23, 1, 0],
        [24, 1, 0], {}
      ],
      [
        [24, 0, 0],
        [24, 1, 0], {}
      ],
      [
        [24, 0, 0],
        [25, 0, 0], {}
      ],
      [
        [24, 1, 0],
        [24, 2, 0], {}
      ],
      [
        [26, 1, 0],
        [26, 2, 0], {}
      ],
      [
        [26, 1, 0],
        [27, 1, 0], {}
      ],
      [
        [27, 1, 0],
        [27, 2, 0], {}
      ],
      [
        [27, 1, 0],
        [28, 1, 0], {}
      ],
      [
        [28, 0, 0],
        [28, 1, 0], {}
      ],
      [
        [28, 0, 0],
        [29, 0, 0], {}
      ],
      [
        [28, 1, 0],
        [28, 2, 0], {}
      ],
      [
        [28, 1, 0],
        [29, 1, 0], {}
      ],
      [
        [29, 0, 0],
        [29, 1, 0], {}
      ],
      [
        [29, 1, 0],
        [29, 2, 0], {}
      ],
      [
        [0, 2, 0],
        [0, 3, 0], {}
      ],
      [
        [0, 2, 0],
        [1, 2, 0], {}
      ],
      [
        [1, 2, 0],
        [1, 3, 0], {}
      ],
      [
        [1, 2, 0],
        [2, 2, 0], {}
      ],
      [
        [2, 2, 0],
        [2, 3, 0], {}
      ],
      [
        [2, 2, 0],
        [3, 2, 0], {}
      ],
      [
        [3, 2, 0],
        [3, 3, 0], {}
      ],
      [
        [3, 2, 0],
        [4, 2, 0], {}
      ],
      [
        [4, 2, 0],
        [4, 3, 0], {}
      ],
      [
        [4, 2, 0],
        [5, 2, 0], {}
      ],
      [
        [5, 2, 0],
        [5, 3, 0], {}
      ],
      [
        [5, 2, 0],
        [6, 2, 0], {}
      ],
      [
        [6, 2, 0],
        [6, 3, 0], {}
      ],
      [
        [9, 2, 0],
        [9, 3, 0], {}
      ],
      [
        [11, 2, 0],
        [12, 2, 0], {}
      ],
      [
        [12, 2, 0],
        [12, 3, 0], {}
      ],
      [
        [12, 2, 0],
        [13, 2, 0], {}
      ],
      [
        [13, 2, 0],
        [13, 3, 0], {}
      ],
      [
        [13, 2, 0],
        [14, 2, 0], {}
      ],
      [
        [14, 2, 0],
        [14, 3, 0], {}
      ],
      [
        [14, 2, 0],
        [15, 2, 0], {}
      ],
      [
        [15, 2, 0],
        [15, 3, 0], {}
      ],
      [
        [22, 2, 0],
        [22, 3, 0], {}
      ],
      [
        [24, 2, 0],
        [25, 2, 0], {}
      ],
      [
        [25, 2, 0],
        [26, 2, 0], {}
      ],
      [
        [26, 2, 0],
        [26, 3, 0], {}
      ],
      [
        [26, 2, 0],
        [27, 2, 0], {}
      ],
      [
        [27, 2, 0],
        [27, 3, 0], {}
      ],
      [
        [27, 2, 0],
        [28, 2, 0], {}
      ],
      [
        [28, 2, 0],
        [29, 2, 0], {}
      ],
      [
        [29, 2, 0],
        [29, 3, 0], {}
      ],
      [
        [0, 3, 0],
        [1, 3, 0], {}
      ],
      [
        [1, 3, 0],
        [2, 3, 0], {}
      ],
      [
        [2, 3, 0],
        [2, 4, 0], {}
      ],
      [
        [2, 3, 0],
        [3, 3, 0], {}
      ],
      [
        [3, 3, 0],
        [3, 4, 0], {}
      ],
      [
        [3, 3, 0],
        [4, 3, 0], {}
      ],
      [
        [4, 3, 0],
        [4, 4, 0], {}
      ],
      [
        [4, 3, 0],
        [5, 3, 0], {}
      ],
      [
        [5, 3, 0],
        [5, 4, 0], {}
      ],
      [
        [5, 3, 0],
        [6, 3, 0], {}
      ],
      [
        [6, 3, 0],
        [6, 4, 0], {}
      ],
      [
        [6, 3, 0],
        [7, 3, 0], {}
      ],
      [
        [7, 3, 0],
        [7, 4, 0], {}
      ],
      [
        [7, 3, 0],
        [8, 3, 0], {}
      ],
      [
        [8, 3, 0],
        [8, 4, 0], {}
      ],
      [
        [8, 3, 0],
        [9, 3, 0], {}
      ],
      [
        [12, 3, 0],
        [12, 4, 0], {}
      ],
      [
        [12, 3, 0],
        [13, 3, 0], {}
      ],
      [
        [13, 3, 0],
        [13, 4, 0], {}
      ],
      [
        [13, 3, 0],
        [14, 3, 0], {}
      ],
      [
        [14, 3, 0],
        [14, 4, 0], {}
      ],
      [
        [14, 3, 0],
        [15, 3, 0], {}
      ],
      [
        [15, 3, 0],
        [16, 3, 0], {}
      ],
      [
        [16, 3, 0],
        [16, 4, 0], {}
      ],
      [
        [18, 3, 0],
        [18, 4, 0], {}
      ],
      [
        [18, 3, 0],
        [19, 3, 0], {}
      ],
      [
        [19, 3, 0],
        [19, 4, 0], {}
      ],
      [
        [19, 3, 0],
        [20, 3, 0], {}
      ],
      [
        [20, 3, 0],
        [21, 3, 0], {}
      ],
      [
        [21, 3, 0],
        [21, 4, 0], {}
      ],
      [
        [21, 3, 0],
        [22, 3, 0], {}
      ],
      [
        [22, 3, 0],
        [22, 4, 0], {}
      ],
      [
        [26, 3, 0],
        [26, 4, 0], {}
      ],
      [
        [26, 3, 0],
        [27, 3, 0], {}
      ],
      [
        [27, 3, 0],
        [27, 4, 0], {}
      ],
      [
        [29, 3, 0],
        [29, 4, 0], {}
      ],
      [
        [2, 4, 0],
        [3, 4, 0], {}
      ],
      [
        [3, 4, 0],
        [4, 4, 0], {}
      ],
      [
        [4, 4, 0],
        [5, 4, 0], {}
      ],
      [
        [5, 4, 0],
        [6, 4, 0], {}
      ],
      [
        [6, 4, 0],
        [7, 4, 0], {}
      ],
      [
        [7, 4, 0],
        [8, 4, 0], {}
      ],
      [
        [12, 4, 0],
        [13, 4, 0], {}
      ],
      [
        [13, 4, 0],
        [14, 4, 0], {}
      ],
      [
        [16, 4, 0],
        [17, 4, 0], {}
      ],
      [
        [17, 4, 0],
        [18, 4, 0], {}
      ],
      [
        [18, 4, 0],
        [19, 4, 0], {}
      ],
      [
        [21, 4, 0],
        [22, 4, 0], {}
      ],
      [
        [22, 4, 0],
        [23, 4, 0], {}
      ],
      [
        [25, 4, 0],
        [26, 4, 0], {}
      ],
      [
        [26, 4, 0],
        [27, 4, 0], {}
      ],
      [
        [27, 4, 0],
        [28, 4, 0], {}
      ],
      [
        [28, 4, 0],
        [29, 4, 0], {}
      ]
    ]
  }
}