{
  "N": 59,
  "E": [
    [0, 1],
    [0, 2],
    [1, 3],
    [1, 4],
    [2, 4],
    [2, 5],
    [4, 7],
    [5, 7],
    [5, 8],
    [7, 11],
    [3, 6],
    [11, 13],
    [13, 15],
    [13, 16],
    [16, 19],
    [6, 9],
    [6, 10],
    [10, 12],
    [15, 18],
    [15, 19],
    [19, 24],
    [9, 12],
    [12, 14],
    [14, 18],
    [14, 17],
    [18, 24],
    [43, 36],
    [43, 52],
    [56, 52],
    [52, 45],
    [52, 46],
    [46, 40],
    [47, 40],
    [47, 53],
    [40, 33],
    [40, 49],
    [53, 49],
    [49, 42],
    [36, 30],
    [36, 45],
    [33, 28],
    [33, 42],
    [42, 35],
    [30, 25],
    [21, 17],
    [21, 28],
    [28, 23],
    [28, 35],
    [35, 29],
    [25, 20],
    [20, 17],
    [17, 23],
    [17, 22],
    [23, 29],
    [55, 51],
    [55, 58],
    [51, 44],
    [39, 32],
    [39, 48],
    [48, 41],
    [48, 54],
    [57, 54],
    [54, 50],
    [44, 37],
    [44, 38],
    [38, 31],
    [38, 32],
    [32, 27],
    [32, 41],
    [41, 34],
    [41, 50],
    [37, 31],
    [31, 26],
    [31, 27],
    [27, 22],
    [27, 34],
    [26, 22]
  ],
  "P": 16,
  "K": [
    [
      [0, 4], 12
    ],
    [
      [1, 5], 7
    ],
    [
      [1, 6], 26
    ],
    [
      [2, 7], 2
    ],
    [
      [3, 11], 2
    ],
    [
      [4, 8], 1
    ],
    [
      [5, 12], 20
    ],
    [
      [6, 9], 2
    ],
    [
      [6, 10], 1
    ],
    [
      [7, 13], 9
    ],
    [
      [7, 15], 1
    ],
    [
      [8, 12], 4
    ],
    [
      [8, 14], 1
    ],
    [
      [9, 14], 3
    ],
    [
      [10, 15], 17
    ],
    [
      [11, 15], 1
    ],
    [
      [12, 15], 2
    ],
    [
      [13, 15], 3
    ],
    [
      [14, 15], 29
    ]
  ],
  "F": 100,
  "LB": 29975,
  "grid_graph": {
    "nodes": [
      [
        [0, 0, 0], {
          "pos": [0, 0.0],
          "type": "gate",
          "id": 0,
          "distance": 0
        }
      ],
      [
        [0, 1, 0], {
          "pos": [0, 1.0],
          "type": "hold",
          "id": 1,
          "distance": 1
        }
      ],
      [
        [1, 0, 0], {
          "pos": [1, 0.0],
          "type": "hold",
          "id": 2,
          "distance": 1
        }
      ],
      [
        [1, 1, 0], {
          "pos": [1, 1.0],
          "type": "hold",
          "id": 4,
          "distance": 2
        }
      ],
      [
        [2, 0, 0], {
          "pos": [2, 0.0],
          "type": "hold",
          "id": 5,
          "distance": 2
        }
      ],
      [
        [2, 1, 0], {
          "pos": [2, 1.0],
          "type": "hold",
          "id": 7,
          "distance": 3
        }
      ],
      [
        [3, 0, 0], {
          "pos": [3, 0.0],
          "type": "hold",
          "id": 8,
          "distance": 3
        }
      ],
      [
        [0, 2, 0], {
          "pos": [0, 2.0],
          "type": "hold",
          "id": 3,
          "distance": 2
        }
      ],
      [
        [2, 2, 0], {
          "pos": [2, 2.0],
          "type": "hold",
          "id": 11,
          "distance": 4
        }
      ],
      [
        [3, 2, 0], {
          "pos": [3, 2.0],
          "type": "hold",
          "id": 13,
          "distance": 5
        }
      ],
      [
        [4, 2, 0], {
          "pos": [4, 2.0],
          "type": "hold",
          "id": 16,
          "distance": 6
        }
      ],
      [
        [0, 3, 0], {
          "pos": [0, 3.0],
          "type": "hold",
          "id": 6,
          "distance": 3
        }
      ],
      [
        [1, 3, 0], {
          "pos": [1, 3.0],
          "type": "hold",
          "id": 10,
          "distance": 4
        }
      ],
      [
        [3, 3, 0], {
          "pos": [3, 3.0],
          "type": "hold",
          "id": 15,
          "distance": 6
        }
      ],
      [
        [4, 3, 0], {
          "pos": [4, 3.0],
          "type": "hold",
          "id": 19,
          "distance": 7
        }
      ],
      [
        [0, 4, 0], {
          "pos": [0, 4.0],
          "type": "hold",
          "id": 9,
          "distance": 4
        }
      ],
      [
        [1, 4, 0], {
          "pos": [1, 4.0],
          "type": "hold",
          "id": 12,
          "distance": 5
        }
      ],
      [
        [2, 4, 0], {
          "pos": [2, 4.0],
          "type": "ramp",
          "id": 14,
          "distance": 6
        }
      ],
      [
        [3, 4, 0], {
          "pos": [3, 4.0],
          "type": "hold",
          "id": 18,
          "distance": 7
        }
      ],
      [
        [4, 4, 0], {
          "pos": [4, 4.0],
          "type": "hold",
          "id": 24,
          "distance": 8
        }
      ],
      [
        [0, 1, 1], {
          "pos": [0, 7.0],
          "type": "hold",
          "id": 43,
          "distance": 12
        }
      ],
      [
        [1, 0, 1], {
          "pos": [1, 6.0],
          "type": "hold",
          "id": 56,
          "distance": 14
        }
      ],
      [
        [1, 1, 1], {
          "pos": [1, 7.0],
          "type": "hold",
          "id": 52,
          "distance": 13
        }
      ],
      [
        [2, 1, 1], {
          "pos": [2, 7.0],
          "type": "hold",
          "id": 46,
          "distance": 12
        }
      ],
      [
        [3, 0, 1], {
          "pos": [3, 6.0],
          "type": "hold",
          "id": 47,
          "distance": 12
        }
      ],
      [
        [3, 1, 1], {
          "pos": [3, 7.0],
          "type": "hold",
          "id": 40,
          "distance": 11
        }
      ],
      [
        [4, 0, 1], {
          "pos": [4, 6.0],
          "type": "hold",
          "id": 53,
          "distance": 13
        }
      ],
      [
        [4, 1, 1], {
          "pos": [4, 7.0],
          "type": "hold",
          "id": 49,
          "distance": 12
        }
      ],
      [
        [0, 2, 1], {
          "pos": [0, 8.0],
          "type": "hold",
          "id": 36,
          "distance": 11
        }
      ],
      [
        [1, 2, 1], {
          "pos": [1, 8.0],
          "type": "hold",
          "id": 45,
          "distance": 12
        }
      ],
      [
        [3, 2, 1], {
          "pos": [3, 8.0],
          "type": "hold",
          "id": 33,
          "distance": 10
        }
      ],
      [
        [4, 2, 1], {
          "pos": [4, 8.0],
          "type": "hold",
          "id": 42,
          "distance": 11
        }
      ],
      [
        [0, 3, 1], {
          "pos": [0, 9.0],
          "type": "hold",
          "id": 30,
          "distance": 10
        }
      ],
      [
        [2, 3, 1], {
          "pos": [2, 9.0],
          "type": "hold",
          "id": 21,
          "distance": 8
        }
      ],
      [
        [3, 3, 1], {
          "pos": [3, 9.0],
          "type": "hold",
          "id": 28,
          "distance": 9
        }
      ],
      [
        [4, 3, 1], {
          "pos": [4, 9.0],
          "type": "hold",
          "id": 35,
          "distance": 10
        }
      ],
      [
        [0, 4, 1], {
          "pos": [0, 10.0],
          "type": "hold",
          "id": 25,
          "distance": 9
        }
      ],
      [
        [1, 4, 1], {
          "pos": [1, 10.0],
          "type": "hold",
          "id": 20,
          "distance": 8
        }
      ],
      [
        [2, 4, 1], {
          "pos": [2, 10.0],
          "type": "ramp",
          "id": 17,
          "distance": 7
        }
      ],
      [
        [3, 4, 1], {
          "pos": [3, 10.0],
          "type": "hold",
          "id": 23,
          "distance": 8
        }
      ],
      [
        [4, 4, 1], {
          "pos": [4, 10.0],
          "type": "hold",
          "id": 29,
          "distance": 9
        }
      ],
      [
        [0, 0, 2], {
          "pos": [0, 12.0],
          "type": "hold",
          "id": 55,
          "distance": 14
        }
      ],
      [
        [0, 1, 2], {
          "pos": [0, 13.0],
          "type": "hold",
          "id": 51,
          "distance": 13
        }
      ],
      [
        [1, 0, 2], {
          "pos": [1, 12.0],
          "type": "hold",
          "id": 58,
          "distance": 15
        }
      ],
      [
        [2, 1, 2], {
          "pos": [2, 13.0],
          "type": "hold",
          "id": 39,
          "distance": 11
        }
      ],
      [
        [3, 1, 2], {
          "pos": [3, 13.0],
          "type": "hold",
          "id": 48,
          "distance": 12
        }
      ],
      [
        [4, 0, 2], {
          "pos": [4, 12.0],
          "type": "hold",
          "id": 57,
          "distance": 14
        }
      ],
      [
        [4, 1, 2], {
          "pos": [4, 13.0],
          "type": "hold",
          "id": 54,
          "distance": 13
        }
      ],
      [
        [0, 2, 2], {
          "pos": [0, 14.0],
          "type": "hold",
          "id": 44,
          "distance": 12
        }
      ],
      [
        [1, 2, 2], {
          "pos": [1, 14.0],
          "type": "hold",
          "id": 38,
          "distance": 11
        }
      ],
      [
        [2, 2, 2], {
          "pos": [2, 14.0],
          "type": "hold",
          "id": 32,
          "distance": 10
        }
      ],
      [
        [3, 2, 2], {
          "pos": [3, 14.0],
          "type": "hold",
          "id": 41,
          "distance": 11
        }
      ],
      [
        [4, 2, 2], {
          "pos": [4, 14.0],
          "type": "hold",
          "id": 50,
          "distance": 12
        }
      ],
      [
        [0, 3, 2], {
          "pos": [0, 15.0],
          "type": "hold",
          "id": 37,
          "distance": 11
        }
      ],
      [
        [1, 3, 2], {
          "pos": [1, 15.0],
          "type": "hold",
          "id": 31,
          "distance": 10
        }
      ],
      [
        [2, 3, 2], {
          "pos": [2, 15.0],
          "type": "hold",
          "id": 27,
          "distance": 9
        }
      ],
      [
        [3, 3, 2], {
          "pos": [3, 15.0],
          "type": "hold",
          "id": 34,
          "distance": 10
        }
      ],
      [
        [1, 4, 2], {
          "pos": [1, 16.0],
          "type": "hold",
          "id": 26,
          "distance": 9
        }
      ],
      [
        [2, 4, 2], {
          "pos": [2, 16.0],
          "type": "ramp",
          "id": 22,
          "distance": 8
        }
      ]
    ],
    "edges": [
      [
        [0, 0, 0],
        [0, 1, 0], {}
      ],
      [
        [0, 0, 0],
        [1, 0, 0], {}
      ],
      [
        [0, 1, 0],
        [0, 2, 0], {}
      ],
      [
        [0, 1, 0],
        [1, 1, 0], {}
      ],
      [
        [1, 0, 0],
        [1, 1, 0], {}
      ],
      [
        [1, 0, 0],
        [2, 0, 0], {}
      ],
      [
        [1, 1, 0],
        [2, 1, 0], {}
      ],
      [
        [2, 0, 0],
        [2, 1, 0], {}
      ],
      [
        [2, 0, 0],
        [3, 0, 0], {}
      ],
      [
        [2, 1, 0],
        [2, 2, 0], {}
      ],
      [
        [0, 2, 0],
        [0, 3, 0], {}
      ],
      [
        [2, 2, 0],
        [3, 2, 0], {}
      ],
      [
        [3, 2, 0],
        [3, 3, 0], {}
      ],
      [
        [3, 2, 0],
        [4, 2, 0], {}
      ],
      [
        [4, 2, 0],
        [4, 3, 0], {}
      ],
      [
        [0, 3, 0],
        [0, 4, 0], {}
      ],
      [
        [0, 3, 0],
        [1, 3, 0], {}
      ],
      [
        [1, 3, 0],
        [1, 4, 0], {}
      ],
      [
        [3, 3, 0],
        [3, 4, 0], {}
      ],
      [
        [3, 3, 0],
        [4, 3, 0], {}
      ],
      [
        [4, 3, 0],
        [4, 4, 0], {}
      ],
      [
        [0, 4, 0],
        [1, 4, 0], {}
      ],
      [
        [1, 4, 0],
        [2, 4, 0], {}
      ],
      [
        [2, 4, 0],
        [3, 4, 0], {}
      ],
      [
        [2, 4, 0],
        [2, 4, 1], {
          "ramp": true
        }
      ],
      [
        [3, 4, 0],
        [4, 4, 0], {}
      ],
      [
        [0, 1, 1],
        [0, 2, 1], {}
      ],
      [
        [0, 1, 1],
        [1, 1, 1], {}
      ],
      [
        [1, 0, 1],
        [1, 1, 1], {}
      ],
      [
        [1, 1, 1],
        [1, 2, 1], {}
      ],
      [
        [1, 1, 1],
        [2, 1, 1], {}
      ],
      [
        [2, 1, 1],
        [3, 1, 1], {}
      ],
      [
        [3, 0, 1],
        [3, 1, 1], {}
      ],
      [
        [3, 0, 1],
        [4, 0, 1], {}
      ],
      [
        [3, 1, 1],
        [3, 2, 1], {}
      ],
      [
        [3, 1, 1],
        [4, 1, 1], {}
      ],
      [
        [4, 0, 1],
        [4, 1, 1], {}
      ],
      [
        [4, 1, 1],
        [4, 2, 1], {}
      ],
      [
        [0, 2, 1],
        [0, 3, 1], {}
      ],
      [
        [0, 2, 1],
        [1, 2, 1], {}
      ],
      [
        [3, 2, 1],
        [3, 3, 1], {}
      ],
      [
        [3, 2, 1],
        [4, 2, 1], {}
      ],
      [
        [4, 2, 1],
        [4, 3, 1], {}
      ],
      [
        [0, 3, 1],
        [0, 4, 1], {}
      ],
      [
        [2, 3, 1],
        [2, 4, 1], {}
      ],
      [
        [2, 3, 1],
        [3, 3, 1], {}
      ],
      [
        [3, 3, 1],
        [3, 4, 1], {}
      ],
      [
        [3, 3, 1],
        [4, 3, 1], {}
      ],
      [
        [4, 3, 1],
        [4, 4, 1], {}
      ],
      [
        [0, 4, 1],
        [1, 4, 1], {}
      ],
      [
        [1, 4, 1],
        [2, 4, 1], {}
      ],
      [
        [2, 4, 1],
        [3, 4, 1], {}
      ],
      [
        [2, 4, 1],
        [2, 4, 2], {
          "ramp": true
        }
      ],
      [
        [3, 4, 1],
        [4, 4, 1], {}
      ],
      [
        [0, 0, 2],
        [0, 1, 2], {}
      ],
      [
        [0, 0, 2],
        [1, 0, 2], {}
      ],
      [
        [0, 1, 2],
        [0, 2, 2], {}
      ],
      [
        [2, 1, 2],
        [2, 2, 2], {}
      ],
      [
        [2, 1, 2],
        [3, 1, 2], {}
      ],
      [
        [3, 1, 2],
        [3, 2, 2], {}
      ],
      [
        [3, 1, 2],
        [4, 1, 2], {}
      ],
      [
        [4, 0, 2],
        [4, 1, 2], {}
      ],
      [
        [4, 1, 2],
        [4, 2, 2], {}
      ],
      [
        [0, 2, 2],
        [0, 3, 2], {}
      ],
      [
        [0, 2, 2],
        [1, 2, 2], {}
      ],
      [
        [1, 2, 2],
        [1, 3, 2], {}
      ],
      [
        [1, 2, 2],
        [2, 2, 2], {}
      ],
      [
        [2, 2, 2],
        [2, 3, 2], {}
      ],
      [
        [2, 2, 2],
        [3, 2, 2], {}
      ],
      [
        [3, 2, 2],
        [3, 3, 2], {}
      ],
      [
        [3, 2, 2],
        [4, 2, 2], {}
      ],
      [
        [0, 3, 2],
        [1, 3, 2], {}
      ],
      [
        [1, 3, 2],
        [1, 4, 2], {}
      ],
      [
        [1, 3, 2],
        [2, 3, 2], {}
      ],
      [
        [2, 3, 2],
        [2, 4, 2], {}
      ],
      [
        [2, 3, 2],
        [3, 3, 2], {}
      ],
      [
        [1, 4, 2],
        [2, 4, 2], {}
      ]
    ]
  }
}