{
  "N": 124,
  "E": [
    [0, 1],
    [0, 2],
    [1, 3],
    [2, 3],
    [2, 4],
    [3, 5],
    [4, 5],
    [4, 6],
    [5, 7],
    [7, 8],
    [12, 9],
    [9, 8],
    [8, 11],
    [8, 10],
    [38, 31],
    [31, 23],
    [31, 25],
    [25, 17],
    [25, 19],
    [27, 19],
    [27, 34],
    [19, 14],
    [19, 28],
    [34, 28],
    [34, 41],
    [28, 20],
    [41, 47],
    [47, 43],
    [47, 52],
    [43, 36],
    [23, 17],
    [17, 13],
    [17, 14],
    [14, 10],
    [14, 20],
    [20, 16],
    [20, 29],
    [29, 22],
    [29, 36],
    [36, 44],
    [44, 49],
    [13, 18],
    [13, 10],
    [10, 15],
    [10, 16],
    [16, 21],
    [16, 22],
    [22, 30],
    [49, 45],
    [24, 32],
    [24, 18],
    [18, 26],
    [18, 15],
    [15, 21],
    [21, 30],
    [30, 35],
    [30, 37],
    [37, 45],
    [45, 50],
    [32, 39],
    [32, 26],
    [26, 33],
    [35, 42],
    [50, 53],
    [39, 33],
    [33, 40],
    [40, 46],
    [46, 42],
    [46, 51],
    [42, 48],
    [48, 53],
    [117, 112],
    [117, 121],
    [112, 101],
    [112, 118],
    [121, 118],
    [121, 123],
    [104, 92],
    [104, 93],
    [93, 81],
    [93, 105],
    [113, 105],
    [113, 119],
    [105, 95],
    [105, 114],
    [119, 114],
    [114, 106],
    [101, 88],
    [103, 91],
    [103, 92],
    [92, 80],
    [92, 81],
    [81, 72],
    [81, 95],
    [95, 83],
    [95, 106],
    [106, 96],
    [106, 115],
    [115, 108],
    [115, 120],
    [120, 122],
    [88, 76],
    [88, 102],
    [102, 90],
    [102, 91],
    [91, 79],
    [91, 80],
    [80, 71],
    [80, 72],
    [72, 64],
    [72, 83],
    [83, 96],
    [96, 107],
    [96, 108],
    [108, 98],
    [76, 68],
    [76, 90],
    [90, 79],
    [79, 71],
    [71, 64],
    [64, 59],
    [107, 98],
    [98, 86],
    [98, 110],
    [110, 116],
    [68, 61],
    [59, 56],
    [59, 65],
    [65, 60],
    [86, 75],
    [61, 57],
    [57, 62],
    [57, 54],
    [54, 58],
    [54, 51],
    [51, 55],
    [51, 56],
    [56, 60],
    [60, 66],
    [60, 67],
    [67, 74],
    [67, 75],
    [75, 87],
    [62, 69],
    [62, 58],
    [58, 63],
    [58, 55],
    [66, 73],
    [66, 74],
    [74, 85],
    [74, 87],
    [87, 99],
    [87, 100],
    [100, 111],
    [77, 89],
    [77, 69],
    [69, 78],
    [69, 63],
    [63, 70],
    [82, 94],
    [82, 73],
    [73, 84],
    [73, 85],
    [85, 97],
    [85, 99],
    [99, 109],
    [99, 111],
    [89, 78],
    [78, 70],
    [94, 84],
    [84, 97],
    [97, 109]
  ],
  "P": 8,
  "K": [
    [
      [0, 2], 21
    ],
    [
      [0, 3], 35
    ],
    [
      [0, 4], 19
    ],
    [
      [0, 6], 13
    ],
    [
      [1, 3], 2
    ],
    [
      [1, 5], 13
    ],
    [
      [1, 6], 4
    ],
    [
      [1, 7], 14
    ],
    [
      [2, 7], 1
    ],
    [
      [3, 6], 17
    ],
    [
      [4, 6], 42
    ],
    [
      [5, 7], 14
    ],
    [
      [6, 7], 18
    ]
  ],
  "F": 100,
  "LB": 46136,
  "grid_graph": {
    "nodes": [
      [
        [0, 0, 0], {
          "pos": [0, 0.0],
          "type": "gate",
          "id": 0,
          "distance": 0
        }
      ],
      [
        [0, 1, 0], {
          "pos": [0, 1.0],
          "type": "hold",
          "id": 1,
          "distance": 1
        }
      ],
      [
        [1, 0, 0], {
          "pos": [1, 0.0],
          "type": "hold",
          "id": 2,
          "distance": 1
        }
      ],
      [
        [1, 1, 0], {
          "pos": [1, 1.0],
          "type": "hold",
          "id": 3,
          "distance": 2
        }
      ],
      [
        [2, 0, 0], {
          "pos": [2, 0.0],
          "type": "hold",
          "id": 4,
          "distance": 2
        }
      ],
      [
        [2, 1, 0], {
          "pos": [2, 1.0],
          "type": "hold",
          "id": 5,
          "distance": 3
        }
      ],
      [
        [3, 0, 0], {
          "pos": [3, 0.0],
          "type": "hold",
          "id": 6,
          "distance": 3
        }
      ],
      [
        [2, 2, 0], {
          "pos": [2, 2.0],
          "type": "hold",
          "id": 7,
          "distance": 4
        }
      ],
      [
        [0, 3, 0], {
          "pos": [0, 3.0],
          "type": "hold",
          "id": 12,
          "distance": 7
        }
      ],
      [
        [1, 3, 0], {
          "pos": [1, 3.0],
          "type": "hold",
          "id": 9,
          "distance": 6
        }
      ],
      [
        [2, 3, 0], {
          "pos": [2, 3.0],
          "type": "ramp",
          "id": 8,
          "distance": 5
        }
      ],
      [
        [3, 3, 0], {
          "pos": [3, 3.0],
          "type": "hold",
          "id": 11,
          "distance": 6
        }
      ],
      [
        [0, 0, 1], {
          "pos": [0, 12.0],
          "type": "hold",
          "id": 38,
          "distance": 11
        }
      ],
      [
        [0, 1, 1], {
          "pos": [0, 13.0],
          "type": "hold",
          "id": 31,
          "distance": 10
        }
      ],
      [
        [1, 1, 1], {
          "pos": [1, 13.0],
          "type": "hold",
          "id": 25,
          "distance": 9
        }
      ],
      [
        [2, 0, 1], {
          "pos": [2, 12.0],
          "type": "hold",
          "id": 27,
          "distance": 9
        }
      ],
      [
        [2, 1, 1], {
          "pos": [2, 13.0],
          "type": "hold",
          "id": 19,
          "distance": 8
        }
      ],
      [
        [3, 0, 1], {
          "pos": [3, 12.0],
          "type": "hold",
          "id": 34,
          "distance": 10
        }
      ],
      [
        [3, 1, 1], {
          "pos": [3, 13.0],
          "type": "hold",
          "id": 28,
          "distance": 9
        }
      ],
      [
        [4, 0, 1], {
          "pos": [4, 12.0],
          "type": "hold",
          "id": 41,
          "distance": 11
        }
      ],
      [
        [5, 0, 1], {
          "pos": [5, 12.0],
          "type": "hold",
          "id": 47,
          "distance": 12
        }
      ],
      [
        [5, 1, 1], {
          "pos": [5, 13.0],
          "type": "hold",
          "id": 43,
          "distance": 11
        }
      ],
      [
        [6, 0, 1], {
          "pos": [6, 12.0],
          "type": "hold",
          "id": 52,
          "distance": 13
        }
      ],
      [
        [0, 2, 1], {
          "pos": [0, 14.0],
          "type": "hold",
          "id": 23,
          "distance": 9
        }
      ],
      [
        [1, 2, 1], {
          "pos": [1, 14.0],
          "type": "hold",
          "id": 17,
          "distance": 8
        }
      ],
      [
        [2, 2, 1], {
          "pos": [2, 14.0],
          "type": "hold",
          "id": 14,
          "distance": 7
        }
      ],
      [
        [3, 2, 1], {
          "pos": [3, 14.0],
          "type": "hold",
          "id": 20,
          "distance": 8
        }
      ],
      [
        [4, 2, 1], {
          "pos": [4, 14.0],
          "type": "hold",
          "id": 29,
          "distance": 9
        }
      ],
      [
        [5, 2, 1], {
          "pos": [5, 14.0],
          "type": "hold",
          "id": 36,
          "distance": 10
        }
      ],
      [
        [6, 2, 1], {
          "pos": [6, 14.0],
          "type": "hold",
          "id": 44,
          "distance": 11
        }
      ],
      [
        [1, 3, 1], {
          "pos": [1, 15.0],
          "type": "hold",
          "id": 13,
          "distance": 7
        }
      ],
      [
        [2, 3, 1], {
          "pos": [2, 15.0],
          "type": "ramp",
          "id": 10,
          "distance": 6
        }
      ],
      [
        [3, 3, 1], {
          "pos": [3, 15.0],
          "type": "hold",
          "id": 16,
          "distance": 7
        }
      ],
      [
        [4, 3, 1], {
          "pos": [4, 15.0],
          "type": "hold",
          "id": 22,
          "distance": 8
        }
      ],
      [
        [6, 3, 1], {
          "pos": [6, 15.0],
          "type": "hold",
          "id": 49,
          "distance": 12
        }
      ],
      [
        [0, 4, 1], {
          "pos": [0, 16.0],
          "type": "hold",
          "id": 24,
          "distance": 9
        }
      ],
      [
        [1, 4, 1], {
          "pos": [1, 16.0],
          "type": "hold",
          "id": 18,
          "distance": 8
        }
      ],
      [
        [2, 4, 1], {
          "pos": [2, 16.0],
          "type": "hold",
          "id": 15,
          "distance": 7
        }
      ],
      [
        [3, 4, 1], {
          "pos": [3, 16.0],
          "type": "hold",
          "id": 21,
          "distance": 8
        }
      ],
      [
        [4, 4, 1], {
          "pos": [4, 16.0],
          "type": "hold",
          "id": 30,
          "distance": 9
        }
      ],
      [
        [5, 4, 1], {
          "pos": [5, 16.0],
          "type": "hold",
          "id": 37,
          "distance": 10
        }
      ],
      [
        [6, 4, 1], {
          "pos": [6, 16.0],
          "type": "hold",
          "id": 45,
          "distance": 11
        }
      ],
      [
        [0, 5, 1], {
          "pos": [0, 17.0],
          "type": "hold",
          "id": 32,
          "distance": 10
        }
      ],
      [
        [1, 5, 1], {
          "pos": [1, 17.0],
          "type": "hold",
          "id": 26,
          "distance": 9
        }
      ],
      [
        [4, 5, 1], {
          "pos": [4, 17.0],
          "type": "hold",
          "id": 35,
          "distance": 10
        }
      ],
      [
        [6, 5, 1], {
          "pos": [6, 17.0],
          "type": "hold",
          "id": 50,
          "distance": 12
        }
      ],
      [
        [0, 6, 1], {
          "pos": [0, 18.0],
          "type": "hold",
          "id": 39,
          "distance": 11
        }
      ],
      [
        [1, 6, 1], {
          "pos": [1, 18.0],
          "type": "hold",
          "id": 33,
          "distance": 10
        }
      ],
      [
        [2, 6, 1], {
          "pos": [2, 18.0],
          "type": "hold",
          "id": 40,
          "distance": 11
        }
      ],
      [
        [3, 6, 1], {
          "pos": [3, 18.0],
          "type": "ramp",
          "id": 46,
          "distance": 12
        }
      ],
      [
        [4, 6, 1], {
          "pos": [4, 18.0],
          "type": "hold",
          "id": 42,
          "distance": 11
        }
      ],
      [
        [5, 6, 1], {
          "pos": [5, 18.0],
          "type": "hold",
          "id": 48,
          "distance": 12
        }
      ],
      [
        [6, 6, 1], {
          "pos": [6, 18.0],
          "type": "hold",
          "id": 53,
          "distance": 13
        }
      ],
      [
        [0, 0, 2], {
          "pos": [0, 24.0],
          "type": "hold",
          "id": 117,
          "distance": 22
        }
      ],
      [
        [0, 1, 2], {
          "pos": [0, 25.0],
          "type": "hold",
          "id": 112,
          "distance": 21
        }
      ],
      [
        [1, 0, 2], {
          "pos": [1, 24.0],
          "type": "hold",
          "id": 121,
          "distance": 23
        }
      ],
      [
        [1, 1, 2], {
          "pos": [1, 25.0],
          "type": "hold",
          "id": 118,
          "distance": 22
        }
      ],
      [
        [2, 0, 2], {
          "pos": [2, 24.0],
          "type": "hold",
          "id": 123,
          "distance": 24
        }
      ],
      [
        [3, 1, 2], {
          "pos": [3, 25.0],
          "type": "hold",
          "id": 104,
          "distance": 20
        }
      ],
      [
        [4, 1, 2], {
          "pos": [4, 25.0],
          "type": "hold",
          "id": 93,
          "distance": 19
        }
      ],
      [
        [5, 0, 2], {
          "pos": [5, 24.0],
          "type": "hold",
          "id": 113,
          "distance": 21
        }
      ],
      [
        [5, 1, 2], {
          "pos": [5, 25.0],
          "type": "hold",
          "id": 105,
          "distance": 20
        }
      ],
      [
        [6, 0, 2], {
          "pos": [6, 24.0],
          "type": "hold",
          "id": 119,
          "distance": 22
        }
      ],
      [
        [6, 1, 2], {
          "pos": [6, 25.0],
          "type": "hold",
          "id": 114,
          "distance": 21
        }
      ],
      [
        [0, 2, 2], {
          "pos": [0, 26.0],
          "type": "hold",
          "id": 101,
          "distance": 20
        }
      ],
      [
        [2, 2, 2], {
          "pos": [2, 26.0],
          "type": "hold",
          "id": 103,
          "distance": 20
        }
      ],
      [
        [3, 2, 2], {
          "pos": [3, 26.0],
          "type": "hold",
          "id": 92,
          "distance": 19
        }
      ],
      [
        [4, 2, 2], {
          "pos": [4, 26.0],
          "type": "hold",
          "id": 81,
          "distance": 18
        }
      ],
      [
        [5, 2, 2], {
          "pos": [5, 26.0],
          "type": "hold",
          "id": 95,
          "distance": 19
        }
      ],
      [
        [6, 2, 2], {
          "pos": [6, 26.0],
          "type": "hold",
          "id": 106,
          "distance": 20
        }
      ],
      [
        [7, 2, 2], {
          "pos": [7, 26.0],
          "type": "hold",
          "id": 115,
          "distance": 21
        }
      ],
      [
        [8, 2, 2], {
          "pos": [8, 26.0],
          "type": "hold",
          "id": 120,
          "distance": 22
        }
      ],
      [
        [9, 2, 2], {
          "pos": [9, 26.0],
          "type": "hold",
          "id": 122,
          "distance": 23
        }
      ],
      [
        [0, 3, 2], {
          "pos": [0, 27.0],
          "type": "hold",
          "id": 88,
          "distance": 19
        }
      ],
      [
        [1, 3, 2], {
          "pos": [1, 27.0],
          "type": "hold",
          "id": 102,
          "distance": 20
        }
      ],
      [
        [2, 3, 2], {
          "pos": [2, 27.0],
          "type": "hold",
          "id": 91,
          "distance": 19
        }
      ],
      [
        [3, 3, 2], {
          "pos": [3, 27.0],
          "type": "hold",
          "id": 80,
          "distance": 18
        }
      ],
      [
        [4, 3, 2], {
          "pos": [4, 27.0],
          "type": "hold",
          "id": 72,
          "distance": 17
        }
      ],
      [
        [5, 3, 2], {
          "pos": [5, 27.0],
          "type": "hold",
          "id": 83,
          "distance": 18
        }
      ],
      [
        [6, 3, 2], {
          "pos": [6, 27.0],
          "type": "hold",
          "id": 96,
          "distance": 19
        }
      ],
      [
        [7, 3, 2], {
          "pos": [7, 27.0],
          "type": "hold",
          "id": 108,
          "distance": 20
        }
      ],
      [
        [0, 4, 2], {
          "pos": [0, 28.0],
          "type": "hold",
          "id": 76,
          "distance": 18
        }
      ],
      [
        [1, 4, 2], {
          "pos": [1, 28.0],
          "type": "hold",
          "id": 90,
          "distance": 19
        }
      ],
      [
        [2, 4, 2], {
          "pos": [2, 28.0],
          "type": "hold",
          "id": 79,
          "distance": 18
        }
      ],
      [
        [3, 4, 2], {
          "pos": [3, 28.0],
          "type": "hold",
          "id": 71,
          "distance": 17
        }
      ],
      [
        [4, 4, 2], {
          "pos": [4, 28.0],
          "type": "hold",
          "id": 64,
          "distance": 16
        }
      ],
      [
        [6, 4, 2], {
          "pos": [6, 28.0],
          "type": "hold",
          "id": 107,
          "distance": 20
        }
      ],
      [
        [7, 4, 2], {
          "pos": [7, 28.0],
          "type": "hold",
          "id": 98,
          "distance": 19
        }
      ],
      [
        [8, 4, 2], {
          "pos": [8, 28.0],
          "type": "hold",
          "id": 110,
          "distance": 20
        }
      ],
      [
        [9, 4, 2], {
          "pos": [9, 28.0],
          "type": "hold",
          "id": 116,
          "distance": 21
        }
      ],
      [
        [0, 5, 2], {
          "pos": [0, 29.0],
          "type": "hold",
          "id": 68,
          "distance": 17
        }
      ],
      [
        [4, 5, 2], {
          "pos": [4, 29.0],
          "type": "hold",
          "id": 59,
          "distance": 15
        }
      ],
      [
        [5, 5, 2], {
          "pos": [5, 29.0],
          "type": "hold",
          "id": 65,
          "distance": 16
        }
      ],
      [
        [7, 5, 2], {
          "pos": [7, 29.0],
          "type": "hold",
          "id": 86,
          "distance": 18
        }
      ],
      [
        [0, 6, 2], {
          "pos": [0, 30.0],
          "type": "hold",
          "id": 61,
          "distance": 16
        }
      ],
      [
        [1, 6, 2], {
          "pos": [1, 30.0],
          "type": "hold",
          "id": 57,
          "distance": 15
        }
      ],
      [
        [2, 6, 2], {
          "pos": [2, 30.0],
          "type": "hold",
          "id": 54,
          "distance": 14
        }
      ],
      [
        [3, 6, 2], {
          "pos": [3, 30.0],
          "type": "ramp",
          "id": 51,
          "distance": 13
        }
      ],
      [
        [4, 6, 2], {
          "pos": [4, 30.0],
          "type": "hold",
          "id": 56,
          "distance": 14
        }
      ],
      [
        [5, 6, 2], {
          "pos": [5, 30.0],
          "type": "hold",
          "id": 60,
          "distance": 15
        }
      ],
      [
        [6, 6, 2], {
          "pos": [6, 30.0],
          "type": "hold",
          "id": 67,
          "distance": 16
        }
      ],
      [
        [7, 6, 2], {
          "pos": [7, 30.0],
          "type": "hold",
          "id": 75,
          "distance": 17
        }
      ],
      [
        [1, 7, 2], {
          "pos": [1, 31.0],
          "type": "hold",
          "id": 62,
          "distance": 16
        }
      ],
      [
        [2, 7, 2], {
          "pos": [2, 31.0],
          "type": "hold",
          "id": 58,
          "distance": 15
        }
      ],
      [
        [3, 7, 2], {
          "pos": [3, 31.0],
          "type": "hold",
          "id": 55,
          "distance": 14
        }
      ],
      [
        [5, 7, 2], {
          "pos": [5, 31.0],
          "type": "hold",
          "id": 66,
          "distance": 16
        }
      ],
      [
        [6, 7, 2], {
          "pos": [6, 31.0],
          "type": "hold",
          "id": 74,
          "distance": 17
        }
      ],
      [
        [7, 7, 2], {
          "pos": [7, 31.0],
          "type": "hold",
          "id": 87,
          "distance": 18
        }
      ],
      [
        [8, 7, 2], {
          "pos": [8, 31.0],
          "type": "hold",
          "id": 100,
          "distance": 19
        }
      ],
      [
        [0, 8, 2], {
          "pos": [0, 32.0],
          "type": "hold",
          "id": 77,
          "distance": 18
        }
      ],
      [
        [1, 8, 2], {
          "pos": [1, 32.0],
          "type": "hold",
          "id": 69,
          "distance": 17
        }
      ],
      [
        [2, 8, 2], {
          "pos": [2, 32.0],
          "type": "hold",
          "id": 63,
          "distance": 16
        }
      ],
      [
        [4, 8, 2], {
          "pos": [4, 32.0],
          "type": "hold",
          "id": 82,
          "distance": 18
        }
      ],
      [
        [5, 8, 2], {
          "pos": [5, 32.0],
          "type": "hold",
          "id": 73,
          "distance": 17
        }
      ],
      [
        [6, 8, 2], {
          "pos": [6, 32.0],
          "type": "hold",
          "id": 85,
          "distance": 18
        }
      ],
      [
        [7, 8, 2], {
          "pos": [7, 32.0],
          "type": "hold",
          "id": 99,
          "distance": 19
        }
      ],
      [
        [8, 8, 2], {
          "pos": [8, 32.0],
          "type": "hold",
          "id": 111,
          "distance": 20
        }
      ],
      [
        [0, 9, 2], {
          "pos": [0, 33.0],
          "type": "hold",
          "id": 89,
          "distance": 19
        }
      ],
      [
        [1, 9, 2], {
          "pos": [1, 33.0],
          "type": "hold",
          "id": 78,
          "distance": 18
        }
      ],
      [
        [2, 9, 2], {
          "pos": [2, 33.0],
          "type": "hold",
          "id": 70,
          "distance": 17
        }
      ],
      [
        [4, 9, 2], {
          "pos": [4, 33.0],
          "type": "hold",
          "id": 94,
          "distance": 19
        }
      ],
      [
        [5, 9, 2], {
          "pos": [5, 33.0],
          "type": "hold",
          "id": 84,
          "distance": 18
        }
      ],
      [
        [6, 9, 2], {
          "pos": [6, 33.0],
          "type": "hold",
          "id": 97,
          "distance": 19
        }
      ],
      [
        [7, 9, 2], {
          "pos": [7, 33.0],
          "type": "hold",
          "id": 109,
          "distance": 20
        }
      ]
    ],
    "edges": [
      [
        [0, 0, 0],
        [0, 1, 0], {}
      ],
      [
        [0, 0, 0],
        [1, 0, 0], {}
      ],
      [
        [0, 1, 0],
        [1, 1, 0], {}
      ],
      [
        [1, 0, 0],
        [1, 1, 0], {}
      ],
      [
        [1, 0, 0],
        [2, 0, 0], {}
      ],
      [
        [1, 1, 0],
        [2, 1, 0], {}
      ],
      [
        [2, 0, 0],
        [2, 1, 0], {}
      ],
      [
        [2, 0, 0],
        [3, 0, 0], {}
      ],
      [
        [2, 1, 0],
        [2, 2, 0], {}
      ],
      [
        [2, 2, 0],
        [2, 3, 0], {}
      ],
      [
        [0, 3, 0],
        [1, 3, 0], {}
      ],
      [
        [1, 3, 0],
        [2, 3, 0], {}
      ],
      [
        [2, 3, 0],
        [3, 3, 0], {}
      ],
      [
        [2, 3, 0],
        [2, 3, 1], {
          "ramp": true
        }
      ],
      [
        [0, 0, 1],
        [0, 1, 1], {}
      ],
      [
        [0, 1, 1],
        [0, 2, 1], {}
      ],
      [
        [0, 1, 1],
        [1, 1, 1], {}
      ],
      [
        [1, 1, 1],
        [1, 2, 1], {}
      ],
      [
        [1, 1, 1],
        [2, 1, 1], {}
      ],
      [
        [2, 0, 1],
        [2, 1, 1], {}
      ],
      [
        [2, 0, 1],
        [3, 0, 1], {}
      ],
      [
        [2, 1, 1],
        [2, 2, 1], {}
      ],
      [
        [2, 1, 1],
        [3, 1, 1], {}
      ],
      [
        [3, 0, 1],
        [3, 1, 1], {}
      ],
      [
        [3, 0, 1],
        [4, 0, 1], {}
      ],
      [
        [3, 1, 1],
        [3, 2, 1], {}
      ],
      [
        [4, 0, 1],
        [5, 0, 1], {}
      ],
      [
        [5, 0, 1],
        [5, 1, 1], {}
      ],
      [
        [5, 0, 1],
        [6, 0, 1], {}
      ],
      [
        [5, 1, 1],
        [5, 2, 1], {}
      ],
      [
        [0, 2, 1],
        [1, 2, 1], {}
      ],
      [
        [1, 2, 1],
        [1, 3, 1], {}
      ],
      [
        [1, 2, 1],
        [2, 2, 1], {}
      ],
      [
        [2, 2, 1],
        [2, 3, 1], {}
      ],
      [
        [2, 2, 1],
        [3, 2, 1], {}
      ],
      [
        [3, 2, 1],
        [3, 3, 1], {}
      ],
      [
        [3, 2, 1],
        [4, 2, 1], {}
      ],
      [
        [4, 2, 1],
        [4, 3, 1], {}
      ],
      [
        [4, 2, 1],
        [5, 2, 1], {}
      ],
      [
        [5, 2, 1],
        [6, 2, 1], {}
      ],
      [
        [6, 2, 1],
        [6, 3, 1], {}
      ],
      [
        [1, 3, 1],
        [1, 4, 1], {}
      ],
      [
        [1, 3, 1],
        [2, 3, 1], {}
      ],
      [
        [2, 3, 1],
        [2, 4, 1], {}
      ],
      [
        [2, 3, 1],
        [3, 3, 1], {}
      ],
      [
        [3, 3, 1],
        [3, 4, 1], {}
      ],
      [
        [3, 3, 1],
        [4, 3, 1], {}
      ],
      [
        [4, 3, 1],
        [4, 4, 1], {}
      ],
      [
        [6, 3, 1],
        [6, 4, 1], {}
      ],
      [
        [0, 4, 1],
        [0, 5, 1], {}
      ],
      [
        [0, 4, 1],
        [1, 4, 1], {}
      ],
      [
        [1, 4, 1],
        [1, 5, 1], {}
      ],
      [
        [1, 4, 1],
        [2, 4, 1], {}
      ],
      [
        [2, 4, 1],
        [3, 4, 1], {}
      ],
      [
        [3, 4, 1],
        [4, 4, 1], {}
      ],
      [
        [4, 4, 1],
        [4, 5, 1], {}
      ],
      [
        [4, 4, 1],
        [5, 4, 1], {}
      ],
      [
        [5, 4, 1],
        [6, 4, 1], {}
      ],
      [
        [6, 4, 1],
        [6, 5, 1], {}
      ],
      [
        [0, 5, 1],
        [0, 6, 1], {}
      ],
      [
        [0, 5, 1],
        [1, 5, 1], {}
      ],
      [
        [1, 5, 1],
        [1, 6, 1], {}
      ],
      [
        [4, 5, 1],
        [4, 6, 1], {}
      ],
      [
        [6, 5, 1],
        [6, 6, 1], {}
      ],
      [
        [0, 6, 1],
        [1, 6, 1], {}
      ],
      [
        [1, 6, 1],
        [2, 6, 1], {}
      ],
      [
        [2, 6, 1],
        [3, 6, 1], {}
      ],
      [
        [3, 6, 1],
        [4, 6, 1], {}
      ],
      [
        [3, 6, 1],
        [3, 6, 2], {
          "ramp": true
        }
      ],
      [
        [4, 6, 1],
        [5, 6, 1], {}
      ],
      [
        [5, 6, 1],
        [6, 6, 1], {}
      ],
      [
        [0, 0, 2],
        [0, 1, 2], {}
      ],
      [
        [0, 0, 2],
        [1, 0, 2], {}
      ],
      [
        [0, 1, 2],
        [0, 2, 2], {}
      ],
      [
        [0, 1, 2],
        [1, 1, 2], {}
      ],
      [
        [1, 0, 2],
        [1, 1, 2], {}
      ],
      [
        [1, 0, 2],
        [2, 0, 2], {}
      ],
      [
        [3, 1, 2],
        [3, 2, 2], {}
      ],
      [
        [3, 1, 2],
        [4, 1, 2], {}
      ],
      [
        [4, 1, 2],
        [4, 2, 2], {}
      ],
      [
        [4, 1, 2],
        [5, 1, 2], {}
      ],
      [
        [5, 0, 2],
        [5, 1, 2], {}
      ],
      [
        [5, 0, 2],
        [6, 0, 2], {}
      ],
      [
        [5, 1, 2],
        [5, 2, 2], {}
      ],
      [
        [5, 1, 2],
        [6, 1, 2], {}
      ],
      [
        [6, 0, 2],
        [6, 1, 2], {}
      ],
      [
        [6, 1, 2],
        [6, 2, 2], {}
      ],
      [
        [0, 2, 2],
        [0, 3, 2], {}
      ],
      [
        [2, 2, 2],
        [2, 3, 2], {}
      ],
      [
        [2, 2, 2],
        [3, 2, 2], {}
      ],
      [
        [3, 2, 2],
        [3, 3, 2], {}
      ],
      [
        [3, 2, 2],
        [4, 2, 2], {}
      ],
      [
        [4, 2, 2],
        [4, 3, 2], {}
      ],
      [
        [4, 2, 2],
        [5, 2, 2], {}
      ],
      [
        [5, 2, 2],
        [5, 3, 2], {}
      ],
      [
        [5, 2, 2],
        [6, 2, 2], {}
      ],
      [
        [6, 2, 2],
        [6, 3, 2], {}
      ],
      [
        [6, 2, 2],
        [7, 2, 2], {}
      ],
      [
        [7, 2, 2],
        [7, 3, 2], {}
      ],
      [
        [7, 2, 2],
        [8, 2, 2], {}
      ],
      [
        [8, 2, 2],
        [9, 2, 2], {}
      ],
      [
        [0, 3, 2],
        [0, 4, 2], {}
      ],
      [
        [0, 3, 2],
        [1, 3, 2], {}
      ],
      [
        [1, 3, 2],
        [1, 4, 2], {}
      ],
      [
        [1, 3, 2],
        [2, 3, 2], {}
      ],
      [
        [2, 3, 2],
        [2, 4, 2], {}
      ],
      [
        [2, 3, 2],
        [3, 3, 2], {}
      ],
      [
        [3, 3, 2],
        [3, 4, 2], {}
      ],
      [
        [3, 3, 2],
        [4, 3, 2], {}
      ],
      [
        [4, 3, 2],
        [4, 4, 2], {}
      ],
      [
        [4, 3, 2],
        [5, 3, 2], {}
      ],
      [
        [5, 3, 2],
        [6, 3, 2], {}
      ],
      [
        [6, 3, 2],
        [6, 4, 2], {}
      ],
      [
        [6, 3, 2],
        [7, 3, 2], {}
      ],
      [
        [7, 3, 2],
        [7, 4, 2], {}
      ],
      [
        [0, 4, 2],
        [0, 5, 2], {}
      ],
      [
        [0, 4, 2],
        [1, 4, 2], {}
      ],
      [
        [1, 4, 2],
        [2, 4, 2], {}
      ],
      [
        [2, 4, 2],
        [3, 4, 2], {}
      ],
      [
        [3, 4, 2],
        [4, 4, 2], {}
      ],
      [
        [4, 4, 2],
        [4, 5, 2], {}
      ],
      [
        [6, 4, 2],
        [7, 4, 2], {}
      ],
      [
        [7, 4, 2],
        [7, 5, 2], {}
      ],
      [
        [7, 4, 2],
        [8, 4, 2], {}
      ],
      [
        [8, 4, 2],
        [9, 4, 2], {}
      ],
      [
        [0, 5, 2],
        [0, 6, 2], {}
      ],
      [
        [4, 5, 2],
        [4, 6, 2], {}
      ],
      [
        [4, 5, 2],
        [5, 5, 2], {}
      ],
      [
        [5, 5, 2],
        [5, 6, 2], {}
      ],
      [
        [7, 5, 2],
        [7, 6, 2], {}
      ],
      [
        [0, 6, 2],
        [1, 6, 2], {}
      ],
      [
        [1, 6, 2],
        [1, 7, 2], {}
      ],
      [
        [1, 6, 2],
        [2, 6, 2], {}
      ],
      [
        [2, 6, 2],
        [2, 7, 2], {}
      ],
      [
        [2, 6, 2],
        [3, 6, 2], {}
      ],
      [
        [3, 6, 2],
        [3, 7, 2], {}
      ],
      [
        [3, 6, 2],
        [4, 6, 2], {}
      ],
      [
        [4, 6, 2],
        [5, 6, 2], {}
      ],
      [
        [5, 6, 2],
        [5, 7, 2], {}
      ],
      [
        [5, 6, 2],
        [6, 6, 2], {}
      ],
      [
        [6, 6, 2],
        [6, 7, 2], {}
      ],
      [
        [6, 6, 2],
        [7, 6, 2], {}
      ],
      [
        [7, 6, 2],
        [7, 7, 2], {}
      ],
      [
        [1, 7, 2],
        [1, 8, 2], {}
      ],
      [
        [1, 7, 2],
        [2, 7, 2], {}
      ],
      [
        [2, 7, 2],
        [2, 8, 2], {}
      ],
      [
        [2, 7, 2],
        [3, 7, 2], {}
      ],
      [
        [5, 7, 2],
        [5, 8, 2], {}
      ],
      [
        [5, 7, 2],
        [6, 7, 2], {}
      ],
      [
        [6, 7, 2],
        [6, 8, 2], {}
      ],
      [
        [6, 7, 2],
        [7, 7, 2], {}
      ],
      [
        [7, 7, 2],
        [7, 8, 2], {}
      ],
      [
        [7, 7, 2],
        [8, 7, 2], {}
      ],
      [
        [8, 7, 2],
        [8, 8, 2], {}
      ],
      [
        [0, 8, 2],
        [0, 9, 2], {}
      ],
      [
        [0, 8, 2],
        [1, 8, 2], {}
      ],
      [
        [1, 8, 2],
        [1, 9, 2], {}
      ],
      [
        [1, 8, 2],
        [2, 8, 2], {}
      ],
      [
        [2, 8, 2],
        [2, 9, 2], {}
      ],
      [
        [4, 8, 2],
        [4, 9, 2], {}
      ],
      [
        [4, 8, 2],
        [5, 8, 2], {}
      ],
      [
        [5, 8, 2],
        [5, 9, 2], {}
      ],
      [
        [5, 8, 2],
        [6, 8, 2], {}
      ],
      [
        [6, 8, 2],
        [6, 9, 2], {}
      ],
      [
        [6, 8, 2],
        [7, 8, 2], {}
      ],
      [
        [7, 8, 2],
        [7, 9, 2], {}
      ],
      [
        [7, 8, 2],
        [8, 8, 2], {}
      ],
      [
        [0, 9, 2],
        [1, 9, 2], {}
      ],
      [
        [1, 9, 2],
        [2, 9, 2], {}
      ],
      [
        [4, 9, 2],
        [5, 9, 2], {}
      ],
      [
        [5, 9, 2],
        [6, 9, 2], {}
      ],
      [
        [6, 9, 2],
        [7, 9, 2], {}
      ]
    ]
  }
}