{
  "N": 99,
  "E": [
    [0, 1],
    [0, 2],
    [1, 3],
    [1, 4],
    [2, 4],
    [2, 5],
    [4, 6],
    [5, 6],
    [6, 7],
    [12, 10],
    [12, 15],
    [10, 9],
    [10, 13],
    [15, 13],
    [15, 22],
    [13, 11],
    [13, 17],
    [13, 16],
    [22, 17],
    [17, 14],
    [17, 24],
    [24, 18],
    [24, 33],
    [39, 33],
    [39, 51],
    [33, 26],
    [33, 41],
    [51, 41],
    [51, 65],
    [41, 53],
    [65, 53],
    [65, 77],
    [53, 67],
    [53, 68],
    [77, 68],
    [68, 79],
    [7, 8],
    [8, 9],
    [9, 11],
    [11, 14],
    [14, 18],
    [18, 26],
    [18, 25],
    [67, 79],
    [69, 55],
    [69, 56],
    [55, 70],
    [55, 43],
    [56, 43],
    [56, 44],
    [43, 57],
    [43, 35],
    [44, 35],
    [35, 45],
    [35, 27],
    [27, 36],
    [27, 19],
    [28, 19],
    [28, 20],
    [19, 29],
    [19, 16],
    [20, 16],
    [20, 30],
    [16, 21],
    [16, 23],
    [30, 23],
    [30, 38],
    [30, 37],
    [23, 31],
    [23, 32],
    [38, 32],
    [38, 49],
    [32, 25],
    [32, 40],
    [49, 40],
    [49, 64],
    [40, 34],
    [40, 52],
    [40, 50],
    [64, 52],
    [64, 76],
    [52, 42],
    [52, 66],
    [76, 66],
    [76, 84],
    [66, 54],
    [66, 78],
    [84, 78],
    [70, 57],
    [57, 45],
    [45, 36],
    [36, 29],
    [29, 21],
    [21, 31],
    [31, 25],
    [25, 34],
    [34, 42],
    [42, 54],
    [97, 94],
    [97, 95],
    [94, 98],
    [94, 90],
    [95, 90],
    [95, 91],
    [90, 96],
    [90, 85],
    [91, 85],
    [85, 92],
    [85, 80],
    [80, 86],
    [80, 71],
    [58, 71],
    [58, 46],
    [71, 81],
    [71, 59],
    [46, 59],
    [46, 37],
    [59, 72],
    [59, 47],
    [37, 47],
    [37, 48],
    [47, 60],
    [47, 61],
    [48, 61],
    [48, 62],
    [61, 73],
    [61, 50],
    [62, 50],
    [62, 74],
    [50, 63],
    [74, 82],
    [82, 87],
    [82, 88],
    [87, 83],
    [87, 93],
    [88, 93],
    [93, 89],
    [98, 96],
    [96, 92],
    [92, 86],
    [86, 81],
    [81, 72],
    [72, 60],
    [60, 73],
    [73, 63],
    [63, 75],
    [75, 83],
    [83, 89]
  ],
  "P": 10,
  "K": [
    [
      [0, 4], 6
    ],
    [
      [0, 5], 9
    ],
    [
      [1, 7], 19
    ],
    [
      [1, 8], 2
    ],
    [
      [1, 9], 15
    ],
    [
      [2, 9], 11
    ],
    [
      [3, 8], 4
    ],
    [
      [3, 9], 19
    ],
    [
      [4, 8], 5
    ],
    [
      [4, 9], 5
    ],
    [
      [5, 9], 9
    ],
    [
      [6, 9], 9
    ],
    [
      [8, 9], 19
    ]
  ],
  "F": 100,
  "LB": 28349,
  "grid_graph": {
    "nodes": [
      [
        [0, 0, 0], {
          "pos": [0, 0.0],
          "type": "gate",
          "id": 0,
          "distance": 0
        }
      ],
      [
        [0, 1, 0], {
          "pos": [0, 1.0],
          "type": "hold",
          "id": 1,
          "distance": 1
        }
      ],
      [
        [1, 0, 0], {
          "pos": [1, 0.0],
          "type": "hold",
          "id": 2,
          "distance": 1
        }
      ],
      [
        [1, 1, 0], {
          "pos": [1, 1.0],
          "type": "hold",
          "id": 4,
          "distance": 2
        }
      ],
      [
        [2, 0, 0], {
          "pos": [2, 0.0],
          "type": "hold",
          "id": 5,
          "distance": 2
        }
      ],
      [
        [2, 1, 0], {
          "pos": [2, 1.0],
          "type": "hold",
          "id": 6,
          "distance": 3
        }
      ],
      [
        [4, 0, 0], {
          "pos": [4, 0.0],
          "type": "hold",
          "id": 12,
          "distance": 8
        }
      ],
      [
        [4, 1, 0], {
          "pos": [4, 1.0],
          "type": "hold",
          "id": 10,
          "distance": 7
        }
      ],
      [
        [5, 0, 0], {
          "pos": [5, 0.0],
          "type": "hold",
          "id": 15,
          "distance": 9
        }
      ],
      [
        [5, 1, 0], {
          "pos": [5, 1.0],
          "type": "ramp",
          "id": 13,
          "distance": 8
        }
      ],
      [
        [6, 0, 0], {
          "pos": [6, 0.0],
          "type": "hold",
          "id": 22,
          "distance": 10
        }
      ],
      [
        [6, 1, 0], {
          "pos": [6, 1.0],
          "type": "hold",
          "id": 17,
          "distance": 9
        }
      ],
      [
        [7, 1, 0], {
          "pos": [7, 1.0],
          "type": "hold",
          "id": 24,
          "distance": 10
        }
      ],
      [
        [8, 0, 0], {
          "pos": [8, 0.0],
          "type": "hold",
          "id": 39,
          "distance": 12
        }
      ],
      [
        [8, 1, 0], {
          "pos": [8, 1.0],
          "type": "hold",
          "id": 33,
          "distance": 11
        }
      ],
      [
        [9, 0, 0], {
          "pos": [9, 0.0],
          "type": "hold",
          "id": 51,
          "distance": 13
        }
      ],
      [
        [9, 1, 0], {
          "pos": [9, 1.0],
          "type": "hold",
          "id": 41,
          "distance": 12
        }
      ],
      [
        [10, 0, 0], {
          "pos": [10, 0.0],
          "type": "hold",
          "id": 65,
          "distance": 14
        }
      ],
      [
        [10, 1, 0], {
          "pos": [10, 1.0],
          "type": "hold",
          "id": 53,
          "distance": 13
        }
      ],
      [
        [11, 0, 0], {
          "pos": [11, 0.0],
          "type": "hold",
          "id": 77,
          "distance": 15
        }
      ],
      [
        [11, 1, 0], {
          "pos": [11, 1.0],
          "type": "hold",
          "id": 68,
          "distance": 14
        }
      ],
      [
        [0, 2, 0], {
          "pos": [0, 2.0],
          "type": "hold",
          "id": 3,
          "distance": 2
        }
      ],
      [
        [2, 2, 0], {
          "pos": [2, 2.0],
          "type": "hold",
          "id": 7,
          "distance": 4
        }
      ],
      [
        [3, 2, 0], {
          "pos": [3, 2.0],
          "type": "hold",
          "id": 8,
          "distance": 5
        }
      ],
      [
        [4, 2, 0], {
          "pos": [4, 2.0],
          "type": "hold",
          "id": 9,
          "distance": 6
        }
      ],
      [
        [5, 2, 0], {
          "pos": [5, 2.0],
          "type": "hold",
          "id": 11,
          "distance": 7
        }
      ],
      [
        [6, 2, 0], {
          "pos": [6, 2.0],
          "type": "hold",
          "id": 14,
          "distance": 8
        }
      ],
      [
        [7, 2, 0], {
          "pos": [7, 2.0],
          "type": "ramp",
          "id": 18,
          "distance": 9
        }
      ],
      [
        [8, 2, 0], {
          "pos": [8, 2.0],
          "type": "hold",
          "id": 26,
          "distance": 10
        }
      ],
      [
        [10, 2, 0], {
          "pos": [10, 2.0],
          "type": "hold",
          "id": 67,
          "distance": 14
        }
      ],
      [
        [11, 2, 0], {
          "pos": [11, 2.0],
          "type": "hold",
          "id": 79,
          "distance": 15
        }
      ],
      [
        [0, 0, 1], {
          "pos": [0, 3.5999999999999996],
          "type": "hold",
          "id": 69,
          "distance": 15
        }
      ],
      [
        [0, 1, 1], {
          "pos": [0, 4.6],
          "type": "hold",
          "id": 55,
          "distance": 14
        }
      ],
      [
        [1, 0, 1], {
          "pos": [1, 3.5999999999999996],
          "type": "hold",
          "id": 56,
          "distance": 14
        }
      ],
      [
        [1, 1, 1], {
          "pos": [1, 4.6],
          "type": "hold",
          "id": 43,
          "distance": 13
        }
      ],
      [
        [2, 0, 1], {
          "pos": [2, 3.5999999999999996],
          "type": "hold",
          "id": 44,
          "distance": 13
        }
      ],
      [
        [2, 1, 1], {
          "pos": [2, 4.6],
          "type": "hold",
          "id": 35,
          "distance": 12
        }
      ],
      [
        [3, 1, 1], {
          "pos": [3, 4.6],
          "type": "hold",
          "id": 27,
          "distance": 11
        }
      ],
      [
        [4, 0, 1], {
          "pos": [4, 3.5999999999999996],
          "type": "hold",
          "id": 28,
          "distance": 11
        }
      ],
      [
        [4, 1, 1], {
          "pos": [4, 4.6],
          "type": "hold",
          "id": 19,
          "distance": 10
        }
      ],
      [
        [5, 0, 1], {
          "pos": [5, 3.5999999999999996],
          "type": "hold",
          "id": 20,
          "distance": 10
        }
      ],
      [
        [5, 1, 1], {
          "pos": [5, 4.6],
          "type": "ramp",
          "id": 16,
          "distance": 9
        }
      ],
      [
        [6, 0, 1], {
          "pos": [6, 3.5999999999999996],
          "type": "ramp",
          "id": 30,
          "distance": 11
        }
      ],
      [
        [6, 1, 1], {
          "pos": [6, 4.6],
          "type": "hold",
          "id": 23,
          "distance": 10
        }
      ],
      [
        [7, 0, 1], {
          "pos": [7, 3.5999999999999996],
          "type": "hold",
          "id": 38,
          "distance": 12
        }
      ],
      [
        [7, 1, 1], {
          "pos": [7, 4.6],
          "type": "hold",
          "id": 32,
          "distance": 11
        }
      ],
      [
        [8, 0, 1], {
          "pos": [8, 3.5999999999999996],
          "type": "hold",
          "id": 49,
          "distance": 13
        }
      ],
      [
        [8, 1, 1], {
          "pos": [8, 4.6],
          "type": "ramp",
          "id": 40,
          "distance": 12
        }
      ],
      [
        [9, 0, 1], {
          "pos": [9, 3.5999999999999996],
          "type": "hold",
          "id": 64,
          "distance": 14
        }
      ],
      [
        [9, 1, 1], {
          "pos": [9, 4.6],
          "type": "hold",
          "id": 52,
          "distance": 13
        }
      ],
      [
        [10, 0, 1], {
          "pos": [10, 3.5999999999999996],
          "type": "hold",
          "id": 76,
          "distance": 15
        }
      ],
      [
        [10, 1, 1], {
          "pos": [10, 4.6],
          "type": "hold",
          "id": 66,
          "distance": 14
        }
      ],
      [
        [11, 0, 1], {
          "pos": [11, 3.5999999999999996],
          "type": "hold",
          "id": 84,
          "distance": 16
        }
      ],
      [
        [11, 1, 1], {
          "pos": [11, 4.6],
          "type": "hold",
          "id": 78,
          "distance": 15
        }
      ],
      [
        [0, 2, 1], {
          "pos": [0, 5.6],
          "type": "hold",
          "id": 70,
          "distance": 15
        }
      ],
      [
        [1, 2, 1], {
          "pos": [1, 5.6],
          "type": "hold",
          "id": 57,
          "distance": 14
        }
      ],
      [
        [2, 2, 1], {
          "pos": [2, 5.6],
          "type": "hold",
          "id": 45,
          "distance": 13
        }
      ],
      [
        [3, 2, 1], {
          "pos": [3, 5.6],
          "type": "hold",
          "id": 36,
          "distance": 12
        }
      ],
      [
        [4, 2, 1], {
          "pos": [4, 5.6],
          "type": "hold",
          "id": 29,
          "distance": 11
        }
      ],
      [
        [5, 2, 1], {
          "pos": [5, 5.6],
          "type": "hold",
          "id": 21,
          "distance": 10
        }
      ],
      [
        [6, 2, 1], {
          "pos": [6, 5.6],
          "type": "hold",
          "id": 31,
          "distance": 11
        }
      ],
      [
        [7, 2, 1], {
          "pos": [7, 5.6],
          "type": "ramp",
          "id": 25,
          "distance": 10
        }
      ],
      [
        [8, 2, 1], {
          "pos": [8, 5.6],
          "type": "hold",
          "id": 34,
          "distance": 11
        }
      ],
      [
        [9, 2, 1], {
          "pos": [9, 5.6],
          "type": "hold",
          "id": 42,
          "distance": 12
        }
      ],
      [
        [10, 2, 1], {
          "pos": [10, 5.6],
          "type": "hold",
          "id": 54,
          "distance": 13
        }
      ],
      [
        [0, 0, 2], {
          "pos": [0, 7.199999999999999],
          "type": "hold",
          "id": 97,
          "distance": 20
        }
      ],
      [
        [0, 1, 2], {
          "pos": [0, 8.2],
          "type": "hold",
          "id": 94,
          "distance": 19
        }
      ],
      [
        [1, 0, 2], {
          "pos": [1, 7.199999999999999],
          "type": "hold",
          "id": 95,
          "distance": 19
        }
      ],
      [
        [1, 1, 2], {
          "pos": [1, 8.2],
          "type": "hold",
          "id": 90,
          "distance": 18
        }
      ],
      [
        [2, 0, 2], {
          "pos": [2, 7.199999999999999],
          "type": "hold",
          "id": 91,
          "distance": 18
        }
      ],
      [
        [2, 1, 2], {
          "pos": [2, 8.2],
          "type": "hold",
          "id": 85,
          "distance": 17
        }
      ],
      [
        [3, 1, 2], {
          "pos": [3, 8.2],
          "type": "hold",
          "id": 80,
          "distance": 16
        }
      ],
      [
        [4, 0, 2], {
          "pos": [4, 7.199999999999999],
          "type": "hold",
          "id": 58,
          "distance": 14
        }
      ],
      [
        [4, 1, 2], {
          "pos": [4, 8.2],
          "type": "hold",
          "id": 71,
          "distance": 15
        }
      ],
      [
        [5, 0, 2], {
          "pos": [5, 7.199999999999999],
          "type": "hold",
          "id": 46,
          "distance": 13
        }
      ],
      [
        [5, 1, 2], {
          "pos": [5, 8.2],
          "type": "hold",
          "id": 59,
          "distance": 14
        }
      ],
      [
        [6, 0, 2], {
          "pos": [6, 7.199999999999999],
          "type": "ramp",
          "id": 37,
          "distance": 12
        }
      ],
      [
        [6, 1, 2], {
          "pos": [6, 8.2],
          "type": "hold",
          "id": 47,
          "distance": 13
        }
      ],
      [
        [7, 0, 2], {
          "pos": [7, 7.199999999999999],
          "type": "hold",
          "id": 48,
          "distance": 13
        }
      ],
      [
        [7, 1, 2], {
          "pos": [7, 8.2],
          "type": "hold",
          "id": 61,
          "distance": 14
        }
      ],
      [
        [8, 0, 2], {
          "pos": [8, 7.199999999999999],
          "type": "hold",
          "id": 62,
          "distance": 14
        }
      ],
      [
        [8, 1, 2], {
          "pos": [8, 8.2],
          "type": "ramp",
          "id": 50,
          "distance": 13
        }
      ],
      [
        [9, 0, 2], {
          "pos": [9, 7.199999999999999],
          "type": "hold",
          "id": 74,
          "distance": 15
        }
      ],
      [
        [10, 0, 2], {
          "pos": [10, 7.199999999999999],
          "type": "hold",
          "id": 82,
          "distance": 16
        }
      ],
      [
        [10, 1, 2], {
          "pos": [10, 8.2],
          "type": "hold",
          "id": 87,
          "distance": 17
        }
      ],
      [
        [11, 0, 2], {
          "pos": [11, 7.199999999999999],
          "type": "hold",
          "id": 88,
          "distance": 17
        }
      ],
      [
        [11, 1, 2], {
          "pos": [11, 8.2],
          "type": "hold",
          "id": 93,
          "distance": 18
        }
      ],
      [
        [0, 2, 2], {
          "pos": [0, 9.2],
          "type": "hold",
          "id": 98,
          "distance": 20
        }
      ],
      [
        [1, 2, 2], {
          "pos": [1, 9.2],
          "type": "hold",
          "id": 96,
          "distance": 19
        }
      ],
      [
        [2, 2, 2], {
          "pos": [2, 9.2],
          "type": "hold",
          "id": 92,
          "distance": 18
        }
      ],
      [
        [3, 2, 2], {
          "pos": [3, 9.2],
          "type": "hold",
          "id": 86,
          "distance": 17
        }
      ],
      [
        [4, 2, 2], {
          "pos": [4, 9.2],
          "type": "hold",
          "id": 81,
          "distance": 16
        }
      ],
      [
        [5, 2, 2], {
          "pos": [5, 9.2],
          "type": "hold",
          "id": 72,
          "distance": 15
        }
      ],
      [
        [6, 2, 2], {
          "pos": [6, 9.2],
          "type": "hold",
          "id": 60,
          "distance": 14
        }
      ],
      [
        [7, 2, 2], {
          "pos": [7, 9.2],
          "type": "hold",
          "id": 73,
          "distance": 15
        }
      ],
      [
        [8, 2, 2], {
          "pos": [8, 9.2],
          "type": "hold",
          "id": 63,
          "distance": 14
        }
      ],
      [
        [9, 2, 2], {
          "pos": [9, 9.2],
          "type": "hold",
          "id": 75,
          "distance": 15
        }
      ],
      [
        [10, 2, 2], {
          "pos": [10, 9.2],
          "type": "hold",
          "id": 83,
          "distance": 16
        }
      ],
      [
        [11, 2, 2], {
          "pos": [11, 9.2],
          "type": "hold",
          "id": 89,
          "distance": 17
        }
      ]
    ],
    "edges": [
      [
        [0, 0, 0],
        [0, 1, 0], {}
      ],
      [
        [0, 0, 0],
        [1, 0, 0], {}
      ],
      [
        [0, 1, 0],
        [0, 2, 0], {}
      ],
      [
        [0, 1, 0],
        [1, 1, 0], {}
      ],
      [
        [1, 0, 0],
        [1, 1, 0], {}
      ],
      [
        [1, 0, 0],
        [2, 0, 0], {}
      ],
      [
        [1, 1, 0],
        [2, 1, 0], {}
      ],
      [
        [2, 0, 0],
        [2, 1, 0], {}
      ],
      [
        [2, 1, 0],
        [2, 2, 0], {}
      ],
      [
        [4, 0, 0],
        [4, 1, 0], {}
      ],
      [
        [4, 0, 0],
        [5, 0, 0], {}
      ],
      [
        [4, 1, 0],
        [4, 2, 0], {}
      ],
      [
        [4, 1, 0],
        [5, 1, 0], {}
      ],
      [
        [5, 0, 0],
        [5, 1, 0], {}
      ],
      [
        [5, 0, 0],
        [6, 0, 0], {}
      ],
      [
        [5, 1, 0],
        [5, 2, 0], {}
      ],
      [
        [5, 1, 0],
        [6, 1, 0], {}
      ],
      [
        [5, 1, 0],
        [5, 1, 1], {
          "ramp": true
        }
      ],
      [
        [6, 0, 0],
        [6, 1, 0], {}
      ],
      [
        [6, 1, 0],
        [6, 2, 0], {}
      ],
      [
        [6, 1, 0],
        [7, 1, 0], {}
      ],
      [
        [7, 1, 0],
        [7, 2, 0], {}
      ],
      [
        [7, 1, 0],
        [8, 1, 0], {}
      ],
      [
        [8, 0, 0],
        [8, 1, 0], {}
      ],
      [
        [8, 0, 0],
        [9, 0, 0], {}
      ],
      [
        [8, 1, 0],
        [8, 2, 0], {}
      ],
      [
        [8, 1, 0],
        [9, 1, 0], {}
      ],
      [
        [9, 0, 0],
        [9, 1, 0], {}
      ],
      [
        [9, 0, 0],
        [10, 0, 0], {}
      ],
      [
        [9, 1, 0],
        [10, 1, 0], {}
      ],
      [
        [10, 0, 0],
        [10, 1, 0], {}
      ],
      [
        [10, 0, 0],
        [11, 0, 0], {}
      ],
      [
        [10, 1, 0],
        [10, 2, 0], {}
      ],
      [
        [10, 1, 0],
        [11, 1, 0], {}
      ],
      [
        [11, 0, 0],
        [11, 1, 0], {}
      ],
      [
        [11, 1, 0],
        [11, 2, 0], {}
      ],
      [
        [2, 2, 0],
        [3, 2, 0], {}
      ],
      [
        [3, 2, 0],
        [4, 2, 0], {}
      ],
      [
        [4, 2, 0],
        [5, 2, 0], {}
      ],
      [
        [5, 2, 0],
        [6, 2, 0], {}
      ],
      [
        [6, 2, 0],
        [7, 2, 0], {}
      ],
      [
        [7, 2, 0],
        [8, 2, 0], {}
      ],
      [
        [7, 2, 0],
        [7, 2, 1], {
          "ramp": true
        }
      ],
      [
        [10, 2, 0],
        [11, 2, 0], {}
      ],
      [
        [0, 0, 1],
        [0, 1, 1], {}
      ],
      [
        [0, 0, 1],
        [1, 0, 1], {}
      ],
      [
        [0, 1, 1],
        [0, 2, 1], {}
      ],
      [
        [0, 1, 1],
        [1, 1, 1], {}
      ],
      [
        [1, 0, 1],
        [1, 1, 1], {}
      ],
      [
        [1, 0, 1],
        [2, 0, 1], {}
      ],
      [
        [1, 1, 1],
        [1, 2, 1], {}
      ],
      [
        [1, 1, 1],
        [2, 1, 1], {}
      ],
      [
        [2, 0, 1],
        [2, 1, 1], {}
      ],
      [
        [2, 1, 1],
        [2, 2, 1], {}
      ],
      [
        [2, 1, 1],
        [3, 1, 1], {}
      ],
      [
        [3, 1, 1],
        [3, 2, 1], {}
      ],
      [
        [3, 1, 1],
        [4, 1, 1], {}
      ],
      [
        [4, 0, 1],
        [4, 1, 1], {}
      ],
      [
        [4, 0, 1],
        [5, 0, 1], {}
      ],
      [
        [4, 1, 1],
        [4, 2, 1], {}
      ],
      [
        [4, 1, 1],
        [5, 1, 1], {}
      ],
      [
        [5, 0, 1],
        [5, 1, 1], {}
      ],
      [
        [5, 0, 1],
        [6, 0, 1], {}
      ],
      [
        [5, 1, 1],
        [5, 2, 1], {}
      ],
      [
        [5, 1, 1],
        [6, 1, 1], {}
      ],
      [
        [6, 0, 1],
        [6, 1, 1], {}
      ],
      [
        [6, 0, 1],
        [7, 0, 1], {}
      ],
      [
        [6, 0, 1],
        [6, 0, 2], {
          "ramp": true
        }
      ],
      [
        [6, 1, 1],
        [6, 2, 1], {}
      ],
      [
        [6, 1, 1],
        [7, 1, 1], {}
      ],
      [
        [7, 0, 1],
        [7, 1, 1], {}
      ],
      [
        [7, 0, 1],
        [8, 0, 1], {}
      ],
      [
        [7, 1, 1],
        [7, 2, 1], {}
      ],
      [
        [7, 1, 1],
        [8, 1, 1], {}
      ],
      [
        [8, 0, 1],
        [8, 1, 1], {}
      ],
      [
        [8, 0, 1],
        [9, 0, 1], {}
      ],
      [
        [8, 1, 1],
        [8, 2, 1], {}
      ],
      [
        [8, 1, 1],
        [9, 1, 1], {}
      ],
      [
        [8, 1, 1],
        [8, 1, 2], {
          "ramp": true
        }
      ],
      [
        [9, 0, 1],
        [9, 1, 1], {}
      ],
      [
        [9, 0, 1],
        [10, 0, 1], {}
      ],
      [
        [9, 1, 1],
        [9, 2, 1], {}
      ],
      [
        [9, 1, 1],
        [10, 1, 1], {}
      ],
      [
        [10, 0, 1],
        [10, 1, 1], {}
      ],
      [
        [10, 0, 1],
        [11, 0, 1], {}
      ],
      [
        [10, 1, 1],
        [10, 2, 1], {}
      ],
      [
        [10, 1, 1],
        [11, 1, 1], {}
      ],
      [
        [11, 0, 1],
        [11, 1, 1], {}
      ],
      [
        [0, 2, 1],
        [1, 2, 1], {}
      ],
      [
        [1, 2, 1],
        [2, 2, 1], {}
      ],
      [
        [2, 2, 1],
        [3, 2, 1], {}
      ],
      [
        [3, 2, 1],
        [4, 2, 1], {}
      ],
      [
        [4, 2, 1],
        [5, 2, 1], {}
      ],
      [
        [5, 2, 1],
        [6, 2, 1], {}
      ],
      [
        [6, 2, 1],
        [7, 2, 1], {}
      ],
      [
        [7, 2, 1],
        [8, 2, 1], {}
      ],
      [
        [8, 2, 1],
        [9, 2, 1], {}
      ],
      [
        [9, 2, 1],
        [10, 2, 1], {}
      ],
      [
        [0, 0, 2],
        [0, 1, 2], {}
      ],
      [
        [0, 0, 2],
        [1, 0, 2], {}
      ],
      [
        [0, 1, 2],
        [0, 2, 2], {}
      ],
      [
        [0, 1, 2],
        [1, 1, 2], {}
      ],
      [
        [1, 0, 2],
        [1, 1, 2], {}
      ],
      [
        [1, 0, 2],
        [2, 0, 2], {}
      ],
      [
        [1, 1, 2],
        [1, 2, 2], {}
      ],
      [
        [1, 1, 2],
        [2, 1, 2], {}
      ],
      [
        [2, 0, 2],
        [2, 1, 2], {}
      ],
      [
        [2, 1, 2],
        [2, 2, 2], {}
      ],
      [
        [2, 1, 2],
        [3, 1, 2], {}
      ],
      [
        [3, 1, 2],
        [3, 2, 2], {}
      ],
      [
        [3, 1, 2],
        [4, 1, 2], {}
      ],
      [
        [4, 0, 2],
        [4, 1, 2], {}
      ],
      [
        [4, 0, 2],
        [5, 0, 2], {}
      ],
      [
        [4, 1, 2],
        [4, 2, 2], {}
      ],
      [
        [4, 1, 2],
        [5, 1, 2], {}
      ],
      [
        [5, 0, 2],
        [5, 1, 2], {}
      ],
      [
        [5, 0, 2],
        [6, 0, 2], {}
      ],
      [
        [5, 1, 2],
        [5, 2, 2], {}
      ],
      [
        [5, 1, 2],
        [6, 1, 2], {}
      ],
      [
        [6, 0, 2],
        [6, 1, 2], {}
      ],
      [
        [6, 0, 2],
        [7, 0, 2], {}
      ],
      [
        [6, 1, 2],
        [6, 2, 2], {}
      ],
      [
        [6, 1, 2],
        [7, 1, 2], {}
      ],
      [
        [7, 0, 2],
        [7, 1, 2], {}
      ],
      [
        [7, 0, 2],
        [8, 0, 2], {}
      ],
      [
        [7, 1, 2],
        [7, 2, 2], {}
      ],
      [
        [7, 1, 2],
        [8, 1, 2], {}
      ],
      [
        [8, 0, 2],
        [8, 1, 2], {}
      ],
      [
        [8, 0, 2],
        [9, 0, 2], {}
      ],
      [
        [8, 1, 2],
        [8, 2, 2], {}
      ],
      [
        [9, 0, 2],
        [10, 0, 2], {}
      ],
      [
        [10, 0, 2],
        [10, 1, 2], {}
      ],
      [
        [10, 0, 2],
        [11, 0, 2], {}
      ],
      [
        [10, 1, 2],
        [10, 2, 2], {}
      ],
      [
        [10, 1, 2],
        [11, 1, 2], {}
      ],
      [
        [11, 0, 2],
        [11, 1, 2], {}
      ],
      [
        [11, 1, 2],
        [11, 2, 2], {}
      ],
      [
        [0, 2, 2],
        [1, 2, 2], {}
      ],
      [
        [1, 2, 2],
        [2, 2, 2], {}
      ],
      [
        [2, 2, 2],
        [3, 2, 2], {}
      ],
      [
        [3, 2, 2],
        [4, 2, 2], {}
      ],
      [
        [4, 2, 2],
        [5, 2, 2], {}
      ],
      [
        [5, 2, 2],
        [6, 2, 2], {}
      ],
      [
        [6, 2, 2],
        [7, 2, 2], {}
      ],
      [
        [7, 2, 2],
        [8, 2, 2], {}
      ],
      [
        [8, 2, 2],
        [9, 2, 2], {}
      ],
      [
        [9, 2, 2],
        [10, 2, 2], {}
      ],
      [
        [10, 2, 2],
        [11, 2, 2], {}
      ]
    ]
  }
}