{
  "N": 154,
  "E": [
    [0, 1],
    [0, 2],
    [1, 3],
    [1, 4],
    [2, 4],
    [4, 6],
    [6, 9],
    [6, 10],
    [13, 10],
    [13, 17],
    [17, 23],
    [23, 32],
    [32, 39],
    [39, 49],
    [39, 51],
    [51, 63],
    [72, 63],
    [72, 85],
    [63, 73],
    [63, 76],
    [85, 76],
    [85, 97],
    [76, 86],
    [3, 5],
    [9, 12],
    [29, 22],
    [49, 40],
    [73, 64],
    [73, 86],
    [86, 77],
    [5, 7],
    [5, 8],
    [8, 11],
    [8, 12],
    [12, 15],
    [12, 16],
    [12, 14],
    [16, 22],
    [22, 31],
    [31, 38],
    [31, 40],
    [40, 52],
    [52, 62],
    [52, 64],
    [64, 75],
    [64, 77],
    [77, 88],
    [7, 11],
    [11, 15],
    [62, 75],
    [75, 88],
    [53, 41],
    [53, 42],
    [41, 33],
    [42, 33],
    [42, 35],
    [33, 24],
    [33, 26],
    [35, 26],
    [35, 45],
    [26, 19],
    [45, 57],
    [57, 46],
    [57, 68],
    [46, 36],
    [46, 58],
    [68, 58],
    [68, 82],
    [58, 47],
    [58, 69],
    [82, 69],
    [82, 94],
    [69, 59],
    [94, 107],
    [107, 97],
    [97, 110],
    [110, 98],
    [24, 18],
    [24, 19],
    [19, 14],
    [19, 27],
    [27, 21],
    [27, 36],
    [36, 30],
    [36, 47],
    [47, 37],
    [47, 59],
    [59, 50],
    [59, 70],
    [70, 61],
    [98, 87],
    [18, 25],
    [18, 14],
    [14, 20],
    [14, 21],
    [21, 28],
    [21, 30],
    [30, 37],
    [37, 48],
    [37, 50],
    [50, 60],
    [50, 61],
    [61, 71],
    [61, 74],
    [74, 84],
    [74, 87],
    [74, 83],
    [25, 20],
    [25, 34],
    [20, 28],
    [48, 60],
    [60, 71],
    [71, 84],
    [146, 130],
    [130, 114],
    [114, 101],
    [101, 91],
    [101, 116],
    [91, 80],
    [91, 102],
    [116, 102],
    [116, 131],
    [131, 149],
    [149, 135],
    [149, 139],
    [135, 120],
    [135, 123],
    [139, 123],
    [139, 125],
    [123, 105],
    [123, 108],
    [125, 108],
    [125, 143],
    [108, 95],
    [108, 127],
    [143, 127],
    [127, 111],
    [65, 54],
    [54, 43],
    [54, 66],
    [66, 55],
    [66, 80],
    [133, 148],
    [133, 120],
    [120, 137],
    [120, 105],
    [105, 95],
    [95, 83],
    [95, 111],
    [95, 109],
    [43, 34],
    [43, 55],
    [55, 44],
    [55, 67],
    [152, 148],
    [148, 134],
    [148, 137],
    [137, 122],
    [83, 96],
    [34, 44],
    [44, 56],
    [134, 122],
    [122, 106],
    [106, 96],
    [96, 112],
    [129, 113],
    [113, 99],
    [99, 90],
    [100, 90],
    [100, 115],
    [90, 78],
    [117, 103],
    [117, 132],
    [147, 132],
    [147, 153],
    [132, 118],
    [153, 150],
    [150, 140],
    [140, 124],
    [144, 128],
    [78, 67],
    [78, 92],
    [92, 81],
    [92, 103],
    [103, 93],
    [103, 118],
    [118, 104],
    [118, 136],
    [136, 121],
    [136, 124],
    [124, 141],
    [124, 109],
    [109, 126],
    [109, 128],
    [128, 145],
    [67, 79],
    [67, 81],
    [81, 93],
    [93, 104],
    [104, 119],
    [104, 121],
    [121, 138],
    [121, 141],
    [141, 151],
    [141, 126],
    [126, 142],
    [126, 145],
    [89, 79],
    [119, 138],
    [138, 151],
    [151, 142]
  ],
  "P": 19,
  "K": [
    [
      [0, 4], 16
    ],
    [
      [0, 5], 17
    ],
    [
      [0, 11], 1
    ],
    [
      [0, 15], 11
    ],
    [
      [0, 18], 7
    ],
    [
      [1, 6], 16
    ],
    [
      [1, 8], 6
    ],
    [
      [1, 11], 9
    ],
    [
      [1, 17], 19
    ],
    [
      [1, 18], 5
    ],
    [
      [2, 7], 11
    ],
    [
      [3, 9], 1
    ],
    [
      [3, 10], 13
    ],
    [
      [3, 11], 12
    ],
    [
      [4, 10], 6
    ],
    [
      [4, 14], 1
    ],
    [
      [5, 14], 1
    ],
    [
      [5, 17], 16
    ],
    [
      [5, 18], 1
    ],
    [
      [6, 15], 10
    ],
    [
      [7, 13], 19
    ],
    [
      [7, 18], 4
    ],
    [
      [8, 17], 7
    ],
    [
      [9, 16], 5
    ],
    [
      [10, 15], 6
    ],
    [
      [11, 16], 1
    ],
    [
      [11, 17], 14
    ],
    [
      [11, 18], 1
    ],
    [
      [12, 17], 8
    ],
    [
      [12, 18], 17
    ],
    [
      [14, 18], 3
    ],
    [
      [15, 18], 18
    ],
    [
      [16, 18], 27
    ],
    [
      [17, 18], 6
    ]
  ],
  "F": 100,
  "LB": 66603,
  "grid_graph": {
    "nodes": [
      [
        [0, 0, 0], {
          "pos": [0, 0.0],
          "type": "gate",
          "id": 0,
          "distance": 0
        }
      ],
      [
        [0, 1, 0], {
          "pos": [0, 1.0],
          "type": "hold",
          "id": 1,
          "distance": 1
        }
      ],
      [
        [1, 0, 0], {
          "pos": [1, 0.0],
          "type": "hold",
          "id": 2,
          "distance": 1
        }
      ],
      [
        [1, 1, 0], {
          "pos": [1, 1.0],
          "type": "hold",
          "id": 4,
          "distance": 2
        }
      ],
      [
        [2, 1, 0], {
          "pos": [2, 1.0],
          "type": "hold",
          "id": 6,
          "distance": 3
        }
      ],
      [
        [3, 0, 0], {
          "pos": [3, 0.0],
          "type": "hold",
          "id": 13,
          "distance": 5
        }
      ],
      [
        [3, 1, 0], {
          "pos": [3, 1.0],
          "type": "hold",
          "id": 10,
          "distance": 4
        }
      ],
      [
        [4, 0, 0], {
          "pos": [4, 0.0],
          "type": "hold",
          "id": 17,
          "distance": 6
        }
      ],
      [
        [5, 0, 0], {
          "pos": [5, 0.0],
          "type": "hold",
          "id": 23,
          "distance": 7
        }
      ],
      [
        [6, 0, 0], {
          "pos": [6, 0.0],
          "type": "hold",
          "id": 32,
          "distance": 8
        }
      ],
      [
        [6, 1, 0], {
          "pos": [6, 1.0],
          "type": "hold",
          "id": 39,
          "distance": 9
        }
      ],
      [
        [7, 1, 0], {
          "pos": [7, 1.0],
          "type": "hold",
          "id": 51,
          "distance": 10
        }
      ],
      [
        [8, 0, 0], {
          "pos": [8, 0.0],
          "type": "hold",
          "id": 72,
          "distance": 12
        }
      ],
      [
        [8, 1, 0], {
          "pos": [8, 1.0],
          "type": "hold",
          "id": 63,
          "distance": 11
        }
      ],
      [
        [9, 0, 0], {
          "pos": [9, 0.0],
          "type": "ramp",
          "id": 85,
          "distance": 13
        }
      ],
      [
        [9, 1, 0], {
          "pos": [9, 1.0],
          "type": "hold",
          "id": 76,
          "distance": 12
        }
      ],
      [
        [0, 2, 0], {
          "pos": [0, 2.0],
          "type": "hold",
          "id": 3,
          "distance": 2
        }
      ],
      [
        [2, 2, 0], {
          "pos": [2, 2.0],
          "type": "hold",
          "id": 9,
          "distance": 4
        }
      ],
      [
        [4, 2, 0], {
          "pos": [4, 2.0],
          "type": "hold",
          "id": 29,
          "distance": 8
        }
      ],
      [
        [6, 2, 0], {
          "pos": [6, 2.0],
          "type": "hold",
          "id": 49,
          "distance": 10
        }
      ],
      [
        [8, 2, 0], {
          "pos": [8, 2.0],
          "type": "hold",
          "id": 73,
          "distance": 12
        }
      ],
      [
        [9, 2, 0], {
          "pos": [9, 2.0],
          "type": "hold",
          "id": 86,
          "distance": 13
        }
      ],
      [
        [0, 3, 0], {
          "pos": [0, 3.0],
          "type": "hold",
          "id": 5,
          "distance": 3
        }
      ],
      [
        [1, 3, 0], {
          "pos": [1, 3.0],
          "type": "hold",
          "id": 8,
          "distance": 4
        }
      ],
      [
        [2, 3, 0], {
          "pos": [2, 3.0],
          "type": "ramp",
          "id": 12,
          "distance": 5
        }
      ],
      [
        [3, 3, 0], {
          "pos": [3, 3.0],
          "type": "hold",
          "id": 16,
          "distance": 6
        }
      ],
      [
        [4, 3, 0], {
          "pos": [4, 3.0],
          "type": "hold",
          "id": 22,
          "distance": 7
        }
      ],
      [
        [5, 3, 0], {
          "pos": [5, 3.0],
          "type": "hold",
          "id": 31,
          "distance": 8
        }
      ],
      [
        [6, 3, 0], {
          "pos": [6, 3.0],
          "type": "hold",
          "id": 40,
          "distance": 9
        }
      ],
      [
        [7, 3, 0], {
          "pos": [7, 3.0],
          "type": "hold",
          "id": 52,
          "distance": 10
        }
      ],
      [
        [8, 3, 0], {
          "pos": [8, 3.0],
          "type": "hold",
          "id": 64,
          "distance": 11
        }
      ],
      [
        [9, 3, 0], {
          "pos": [9, 3.0],
          "type": "hold",
          "id": 77,
          "distance": 12
        }
      ],
      [
        [0, 4, 0], {
          "pos": [0, 4.0],
          "type": "hold",
          "id": 7,
          "distance": 4
        }
      ],
      [
        [1, 4, 0], {
          "pos": [1, 4.0],
          "type": "hold",
          "id": 11,
          "distance": 5
        }
      ],
      [
        [2, 4, 0], {
          "pos": [2, 4.0],
          "type": "hold",
          "id": 15,
          "distance": 6
        }
      ],
      [
        [5, 4, 0], {
          "pos": [5, 4.0],
          "type": "hold",
          "id": 38,
          "distance": 9
        }
      ],
      [
        [7, 4, 0], {
          "pos": [7, 4.0],
          "type": "hold",
          "id": 62,
          "distance": 11
        }
      ],
      [
        [8, 4, 0], {
          "pos": [8, 4.0],
          "type": "hold",
          "id": 75,
          "distance": 12
        }
      ],
      [
        [9, 4, 0], {
          "pos": [9, 4.0],
          "type": "hold",
          "id": 88,
          "distance": 13
        }
      ],
      [
        [0, 0, 1], {
          "pos": [0, 6.0],
          "type": "hold",
          "id": 53,
          "distance": 11
        }
      ],
      [
        [0, 1, 1], {
          "pos": [0, 7.0],
          "type": "hold",
          "id": 41,
          "distance": 10
        }
      ],
      [
        [1, 0, 1], {
          "pos": [1, 6.0],
          "type": "hold",
          "id": 42,
          "distance": 10
        }
      ],
      [
        [1, 1, 1], {
          "pos": [1, 7.0],
          "type": "hold",
          "id": 33,
          "distance": 9
        }
      ],
      [
        [2, 0, 1], {
          "pos": [2, 6.0],
          "type": "hold",
          "id": 35,
          "distance": 9
        }
      ],
      [
        [2, 1, 1], {
          "pos": [2, 7.0],
          "type": "hold",
          "id": 26,
          "distance": 8
        }
      ],
      [
        [3, 0, 1], {
          "pos": [3, 6.0],
          "type": "hold",
          "id": 45,
          "distance": 10
        }
      ],
      [
        [4, 0, 1], {
          "pos": [4, 6.0],
          "type": "hold",
          "id": 57,
          "distance": 11
        }
      ],
      [
        [4, 1, 1], {
          "pos": [4, 7.0],
          "type": "hold",
          "id": 46,
          "distance": 10
        }
      ],
      [
        [5, 0, 1], {
          "pos": [5, 6.0],
          "type": "hold",
          "id": 68,
          "distance": 12
        }
      ],
      [
        [5, 1, 1], {
          "pos": [5, 7.0],
          "type": "hold",
          "id": 58,
          "distance": 11
        }
      ],
      [
        [6, 0, 1], {
          "pos": [6, 6.0],
          "type": "hold",
          "id": 82,
          "distance": 13
        }
      ],
      [
        [6, 1, 1], {
          "pos": [6, 7.0],
          "type": "hold",
          "id": 69,
          "distance": 12
        }
      ],
      [
        [7, 0, 1], {
          "pos": [7, 6.0],
          "type": "hold",
          "id": 94,
          "distance": 14
        }
      ],
      [
        [8, 0, 1], {
          "pos": [8, 6.0],
          "type": "hold",
          "id": 107,
          "distance": 15
        }
      ],
      [
        [9, 0, 1], {
          "pos": [9, 6.0],
          "type": "ramp",
          "id": 97,
          "distance": 14
        }
      ],
      [
        [9, 1, 1], {
          "pos": [9, 7.0],
          "type": "hold",
          "id": 110,
          "distance": 15
        }
      ],
      [
        [1, 2, 1], {
          "pos": [1, 8.0],
          "type": "hold",
          "id": 24,
          "distance": 8
        }
      ],
      [
        [2, 2, 1], {
          "pos": [2, 8.0],
          "type": "hold",
          "id": 19,
          "distance": 7
        }
      ],
      [
        [3, 2, 1], {
          "pos": [3, 8.0],
          "type": "hold",
          "id": 27,
          "distance": 8
        }
      ],
      [
        [4, 2, 1], {
          "pos": [4, 8.0],
          "type": "hold",
          "id": 36,
          "distance": 9
        }
      ],
      [
        [5, 2, 1], {
          "pos": [5, 8.0],
          "type": "hold",
          "id": 47,
          "distance": 10
        }
      ],
      [
        [6, 2, 1], {
          "pos": [6, 8.0],
          "type": "hold",
          "id": 59,
          "distance": 11
        }
      ],
      [
        [7, 2, 1], {
          "pos": [7, 8.0],
          "type": "hold",
          "id": 70,
          "distance": 12
        }
      ],
      [
        [9, 2, 1], {
          "pos": [9, 8.0],
          "type": "hold",
          "id": 98,
          "distance": 14
        }
      ],
      [
        [1, 3, 1], {
          "pos": [1, 9.0],
          "type": "hold",
          "id": 18,
          "distance": 7
        }
      ],
      [
        [2, 3, 1], {
          "pos": [2, 9.0],
          "type": "ramp",
          "id": 14,
          "distance": 6
        }
      ],
      [
        [3, 3, 1], {
          "pos": [3, 9.0],
          "type": "hold",
          "id": 21,
          "distance": 7
        }
      ],
      [
        [4, 3, 1], {
          "pos": [4, 9.0],
          "type": "hold",
          "id": 30,
          "distance": 8
        }
      ],
      [
        [5, 3, 1], {
          "pos": [5, 9.0],
          "type": "hold",
          "id": 37,
          "distance": 9
        }
      ],
      [
        [6, 3, 1], {
          "pos": [6, 9.0],
          "type": "hold",
          "id": 50,
          "distance": 10
        }
      ],
      [
        [7, 3, 1], {
          "pos": [7, 9.0],
          "type": "hold",
          "id": 61,
          "distance": 11
        }
      ],
      [
        [8, 3, 1], {
          "pos": [8, 9.0],
          "type": "ramp",
          "id": 74,
          "distance": 12
        }
      ],
      [
        [9, 3, 1], {
          "pos": [9, 9.0],
          "type": "hold",
          "id": 87,
          "distance": 13
        }
      ],
      [
        [1, 4, 1], {
          "pos": [1, 10.0],
          "type": "ramp",
          "id": 25,
          "distance": 8
        }
      ],
      [
        [2, 4, 1], {
          "pos": [2, 10.0],
          "type": "hold",
          "id": 20,
          "distance": 7
        }
      ],
      [
        [3, 4, 1], {
          "pos": [3, 10.0],
          "type": "hold",
          "id": 28,
          "distance": 8
        }
      ],
      [
        [5, 4, 1], {
          "pos": [5, 10.0],
          "type": "hold",
          "id": 48,
          "distance": 10
        }
      ],
      [
        [6, 4, 1], {
          "pos": [6, 10.0],
          "type": "hold",
          "id": 60,
          "distance": 11
        }
      ],
      [
        [7, 4, 1], {
          "pos": [7, 10.0],
          "type": "hold",
          "id": 71,
          "distance": 12
        }
      ],
      [
        [8, 4, 1], {
          "pos": [8, 10.0],
          "type": "hold",
          "id": 84,
          "distance": 13
        }
      ],
      [
        [0, 0, 2], {
          "pos": [0, 12.0],
          "type": "hold",
          "id": 146,
          "distance": 18
        }
      ],
      [
        [1, 0, 2], {
          "pos": [1, 12.0],
          "type": "hold",
          "id": 130,
          "distance": 17
        }
      ],
      [
        [2, 0, 2], {
          "pos": [2, 12.0],
          "type": "hold",
          "id": 114,
          "distance": 16
        }
      ],
      [
        [3, 0, 2], {
          "pos": [3, 12.0],
          "type": "hold",
          "id": 101,
          "distance": 15
        }
      ],
      [
        [3, 1, 2], {
          "pos": [3, 13.0],
          "type": "hold",
          "id": 91,
          "distance": 14
        }
      ],
      [
        [4, 0, 2], {
          "pos": [4, 12.0],
          "type": "hold",
          "id": 116,
          "distance": 16
        }
      ],
      [
        [4, 1, 2], {
          "pos": [4, 13.0],
          "type": "hold",
          "id": 102,
          "distance": 15
        }
      ],
      [
        [5, 0, 2], {
          "pos": [5, 12.0],
          "type": "hold",
          "id": 131,
          "distance": 17
        }
      ],
      [
        [6, 0, 2], {
          "pos": [6, 12.0],
          "type": "hold",
          "id": 149,
          "distance": 18
        }
      ],
      [
        [6, 1, 2], {
          "pos": [6, 13.0],
          "type": "hold",
          "id": 135,
          "distance": 17
        }
      ],
      [
        [7, 0, 2], {
          "pos": [7, 12.0],
          "type": "hold",
          "id": 139,
          "distance": 17
        }
      ],
      [
        [7, 1, 2], {
          "pos": [7, 13.0],
          "type": "hold",
          "id": 123,
          "distance": 16
        }
      ],
      [
        [8, 0, 2], {
          "pos": [8, 12.0],
          "type": "hold",
          "id": 125,
          "distance": 16
        }
      ],
      [
        [8, 1, 2], {
          "pos": [8, 13.0],
          "type": "hold",
          "id": 108,
          "distance": 15
        }
      ],
      [
        [9, 0, 2], {
          "pos": [9, 12.0],
          "type": "hold",
          "id": 143,
          "distance": 17
        }
      ],
      [
        [9, 1, 2], {
          "pos": [9, 13.0],
          "type": "hold",
          "id": 127,
          "distance": 16
        }
      ],
      [
        [0, 2, 2], {
          "pos": [0, 14.0],
          "type": "hold",
          "id": 65,
          "distance": 12
        }
      ],
      [
        [1, 2, 2], {
          "pos": [1, 14.0],
          "type": "hold",
          "id": 54,
          "distance": 11
        }
      ],
      [
        [2, 2, 2], {
          "pos": [2, 14.0],
          "type": "hold",
          "id": 66,
          "distance": 12
        }
      ],
      [
        [3, 2, 2], {
          "pos": [3, 14.0],
          "type": "hold",
          "id": 80,
          "distance": 13
        }
      ],
      [
        [5, 2, 2], {
          "pos": [5, 14.0],
          "type": "hold",
          "id": 133,
          "distance": 17
        }
      ],
      [
        [6, 2, 2], {
          "pos": [6, 14.0],
          "type": "hold",
          "id": 120,
          "distance": 16
        }
      ],
      [
        [7, 2, 2], {
          "pos": [7, 14.0],
          "type": "hold",
          "id": 105,
          "distance": 15
        }
      ],
      [
        [8, 2, 2], {
          "pos": [8, 14.0],
          "type": "ramp",
          "id": 95,
          "distance": 14
        }
      ],
      [
        [9, 2, 2], {
          "pos": [9, 14.0],
          "type": "hold",
          "id": 111,
          "distance": 15
        }
      ],
      [
        [1, 3, 2], {
          "pos": [1, 15.0],
          "type": "hold",
          "id": 43,
          "distance": 10
        }
      ],
      [
        [2, 3, 2], {
          "pos": [2, 15.0],
          "type": "ramp",
          "id": 55,
          "distance": 11
        }
      ],
      [
        [4, 3, 2], {
          "pos": [4, 15.0],
          "type": "hold",
          "id": 152,
          "distance": 19
        }
      ],
      [
        [5, 3, 2], {
          "pos": [5, 15.0],
          "type": "hold",
          "id": 148,
          "distance": 18
        }
      ],
      [
        [6, 3, 2], {
          "pos": [6, 15.0],
          "type": "hold",
          "id": 137,
          "distance": 17
        }
      ],
      [
        [8, 3, 2], {
          "pos": [8, 15.0],
          "type": "ramp",
          "id": 83,
          "distance": 13
        }
      ],
      [
        [1, 4, 2], {
          "pos": [1, 16.0],
          "type": "ramp",
          "id": 34,
          "distance": 9
        }
      ],
      [
        [2, 4, 2], {
          "pos": [2, 16.0],
          "type": "hold",
          "id": 44,
          "distance": 10
        }
      ],
      [
        [3, 4, 2], {
          "pos": [3, 16.0],
          "type": "hold",
          "id": 56,
          "distance": 11
        }
      ],
      [
        [5, 4, 2], {
          "pos": [5, 16.0],
          "type": "hold",
          "id": 134,
          "distance": 17
        }
      ],
      [
        [6, 4, 2], {
          "pos": [6, 16.0],
          "type": "hold",
          "id": 122,
          "distance": 16
        }
      ],
      [
        [7, 4, 2], {
          "pos": [7, 16.0],
          "type": "hold",
          "id": 106,
          "distance": 15
        }
      ],
      [
        [8, 4, 2], {
          "pos": [8, 16.0],
          "type": "hold",
          "id": 96,
          "distance": 14
        }
      ],
      [
        [9, 4, 2], {
          "pos": [9, 16.0],
          "type": "hold",
          "id": 112,
          "distance": 15
        }
      ],
      [
        [0, 0, 3], {
          "pos": [0, 18.0],
          "type": "hold",
          "id": 129,
          "distance": 17
        }
      ],
      [
        [0, 1, 3], {
          "pos": [0, 19.0],
          "type": "hold",
          "id": 113,
          "distance": 16
        }
      ],
      [
        [1, 1, 3], {
          "pos": [1, 19.0],
          "type": "hold",
          "id": 99,
          "distance": 15
        }
      ],
      [
        [2, 0, 3], {
          "pos": [2, 18.0],
          "type": "hold",
          "id": 100,
          "distance": 15
        }
      ],
      [
        [2, 1, 3], {
          "pos": [2, 19.0],
          "type": "hold",
          "id": 90,
          "distance": 14
        }
      ],
      [
        [3, 0, 3], {
          "pos": [3, 18.0],
          "type": "hold",
          "id": 115,
          "distance": 16
        }
      ],
      [
        [4, 1, 3], {
          "pos": [4, 19.0],
          "type": "hold",
          "id": 117,
          "distance": 16
        }
      ],
      [
        [5, 0, 3], {
          "pos": [5, 18.0],
          "type": "hold",
          "id": 147,
          "distance": 18
        }
      ],
      [
        [5, 1, 3], {
          "pos": [5, 19.0],
          "type": "hold",
          "id": 132,
          "distance": 17
        }
      ],
      [
        [6, 0, 3], {
          "pos": [6, 18.0],
          "type": "hold",
          "id": 153,
          "distance": 19
        }
      ],
      [
        [7, 0, 3], {
          "pos": [7, 18.0],
          "type": "hold",
          "id": 150,
          "distance": 18
        }
      ],
      [
        [7, 1, 3], {
          "pos": [7, 19.0],
          "type": "hold",
          "id": 140,
          "distance": 17
        }
      ],
      [
        [9, 1, 3], {
          "pos": [9, 19.0],
          "type": "hold",
          "id": 144,
          "distance": 17
        }
      ],
      [
        [2, 2, 3], {
          "pos": [2, 20.0],
          "type": "hold",
          "id": 78,
          "distance": 13
        }
      ],
      [
        [3, 2, 3], {
          "pos": [3, 20.0],
          "type": "hold",
          "id": 92,
          "distance": 14
        }
      ],
      [
        [4, 2, 3], {
          "pos": [4, 20.0],
          "type": "hold",
          "id": 103,
          "distance": 15
        }
      ],
      [
        [5, 2, 3], {
          "pos": [5, 20.0],
          "type": "hold",
          "id": 118,
          "distance": 16
        }
      ],
      [
        [6, 2, 3], {
          "pos": [6, 20.0],
          "type": "hold",
          "id": 136,
          "distance": 17
        }
      ],
      [
        [7, 2, 3], {
          "pos": [7, 20.0],
          "type": "hold",
          "id": 124,
          "distance": 16
        }
      ],
      [
        [8, 2, 3], {
          "pos": [8, 20.0],
          "type": "ramp",
          "id": 109,
          "distance": 15
        }
      ],
      [
        [9, 2, 3], {
          "pos": [9, 20.0],
          "type": "hold",
          "id": 128,
          "distance": 16
        }
      ],
      [
        [2, 3, 3], {
          "pos": [2, 21.0],
          "type": "ramp",
          "id": 67,
          "distance": 12
        }
      ],
      [
        [3, 3, 3], {
          "pos": [3, 21.0],
          "type": "hold",
          "id": 81,
          "distance": 13
        }
      ],
      [
        [4, 3, 3], {
          "pos": [4, 21.0],
          "type": "hold",
          "id": 93,
          "distance": 14
        }
      ],
      [
        [5, 3, 3], {
          "pos": [5, 21.0],
          "type": "hold",
          "id": 104,
          "distance": 15
        }
      ],
      [
        [6, 3, 3], {
          "pos": [6, 21.0],
          "type": "hold",
          "id": 121,
          "distance": 16
        }
      ],
      [
        [7, 3, 3], {
          "pos": [7, 21.0],
          "type": "hold",
          "id": 141,
          "distance": 17
        }
      ],
      [
        [8, 3, 3], {
          "pos": [8, 21.0],
          "type": "hold",
          "id": 126,
          "distance": 16
        }
      ],
      [
        [9, 3, 3], {
          "pos": [9, 21.0],
          "type": "hold",
          "id": 145,
          "distance": 17
        }
      ],
      [
        [1, 4, 3], {
          "pos": [1, 22.0],
          "type": "hold",
          "id": 89,
          "distance": 14
        }
      ],
      [
        [2, 4, 3], {
          "pos": [2, 22.0],
          "type": "hold",
          "id": 79,
          "distance": 13
        }
      ],
      [
        [5, 4, 3], {
          "pos": [5, 22.0],
          "type": "hold",
          "id": 119,
          "distance": 16
        }
      ],
      [
        [6, 4, 3], {
          "pos": [6, 22.0],
          "type": "hold",
          "id": 138,
          "distance": 17
        }
      ],
      [
        [7, 4, 3], {
          "pos": [7, 22.0],
          "type": "hold",
          "id": 151,
          "distance": 18
        }
      ],
      [
        [8, 4, 3], {
          "pos": [8, 22.0],
          "type": "hold",
          "id": 142,
          "distance": 17
        }
      ]
    ],
    "edges": [
      [
        [0, 0, 0],
        [0, 1, 0], {}
      ],
      [
        [0, 0, 0],
        [1, 0, 0], {}
      ],
      [
        [0, 1, 0],
        [0, 2, 0], {}
      ],
      [
        [0, 1, 0],
        [1, 1, 0], {}
      ],
      [
        [1, 0, 0],
        [1, 1, 0], {}
      ],
      [
        [1, 1, 0],
        [2, 1, 0], {}
      ],
      [
        [2, 1, 0],
        [2, 2, 0], {}
      ],
      [
        [2, 1, 0],
        [3, 1, 0], {}
      ],
      [
        [3, 0, 0],
        [3, 1, 0], {}
      ],
      [
        [3, 0, 0],
        [4, 0, 0], {}
      ],
      [
        [4, 0, 0],
        [5, 0, 0], {}
      ],
      [
        [5, 0, 0],
        [6, 0, 0], {}
      ],
      [
        [6, 0, 0],
        [6, 1, 0], {}
      ],
      [
        [6, 1, 0],
        [6, 2, 0], {}
      ],
      [
        [6, 1, 0],
        [7, 1, 0], {}
      ],
      [
        [7, 1, 0],
        [8, 1, 0], {}
      ],
      [
        [8, 0, 0],
        [8, 1, 0], {}
      ],
      [
        [8, 0, 0],
        [9, 0, 0], {}
      ],
      [
        [8, 1, 0],
        [8, 2, 0], {}
      ],
      [
        [8, 1, 0],
        [9, 1, 0], {}
      ],
      [
        [9, 0, 0],
        [9, 1, 0], {}
      ],
      [
        [9, 0, 0],
        [9, 0, 1], {
          "ramp": true
        }
      ],
      [
        [9, 1, 0],
        [9, 2, 0], {}
      ],
      [
        [0, 2, 0],
        [0, 3, 0], {}
      ],
      [
        [2, 2, 0],
        [2, 3, 0], {}
      ],
      [
        [4, 2, 0],
        [4, 3, 0], {}
      ],
      [
        [6, 2, 0],
        [6, 3, 0], {}
      ],
      [
        [8, 2, 0],
        [8, 3, 0], {}
      ],
      [
        [8, 2, 0],
        [9, 2, 0], {}
      ],
      [
        [9, 2, 0],
        [9, 3, 0], {}
      ],
      [
        [0, 3, 0],
        [0, 4, 0], {}
      ],
      [
        [0, 3, 0],
        [1, 3, 0], {}
      ],
      [
        [1, 3, 0],
        [1, 4, 0], {}
      ],
      [
        [1, 3, 0],
        [2, 3, 0], {}
      ],
      [
        [2, 3, 0],
        [2, 4, 0], {}
      ],
      [
        [2, 3, 0],
        [3, 3, 0], {}
      ],
      [
        [2, 3, 0],
        [2, 3, 1], {
          "ramp": true
        }
      ],
      [
        [3, 3, 0],
        [4, 3, 0], {}
      ],
      [
        [4, 3, 0],
        [5, 3, 0], {}
      ],
      [
        [5, 3, 0],
        [5, 4, 0], {}
      ],
      [
        [5, 3, 0],
        [6, 3, 0], {}
      ],
      [
        [6, 3, 0],
        [7, 3, 0], {}
      ],
      [
        [7, 3, 0],
        [7, 4, 0], {}
      ],
      [
        [7, 3, 0],
        [8, 3, 0], {}
      ],
      [
        [8, 3, 0],
        [8, 4, 0], {}
      ],
      [
        [8, 3, 0],
        [9, 3, 0], {}
      ],
      [
        [9, 3, 0],
        [9, 4, 0], {}
      ],
      [
        [0, 4, 0],
        [1, 4, 0], {}
      ],
      [
        [1, 4, 0],
        [2, 4, 0], {}
      ],
      [
        [7, 4, 0],
        [8, 4, 0], {}
      ],
      [
        [8, 4, 0],
        [9, 4, 0], {}
      ],
      [
        [0, 0, 1],
        [0, 1, 1], {}
      ],
      [
        [0, 0, 1],
        [1, 0, 1], {}
      ],
      [
        [0, 1, 1],
        [1, 1, 1], {}
      ],
      [
        [1, 0, 1],
        [1, 1, 1], {}
      ],
      [
        [1, 0, 1],
        [2, 0, 1], {}
      ],
      [
        [1, 1, 1],
        [1, 2, 1], {}
      ],
      [
        [1, 1, 1],
        [2, 1, 1], {}
      ],
      [
        [2, 0, 1],
        [2, 1, 1], {}
      ],
      [
        [2, 0, 1],
        [3, 0, 1], {}
      ],
      [
        [2, 1, 1],
        [2, 2, 1], {}
      ],
      [
        [3, 0, 1],
        [4, 0, 1], {}
      ],
      [
        [4, 0, 1],
        [4, 1, 1], {}
      ],
      [
        [4, 0, 1],
        [5, 0, 1], {}
      ],
      [
        [4, 1, 1],
        [4, 2, 1], {}
      ],
      [
        [4, 1, 1],
        [5, 1, 1], {}
      ],
      [
        [5, 0, 1],
        [5, 1, 1], {}
      ],
      [
        [5, 0, 1],
        [6, 0, 1], {}
      ],
      [
        [5, 1, 1],
        [5, 2, 1], {}
      ],
      [
        [5, 1, 1],
        [6, 1, 1], {}
      ],
      [
        [6, 0, 1],
        [6, 1, 1], {}
      ],
      [
        [6, 0, 1],
        [7, 0, 1], {}
      ],
      [
        [6, 1, 1],
        [6, 2, 1], {}
      ],
      [
        [7, 0, 1],
        [8, 0, 1], {}
      ],
      [
        [8, 0, 1],
        [9, 0, 1], {}
      ],
      [
        [9, 0, 1],
        [9, 1, 1], {}
      ],
      [
        [9, 1, 1],
        [9, 2, 1], {}
      ],
      [
        [1, 2, 1],
        [1, 3, 1], {}
      ],
      [
        [1, 2, 1],
        [2, 2, 1], {}
      ],
      [
        [2, 2, 1],
        [2, 3, 1], {}
      ],
      [
        [2, 2, 1],
        [3, 2, 1], {}
      ],
      [
        [3, 2, 1],
        [3, 3, 1], {}
      ],
      [
        [3, 2, 1],
        [4, 2, 1], {}
      ],
      [
        [4, 2, 1],
        [4, 3, 1], {}
      ],
      [
        [4, 2, 1],
        [5, 2, 1], {}
      ],
      [
        [5, 2, 1],
        [5, 3, 1], {}
      ],
      [
        [5, 2, 1],
        [6, 2, 1], {}
      ],
      [
        [6, 2, 1],
        [6, 3, 1], {}
      ],
      [
        [6, 2, 1],
        [7, 2, 1], {}
      ],
      [
        [7, 2, 1],
        [7, 3, 1], {}
      ],
      [
        [9, 2, 1],
        [9, 3, 1], {}
      ],
      [
        [1, 3, 1],
        [1, 4, 1], {}
      ],
      [
        [1, 3, 1],
        [2, 3, 1], {}
      ],
      [
        [2, 3, 1],
        [2, 4, 1], {}
      ],
      [
        [2, 3, 1],
        [3, 3, 1], {}
      ],
      [
        [3, 3, 1],
        [3, 4, 1], {}
      ],
      [
        [3, 3, 1],
        [4, 3, 1], {}
      ],
      [
        [4, 3, 1],
        [5, 3, 1], {}
      ],
      [
        [5, 3, 1],
        [5, 4, 1], {}
      ],
      [
        [5, 3, 1],
        [6, 3, 1], {}
      ],
      [
        [6, 3, 1],
        [6, 4, 1], {}
      ],
      [
        [6, 3, 1],
        [7, 3, 1], {}
      ],
      [
        [7, 3, 1],
        [7, 4, 1], {}
      ],
      [
        [7, 3, 1],
        [8, 3, 1], {}
      ],
      [
        [8, 3, 1],
        [8, 4, 1], {}
      ],
      [
        [8, 3, 1],
        [9, 3, 1], {}
      ],
      [
        [8, 3, 1],
        [8, 3, 2], {
          "ramp": true
        }
      ],
      [
        [1, 4, 1],
        [2, 4, 1], {}
      ],
      [
        [1, 4, 1],
        [1, 4, 2], {
          "ramp": true
        }
      ],
      [
        [2, 4, 1],
        [3, 4, 1], {}
      ],
      [
        [5, 4, 1],
        [6, 4, 1], {}
      ],
      [
        [6, 4, 1],
        [7, 4, 1], {}
      ],
      [
        [7, 4, 1],
        [8, 4, 1], {}
      ],
      [
        [0, 0, 2],
        [1, 0, 2], {}
      ],
      [
        [1, 0, 2],
        [2, 0, 2], {}
      ],
      [
        [2, 0, 2],
        [3, 0, 2], {}
      ],
      [
        [3, 0, 2],
        [3, 1, 2], {}
      ],
      [
        [3, 0, 2],
        [4, 0, 2], {}
      ],
      [
        [3, 1, 2],
        [3, 2, 2], {}
      ],
      [
        [3, 1, 2],
        [4, 1, 2], {}
      ],
      [
        [4, 0, 2],
        [4, 1, 2], {}
      ],
      [
        [4, 0, 2],
        [5, 0, 2], {}
      ],
      [
        [5, 0, 2],
        [6, 0, 2], {}
      ],
      [
        [6, 0, 2],
        [6, 1, 2], {}
      ],
      [
        [6, 0, 2],
        [7, 0, 2], {}
      ],
      [
        [6, 1, 2],
        [6, 2, 2], {}
      ],
      [
        [6, 1, 2],
        [7, 1, 2], {}
      ],
      [
        [7, 0, 2],
        [7, 1, 2], {}
      ],
      [
        [7, 0, 2],
        [8, 0, 2], {}
      ],
      [
        [7, 1, 2],
        [7, 2, 2], {}
      ],
      [
        [7, 1, 2],
        [8, 1, 2], {}
      ],
      [
        [8, 0, 2],
        [8, 1, 2], {}
      ],
      [
        [8, 0, 2],
        [9, 0, 2], {}
      ],
      [
        [8, 1, 2],
        [8, 2, 2], {}
      ],
      [
        [8, 1, 2],
        [9, 1, 2], {}
      ],
      [
        [9, 0, 2],
        [9, 1, 2], {}
      ],
      [
        [9, 1, 2],
        [9, 2, 2], {}
      ],
      [
        [0, 2, 2],
        [1, 2, 2], {}
      ],
      [
        [1, 2, 2],
        [1, 3, 2], {}
      ],
      [
        [1, 2, 2],
        [2, 2, 2], {}
      ],
      [
        [2, 2, 2],
        [2, 3, 2], {}
      ],
      [
        [2, 2, 2],
        [3, 2, 2], {}
      ],
      [
        [5, 2, 2],
        [5, 3, 2], {}
      ],
      [
        [5, 2, 2],
        [6, 2, 2], {}
      ],
      [
        [6, 2, 2],
        [6, 3, 2], {}
      ],
      [
        [6, 2, 2],
        [7, 2, 2], {}
      ],
      [
        [7, 2, 2],
        [8, 2, 2], {}
      ],
      [
        [8, 2, 2],
        [8, 3, 2], {}
      ],
      [
        [8, 2, 2],
        [9, 2, 2], {}
      ],
      [
        [8, 2, 2],
        [8, 2, 3], {
          "ramp": true
        }
      ],
      [
        [1, 3, 2],
        [1, 4, 2], {}
      ],
      [
        [1, 3, 2],
        [2, 3, 2], {}
      ],
      [
        [2, 3, 2],
        [2, 4, 2], {}
      ],
      [
        [2, 3, 2],
        [2, 3, 3], {
          "ramp": true
        }
      ],
      [
        [4, 3, 2],
        [5, 3, 2], {}
      ],
      [
        [5, 3, 2],
        [5, 4, 2], {}
      ],
      [
        [5, 3, 2],
        [6, 3, 2], {}
      ],
      [
        [6, 3, 2],
        [6, 4, 2], {}
      ],
      [
        [8, 3, 2],
        [8, 4, 2], {}
      ],
      [
        [1, 4, 2],
        [2, 4, 2], {}
      ],
      [
        [2, 4, 2],
        [3, 4, 2], {}
      ],
      [
        [5, 4, 2],
        [6, 4, 2], {}
      ],
      [
        [6, 4, 2],
        [7, 4, 2], {}
      ],
      [
        [7, 4, 2],
        [8, 4, 2], {}
      ],
      [
        [8, 4, 2],
        [9, 4, 2], {}
      ],
      [
        [0, 0, 3],
        [0, 1, 3], {}
      ],
      [
        [0, 1, 3],
        [1, 1, 3], {}
      ],
      [
        [1, 1, 3],
        [2, 1, 3], {}
      ],
      [
        [2, 0, 3],
        [2, 1, 3], {}
      ],
      [
        [2, 0, 3],
        [3, 0, 3], {}
      ],
      [
        [2, 1, 3],
        [2, 2, 3], {}
      ],
      [
        [4, 1, 3],
        [4, 2, 3], {}
      ],
      [
        [4, 1, 3],
        [5, 1, 3], {}
      ],
      [
        [5, 0, 3],
        [5, 1, 3], {}
      ],
      [
        [5, 0, 3],
        [6, 0, 3], {}
      ],
      [
        [5, 1, 3],
        [5, 2, 3], {}
      ],
      [
        [6, 0, 3],
        [7, 0, 3], {}
      ],
      [
        [7, 0, 3],
        [7, 1, 3], {}
      ],
      [
        [7, 1, 3],
        [7, 2, 3], {}
      ],
      [
        [9, 1, 3],
        [9, 2, 3], {}
      ],
      [
        [2, 2, 3],
        [2, 3, 3], {}
      ],
      [
        [2, 2, 3],
        [3, 2, 3], {}
      ],
      [
        [3, 2, 3],
        [3, 3, 3], {}
      ],
      [
        [3, 2, 3],
        [4, 2, 3], {}
      ],
      [
        [4, 2, 3],
        [4, 3, 3], {}
      ],
      [
        [4, 2, 3],
        [5, 2, 3], {}
      ],
      [
        [5, 2, 3],
        [5, 3, 3], {}
      ],
      [
        [5, 2, 3],
        [6, 2, 3], {}
      ],
      [
        [6, 2, 3],
        [6, 3, 3], {}
      ],
      [
        [6, 2, 3],
        [7, 2, 3], {}
      ],
      [
        [7, 2, 3],
        [7, 3, 3], {}
      ],
      [
        [7, 2, 3],
        [8, 2, 3], {}
      ],
      [
        [8, 2, 3],
        [8, 3, 3], {}
      ],
      [
        [8, 2, 3],
        [9, 2, 3], {}
      ],
      [
        [9, 2, 3],
        [9, 3, 3], {}
      ],
      [
        [2, 3, 3],
        [2, 4, 3], {}
      ],
      [
        [2, 3, 3],
        [3, 3, 3], {}
      ],
      [
        [3, 3, 3],
        [4, 3, 3], {}
      ],
      [
        [4, 3, 3],
        [5, 3, 3], {}
      ],
      [
        [5, 3, 3],
        [5, 4, 3], {}
      ],
      [
        [5, 3, 3],
        [6, 3, 3], {}
      ],
      [
        [6, 3, 3],
        [6, 4, 3], {}
      ],
      [
        [6, 3, 3],
        [7, 3, 3], {}
      ],
      [
        [7, 3, 3],
        [7, 4, 3], {}
      ],
      [
        [7, 3, 3],
        [8, 3, 3], {}
      ],
      [
        [8, 3, 3],
        [8, 4, 3], {}
      ],
      [
        [8, 3, 3],
        [9, 3, 3], {}
      ],
      [
        [1, 4, 3],
        [2, 4, 3], {}
      ],
      [
        [5, 4, 3],
        [6, 4, 3], {}
      ],
      [
        [6, 4, 3],
        [7, 4, 3], {}
      ],
      [
        [7, 4, 3],
        [8, 4, 3], {}
      ]
    ]
  }
}