{
  "N": 149,
  "E": [
    [0, 1],
    [0, 2],
    [1, 3],
    [1, 4],
    [2, 4],
    [2, 5],
    [4, 7],
    [4, 8],
    [5, 8],
    [5, 9],
    [8, 12],
    [8, 14],
    [9, 14],
    [9, 13],
    [14, 19],
    [115, 100],
    [115, 133],
    [133, 120],
    [3, 6],
    [3, 7],
    [7, 11],
    [7, 12],
    [12, 16],
    [12, 19],
    [19, 26],
    [100, 83],
    [100, 120],
    [120, 105],
    [6, 10],
    [6, 11],
    [11, 16],
    [16, 23],
    [16, 26],
    [26, 34],
    [83, 68],
    [83, 105],
    [105, 87],
    [10, 15],
    [23, 34],
    [34, 47],
    [34, 50],
    [50, 65],
    [50, 68],
    [68, 84],
    [68, 87],
    [15, 20],
    [15, 21],
    [21, 29],
    [47, 63],
    [47, 65],
    [65, 82],
    [65, 84],
    [84, 103],
    [20, 29],
    [29, 45],
    [45, 63],
    [63, 82],
    [63, 79],
    [82, 103],
    [103, 122],
    [88, 71],
    [88, 73],
    [71, 56],
    [71, 57],
    [73, 57],
    [57, 41],
    [13, 18],
    [13, 17],
    [18, 25],
    [18, 27],
    [27, 36],
    [27, 37],
    [51, 37],
    [51, 69],
    [37, 52],
    [37, 53],
    [69, 53],
    [53, 70],
    [56, 41],
    [41, 32],
    [32, 44],
    [32, 25],
    [25, 36],
    [36, 49],
    [36, 52],
    [52, 67],
    [52, 70],
    [70, 86],
    [49, 67],
    [67, 86],
    [145, 137],
    [137, 124],
    [124, 107],
    [94, 79],
    [94, 112],
    [112, 99],
    [112, 131],
    [131, 119],
    [131, 143],
    [143, 136],
    [123, 107],
    [107, 92],
    [92, 79],
    [79, 99],
    [79, 96],
    [99, 119],
    [119, 136],
    [38, 55],
    [38, 28],
    [55, 40],
    [28, 40],
    [28, 22],
    [40, 58],
    [40, 31],
    [22, 31],
    [22, 17],
    [31, 43],
    [17, 24],
    [97, 80],
    [97, 116],
    [129, 116],
    [129, 141],
    [116, 101],
    [116, 134],
    [141, 134],
    [58, 43],
    [43, 60],
    [43, 61],
    [61, 77],
    [61, 80],
    [80, 101],
    [101, 117],
    [60, 76],
    [60, 77],
    [77, 93],
    [117, 130],
    [90, 76],
    [76, 93],
    [93, 111],
    [111, 127],
    [111, 130],
    [130, 139],
    [130, 142],
    [142, 147],
    [127, 114],
    [127, 139],
    [139, 132],
    [139, 147],
    [125, 109],
    [109, 96],
    [96, 114],
    [96, 110],
    [114, 132],
    [54, 72],
    [54, 39],
    [39, 30],
    [30, 42],
    [30, 24],
    [42, 59],
    [42, 33],
    [24, 33],
    [24, 35],
    [33, 46],
    [33, 48],
    [35, 48],
    [48, 64],
    [48, 66],
    [66, 85],
    [104, 85],
    [74, 89],
    [74, 59],
    [59, 75],
    [59, 46],
    [46, 62],
    [46, 64],
    [64, 81],
    [106, 89],
    [89, 75],
    [75, 91],
    [75, 62],
    [62, 78],
    [62, 81],
    [81, 98],
    [81, 102],
    [102, 118],
    [102, 121],
    [121, 135],
    [91, 108],
    [91, 78],
    [78, 95],
    [78, 98],
    [98, 113],
    [98, 118],
    [118, 135],
    [135, 144],
    [148, 146],
    [108, 126],
    [108, 95],
    [95, 110],
    [95, 113],
    [113, 128],
    [146, 138],
    [138, 126],
    [126, 110],
    [110, 128],
    [128, 140]
  ],
  "P": 12,
  "K": [
    [
      [0, 4], 29
    ],
    [
      [0, 6], 7
    ],
    [
      [0, 10], 23
    ],
    [
      [1, 6], 20
    ],
    [
      [1, 10], 5
    ],
    [
      [2, 7], 7
    ],
    [
      [2, 11], 4
    ],
    [
      [3, 7], 4
    ],
    [
      [3, 10], 14
    ],
    [
      [3, 11], 12
    ],
    [
      [4, 9], 23
    ],
    [
      [5, 10], 2
    ],
    [
      [5, 11], 1
    ],
    [
      [6, 10], 1
    ],
    [
      [6, 11], 25
    ],
    [
      [7, 11], 11
    ],
    [
      [8, 11], 25
    ],
    [
      [10, 11], 12
    ]
  ],
  "F": 100,
  "LB": 47260,
  "grid_graph": {
    "nodes": [
      [
        [0, 0, 0], {
          "pos": [0, 0.0],
          "type": "gate",
          "id": 0,
          "distance": 0
        }
      ],
      [
        [0, 1, 0], {
          "pos": [0, 1.0],
          "type": "hold",
          "id": 1,
          "distance": 1
        }
      ],
      [
        [1, 0, 0], {
          "pos": [1, 0.0],
          "type": "hold",
          "id": 2,
          "distance": 1
        }
      ],
      [
        [1, 1, 0], {
          "pos": [1, 1.0],
          "type": "hold",
          "id": 4,
          "distance": 2
        }
      ],
      [
        [2, 0, 0], {
          "pos": [2, 0.0],
          "type": "hold",
          "id": 5,
          "distance": 2
        }
      ],
      [
        [2, 1, 0], {
          "pos": [2, 1.0],
          "type": "hold",
          "id": 8,
          "distance": 3
        }
      ],
      [
        [3, 0, 0], {
          "pos": [3, 0.0],
          "type": "ramp",
          "id": 9,
          "distance": 3
        }
      ],
      [
        [3, 1, 0], {
          "pos": [3, 1.0],
          "type": "hold",
          "id": 14,
          "distance": 4
        }
      ],
      [
        [5, 1, 0], {
          "pos": [5, 1.0],
          "type": "hold",
          "id": 115,
          "distance": 12
        }
      ],
      [
        [6, 1, 0], {
          "pos": [6, 1.0],
          "type": "hold",
          "id": 133,
          "distance": 13
        }
      ],
      [
        [0, 2, 0], {
          "pos": [0, 2.0],
          "type": "hold",
          "id": 3,
          "distance": 2
        }
      ],
      [
        [1, 2, 0], {
          "pos": [1, 2.0],
          "type": "hold",
          "id": 7,
          "distance": 3
        }
      ],
      [
        [2, 2, 0], {
          "pos": [2, 2.0],
          "type": "hold",
          "id": 12,
          "distance": 4
        }
      ],
      [
        [3, 2, 0], {
          "pos": [3, 2.0],
          "type": "hold",
          "id": 19,
          "distance": 5
        }
      ],
      [
        [5, 2, 0], {
          "pos": [5, 2.0],
          "type": "hold",
          "id": 100,
          "distance": 11
        }
      ],
      [
        [6, 2, 0], {
          "pos": [6, 2.0],
          "type": "hold",
          "id": 120,
          "distance": 12
        }
      ],
      [
        [0, 3, 0], {
          "pos": [0, 3.0],
          "type": "hold",
          "id": 6,
          "distance": 3
        }
      ],
      [
        [1, 3, 0], {
          "pos": [1, 3.0],
          "type": "hold",
          "id": 11,
          "distance": 4
        }
      ],
      [
        [2, 3, 0], {
          "pos": [2, 3.0],
          "type": "hold",
          "id": 16,
          "distance": 5
        }
      ],
      [
        [3, 3, 0], {
          "pos": [3, 3.0],
          "type": "hold",
          "id": 26,
          "distance": 6
        }
      ],
      [
        [5, 3, 0], {
          "pos": [5, 3.0],
          "type": "hold",
          "id": 83,
          "distance": 10
        }
      ],
      [
        [6, 3, 0], {
          "pos": [6, 3.0],
          "type": "hold",
          "id": 105,
          "distance": 11
        }
      ],
      [
        [0, 4, 0], {
          "pos": [0, 4.0],
          "type": "hold",
          "id": 10,
          "distance": 4
        }
      ],
      [
        [2, 4, 0], {
          "pos": [2, 4.0],
          "type": "hold",
          "id": 23,
          "distance": 6
        }
      ],
      [
        [3, 4, 0], {
          "pos": [3, 4.0],
          "type": "hold",
          "id": 34,
          "distance": 7
        }
      ],
      [
        [4, 4, 0], {
          "pos": [4, 4.0],
          "type": "hold",
          "id": 50,
          "distance": 8
        }
      ],
      [
        [5, 4, 0], {
          "pos": [5, 4.0],
          "type": "hold",
          "id": 68,
          "distance": 9
        }
      ],
      [
        [6, 4, 0], {
          "pos": [6, 4.0],
          "type": "hold",
          "id": 87,
          "distance": 10
        }
      ],
      [
        [0, 5, 0], {
          "pos": [0, 5.0],
          "type": "hold",
          "id": 15,
          "distance": 5
        }
      ],
      [
        [1, 5, 0], {
          "pos": [1, 5.0],
          "type": "hold",
          "id": 21,
          "distance": 6
        }
      ],
      [
        [3, 5, 0], {
          "pos": [3, 5.0],
          "type": "hold",
          "id": 47,
          "distance": 8
        }
      ],
      [
        [4, 5, 0], {
          "pos": [4, 5.0],
          "type": "hold",
          "id": 65,
          "distance": 9
        }
      ],
      [
        [5, 5, 0], {
          "pos": [5, 5.0],
          "type": "hold",
          "id": 84,
          "distance": 10
        }
      ],
      [
        [0, 6, 0], {
          "pos": [0, 6.0],
          "type": "hold",
          "id": 20,
          "distance": 6
        }
      ],
      [
        [1, 6, 0], {
          "pos": [1, 6.0],
          "type": "hold",
          "id": 29,
          "distance": 7
        }
      ],
      [
        [2, 6, 0], {
          "pos": [2, 6.0],
          "type": "hold",
          "id": 45,
          "distance": 8
        }
      ],
      [
        [3, 6, 0], {
          "pos": [3, 6.0],
          "type": "ramp",
          "id": 63,
          "distance": 9
        }
      ],
      [
        [4, 6, 0], {
          "pos": [4, 6.0],
          "type": "hold",
          "id": 82,
          "distance": 10
        }
      ],
      [
        [5, 6, 0], {
          "pos": [5, 6.0],
          "type": "hold",
          "id": 103,
          "distance": 11
        }
      ],
      [
        [6, 6, 0], {
          "pos": [6, 6.0],
          "type": "hold",
          "id": 122,
          "distance": 12
        }
      ],
      [
        [0, 0, 1], {
          "pos": [0, 8.4],
          "type": "hold",
          "id": 88,
          "distance": 11
        }
      ],
      [
        [0, 1, 1], {
          "pos": [0, 9.4],
          "type": "hold",
          "id": 71,
          "distance": 10
        }
      ],
      [
        [1, 0, 1], {
          "pos": [1, 8.4],
          "type": "hold",
          "id": 73,
          "distance": 10
        }
      ],
      [
        [1, 1, 1], {
          "pos": [1, 9.4],
          "type": "hold",
          "id": 57,
          "distance": 9
        }
      ],
      [
        [3, 0, 1], {
          "pos": [3, 8.4],
          "type": "ramp",
          "id": 13,
          "distance": 4
        }
      ],
      [
        [3, 1, 1], {
          "pos": [3, 9.4],
          "type": "hold",
          "id": 18,
          "distance": 5
        }
      ],
      [
        [4, 1, 1], {
          "pos": [4, 9.4],
          "type": "hold",
          "id": 27,
          "distance": 6
        }
      ],
      [
        [5, 0, 1], {
          "pos": [5, 8.4],
          "type": "hold",
          "id": 51,
          "distance": 8
        }
      ],
      [
        [5, 1, 1], {
          "pos": [5, 9.4],
          "type": "hold",
          "id": 37,
          "distance": 7
        }
      ],
      [
        [6, 0, 1], {
          "pos": [6, 8.4],
          "type": "hold",
          "id": 69,
          "distance": 9
        }
      ],
      [
        [6, 1, 1], {
          "pos": [6, 9.4],
          "type": "hold",
          "id": 53,
          "distance": 8
        }
      ],
      [
        [0, 2, 1], {
          "pos": [0, 10.4],
          "type": "hold",
          "id": 56,
          "distance": 9
        }
      ],
      [
        [1, 2, 1], {
          "pos": [1, 10.4],
          "type": "hold",
          "id": 41,
          "distance": 8
        }
      ],
      [
        [2, 2, 1], {
          "pos": [2, 10.4],
          "type": "hold",
          "id": 32,
          "distance": 7
        }
      ],
      [
        [3, 2, 1], {
          "pos": [3, 10.4],
          "type": "hold",
          "id": 25,
          "distance": 6
        }
      ],
      [
        [4, 2, 1], {
          "pos": [4, 10.4],
          "type": "hold",
          "id": 36,
          "distance": 7
        }
      ],
      [
        [5, 2, 1], {
          "pos": [5, 10.4],
          "type": "hold",
          "id": 52,
          "distance": 8
        }
      ],
      [
        [6, 2, 1], {
          "pos": [6, 10.4],
          "type": "hold",
          "id": 70,
          "distance": 9
        }
      ],
      [
        [2, 3, 1], {
          "pos": [2, 11.4],
          "type": "hold",
          "id": 44,
          "distance": 8
        }
      ],
      [
        [4, 3, 1], {
          "pos": [4, 11.4],
          "type": "hold",
          "id": 49,
          "distance": 8
        }
      ],
      [
        [5, 3, 1], {
          "pos": [5, 11.4],
          "type": "hold",
          "id": 67,
          "distance": 9
        }
      ],
      [
        [6, 3, 1], {
          "pos": [6, 11.4],
          "type": "hold",
          "id": 86,
          "distance": 10
        }
      ],
      [
        [0, 4, 1], {
          "pos": [0, 12.4],
          "type": "hold",
          "id": 145,
          "distance": 15
        }
      ],
      [
        [1, 4, 1], {
          "pos": [1, 12.4],
          "type": "hold",
          "id": 137,
          "distance": 14
        }
      ],
      [
        [1, 5, 1], {
          "pos": [1, 13.4],
          "type": "hold",
          "id": 124,
          "distance": 13
        }
      ],
      [
        [3, 5, 1], {
          "pos": [3, 13.4],
          "type": "hold",
          "id": 94,
          "distance": 11
        }
      ],
      [
        [4, 5, 1], {
          "pos": [4, 13.4],
          "type": "hold",
          "id": 112,
          "distance": 12
        }
      ],
      [
        [5, 5, 1], {
          "pos": [5, 13.4],
          "type": "hold",
          "id": 131,
          "distance": 13
        }
      ],
      [
        [6, 5, 1], {
          "pos": [6, 13.4],
          "type": "hold",
          "id": 143,
          "distance": 14
        }
      ],
      [
        [0, 6, 1], {
          "pos": [0, 14.4],
          "type": "hold",
          "id": 123,
          "distance": 13
        }
      ],
      [
        [1, 6, 1], {
          "pos": [1, 14.4],
          "type": "hold",
          "id": 107,
          "distance": 12
        }
      ],
      [
        [2, 6, 1], {
          "pos": [2, 14.4],
          "type": "hold",
          "id": 92,
          "distance": 11
        }
      ],
      [
        [3, 6, 1], {
          "pos": [3, 14.4],
          "type": "ramp",
          "id": 79,
          "distance": 10
        }
      ],
      [
        [4, 6, 1], {
          "pos": [4, 14.4],
          "type": "hold",
          "id": 99,
          "distance": 11
        }
      ],
      [
        [5, 6, 1], {
          "pos": [5, 14.4],
          "type": "hold",
          "id": 119,
          "distance": 12
        }
      ],
      [
        [6, 6, 1], {
          "pos": [6, 14.4],
          "type": "hold",
          "id": 136,
          "distance": 13
        }
      ],
      [
        [0, 0, 2], {
          "pos": [0, 16.8],
          "type": "hold",
          "id": 38,
          "distance": 8
        }
      ],
      [
        [0, 1, 2], {
          "pos": [0, 17.8],
          "type": "hold",
          "id": 55,
          "distance": 9
        }
      ],
      [
        [1, 0, 2], {
          "pos": [1, 16.8],
          "type": "hold",
          "id": 28,
          "distance": 7
        }
      ],
      [
        [1, 1, 2], {
          "pos": [1, 17.8],
          "type": "hold",
          "id": 40,
          "distance": 8
        }
      ],
      [
        [2, 0, 2], {
          "pos": [2, 16.8],
          "type": "hold",
          "id": 22,
          "distance": 6
        }
      ],
      [
        [2, 1, 2], {
          "pos": [2, 17.8],
          "type": "hold",
          "id": 31,
          "distance": 7
        }
      ],
      [
        [3, 0, 2], {
          "pos": [3, 16.8],
          "type": "ramp",
          "id": 17,
          "distance": 5
        }
      ],
      [
        [4, 1, 2], {
          "pos": [4, 17.8],
          "type": "hold",
          "id": 97,
          "distance": 11
        }
      ],
      [
        [5, 0, 2], {
          "pos": [5, 16.8],
          "type": "hold",
          "id": 129,
          "distance": 13
        }
      ],
      [
        [5, 1, 2], {
          "pos": [5, 17.8],
          "type": "hold",
          "id": 116,
          "distance": 12
        }
      ],
      [
        [6, 0, 2], {
          "pos": [6, 16.8],
          "type": "hold",
          "id": 141,
          "distance": 14
        }
      ],
      [
        [6, 1, 2], {
          "pos": [6, 17.8],
          "type": "hold",
          "id": 134,
          "distance": 13
        }
      ],
      [
        [1, 2, 2], {
          "pos": [1, 18.8],
          "type": "hold",
          "id": 58,
          "distance": 9
        }
      ],
      [
        [2, 2, 2], {
          "pos": [2, 18.8],
          "type": "hold",
          "id": 43,
          "distance": 8
        }
      ],
      [
        [3, 2, 2], {
          "pos": [3, 18.8],
          "type": "hold",
          "id": 61,
          "distance": 9
        }
      ],
      [
        [4, 2, 2], {
          "pos": [4, 18.8],
          "type": "hold",
          "id": 80,
          "distance": 10
        }
      ],
      [
        [5, 2, 2], {
          "pos": [5, 18.8],
          "type": "hold",
          "id": 101,
          "distance": 11
        }
      ],
      [
        [2, 3, 2], {
          "pos": [2, 19.8],
          "type": "hold",
          "id": 60,
          "distance": 9
        }
      ],
      [
        [3, 3, 2], {
          "pos": [3, 19.8],
          "type": "hold",
          "id": 77,
          "distance": 10
        }
      ],
      [
        [5, 3, 2], {
          "pos": [5, 19.8],
          "type": "hold",
          "id": 117,
          "distance": 12
        }
      ],
      [
        [1, 4, 2], {
          "pos": [1, 20.8],
          "type": "hold",
          "id": 90,
          "distance": 11
        }
      ],
      [
        [2, 4, 2], {
          "pos": [2, 20.8],
          "type": "hold",
          "id": 76,
          "distance": 10
        }
      ],
      [
        [3, 4, 2], {
          "pos": [3, 20.8],
          "type": "hold",
          "id": 93,
          "distance": 11
        }
      ],
      [
        [4, 4, 2], {
          "pos": [4, 20.8],
          "type": "hold",
          "id": 111,
          "distance": 12
        }
      ],
      [
        [5, 4, 2], {
          "pos": [5, 20.8],
          "type": "hold",
          "id": 130,
          "distance": 13
        }
      ],
      [
        [6, 4, 2], {
          "pos": [6, 20.8],
          "type": "hold",
          "id": 142,
          "distance": 14
        }
      ],
      [
        [4, 5, 2], {
          "pos": [4, 21.8],
          "type": "hold",
          "id": 127,
          "distance": 13
        }
      ],
      [
        [5, 5, 2], {
          "pos": [5, 21.8],
          "type": "hold",
          "id": 139,
          "distance": 14
        }
      ],
      [
        [6, 5, 2], {
          "pos": [6, 21.8],
          "type": "hold",
          "id": 147,
          "distance": 15
        }
      ],
      [
        [1, 6, 2], {
          "pos": [1, 22.8],
          "type": "hold",
          "id": 125,
          "distance": 13
        }
      ],
      [
        [2, 6, 2], {
          "pos": [2, 22.8],
          "type": "hold",
          "id": 109,
          "distance": 12
        }
      ],
      [
        [3, 6, 2], {
          "pos": [3, 22.8],
          "type": "ramp",
          "id": 96,
          "distance": 11
        }
      ],
      [
        [4, 6, 2], {
          "pos": [4, 22.8],
          "type": "hold",
          "id": 114,
          "distance": 12
        }
      ],
      [
        [5, 6, 2], {
          "pos": [5, 22.8],
          "type": "hold",
          "id": 132,
          "distance": 13
        }
      ],
      [
        [0, 0, 3], {
          "pos": [0, 25.200000000000003],
          "type": "hold",
          "id": 54,
          "distance": 9
        }
      ],
      [
        [0, 1, 3], {
          "pos": [0, 26.200000000000003],
          "type": "hold",
          "id": 72,
          "distance": 10
        }
      ],
      [
        [1, 0, 3], {
          "pos": [1, 25.200000000000003],
          "type": "hold",
          "id": 39,
          "distance": 8
        }
      ],
      [
        [2, 0, 3], {
          "pos": [2, 25.200000000000003],
          "type": "hold",
          "id": 30,
          "distance": 7
        }
      ],
      [
        [2, 1, 3], {
          "pos": [2, 26.200000000000003],
          "type": "hold",
          "id": 42,
          "distance": 8
        }
      ],
      [
        [3, 0, 3], {
          "pos": [3, 25.200000000000003],
          "type": "ramp",
          "id": 24,
          "distance": 6
        }
      ],
      [
        [3, 1, 3], {
          "pos": [3, 26.200000000000003],
          "type": "hold",
          "id": 33,
          "distance": 7
        }
      ],
      [
        [4, 0, 3], {
          "pos": [4, 25.200000000000003],
          "type": "hold",
          "id": 35,
          "distance": 7
        }
      ],
      [
        [4, 1, 3], {
          "pos": [4, 26.200000000000003],
          "type": "hold",
          "id": 48,
          "distance": 8
        }
      ],
      [
        [5, 1, 3], {
          "pos": [5, 26.200000000000003],
          "type": "hold",
          "id": 66,
          "distance": 9
        }
      ],
      [
        [6, 0, 3], {
          "pos": [6, 25.200000000000003],
          "type": "hold",
          "id": 104,
          "distance": 11
        }
      ],
      [
        [6, 1, 3], {
          "pos": [6, 26.200000000000003],
          "type": "hold",
          "id": 85,
          "distance": 10
        }
      ],
      [
        [1, 2, 3], {
          "pos": [1, 27.200000000000003],
          "type": "hold",
          "id": 74,
          "distance": 10
        }
      ],
      [
        [2, 2, 3], {
          "pos": [2, 27.200000000000003],
          "type": "hold",
          "id": 59,
          "distance": 9
        }
      ],
      [
        [3, 2, 3], {
          "pos": [3, 27.200000000000003],
          "type": "hold",
          "id": 46,
          "distance": 8
        }
      ],
      [
        [4, 2, 3], {
          "pos": [4, 27.200000000000003],
          "type": "hold",
          "id": 64,
          "distance": 9
        }
      ],
      [
        [0, 3, 3], {
          "pos": [0, 28.200000000000003],
          "type": "hold",
          "id": 106,
          "distance": 12
        }
      ],
      [
        [1, 3, 3], {
          "pos": [1, 28.200000000000003],
          "type": "hold",
          "id": 89,
          "distance": 11
        }
      ],
      [
        [2, 3, 3], {
          "pos": [2, 28.200000000000003],
          "type": "hold",
          "id": 75,
          "distance": 10
        }
      ],
      [
        [3, 3, 3], {
          "pos": [3, 28.200000000000003],
          "type": "hold",
          "id": 62,
          "distance": 9
        }
      ],
      [
        [4, 3, 3], {
          "pos": [4, 28.200000000000003],
          "type": "hold",
          "id": 81,
          "distance": 10
        }
      ],
      [
        [5, 3, 3], {
          "pos": [5, 28.200000000000003],
          "type": "hold",
          "id": 102,
          "distance": 11
        }
      ],
      [
        [6, 3, 3], {
          "pos": [6, 28.200000000000003],
          "type": "hold",
          "id": 121,
          "distance": 12
        }
      ],
      [
        [2, 4, 3], {
          "pos": [2, 29.200000000000003],
          "type": "hold",
          "id": 91,
          "distance": 11
        }
      ],
      [
        [3, 4, 3], {
          "pos": [3, 29.200000000000003],
          "type": "hold",
          "id": 78,
          "distance": 10
        }
      ],
      [
        [4, 4, 3], {
          "pos": [4, 29.200000000000003],
          "type": "hold",
          "id": 98,
          "distance": 11
        }
      ],
      [
        [5, 4, 3], {
          "pos": [5, 29.200000000000003],
          "type": "hold",
          "id": 118,
          "distance": 12
        }
      ],
      [
        [6, 4, 3], {
          "pos": [6, 29.200000000000003],
          "type": "hold",
          "id": 135,
          "distance": 13
        }
      ],
      [
        [0, 5, 3], {
          "pos": [0, 30.200000000000003],
          "type": "hold",
          "id": 148,
          "distance": 16
        }
      ],
      [
        [2, 5, 3], {
          "pos": [2, 30.200000000000003],
          "type": "hold",
          "id": 108,
          "distance": 12
        }
      ],
      [
        [3, 5, 3], {
          "pos": [3, 30.200000000000003],
          "type": "hold",
          "id": 95,
          "distance": 11
        }
      ],
      [
        [4, 5, 3], {
          "pos": [4, 30.200000000000003],
          "type": "hold",
          "id": 113,
          "distance": 12
        }
      ],
      [
        [6, 5, 3], {
          "pos": [6, 30.200000000000003],
          "type": "hold",
          "id": 144,
          "distance": 14
        }
      ],
      [
        [0, 6, 3], {
          "pos": [0, 31.200000000000003],
          "type": "hold",
          "id": 146,
          "distance": 15
        }
      ],
      [
        [1, 6, 3], {
          "pos": [1, 31.200000000000003],
          "type": "hold",
          "id": 138,
          "distance": 14
        }
      ],
      [
        [2, 6, 3], {
          "pos": [2, 31.200000000000003],
          "type": "hold",
          "id": 126,
          "distance": 13
        }
      ],
      [
        [3, 6, 3], {
          "pos": [3, 31.200000000000003],
          "type": "ramp",
          "id": 110,
          "distance": 12
        }
      ],
      [
        [4, 6, 3], {
          "pos": [4, 31.200000000000003],
          "type": "hold",
          "id": 128,
          "distance": 13
        }
      ],
      [
        [5, 6, 3], {
          "pos": [5, 31.200000000000003],
          "type": "hold",
          "id": 140,
          "distance": 14
        }
      ]
    ],
    "edges": [
      [
        [0, 0, 0],
        [0, 1, 0], {}
      ],
      [
        [0, 0, 0],
        [1, 0, 0], {}
      ],
      [
        [0, 1, 0],
        [0, 2, 0], {}
      ],
      [
        [0, 1, 0],
        [1, 1, 0], {}
      ],
      [
        [1, 0, 0],
        [1, 1, 0], {}
      ],
      [
        [1, 0, 0],
        [2, 0, 0], {}
      ],
      [
        [1, 1, 0],
        [1, 2, 0], {}
      ],
      [
        [1, 1, 0],
        [2, 1, 0], {}
      ],
      [
        [2, 0, 0],
        [2, 1, 0], {}
      ],
      [
        [2, 0, 0],
        [3, 0, 0], {}
      ],
      [
        [2, 1, 0],
        [2, 2, 0], {}
      ],
      [
        [2, 1, 0],
        [3, 1, 0], {}
      ],
      [
        [3, 0, 0],
        [3, 1, 0], {}
      ],
      [
        [3, 0, 0],
        [3, 0, 1], {
          "ramp": true
        }
      ],
      [
        [3, 1, 0],
        [3, 2, 0], {}
      ],
      [
        [5, 1, 0],
        [5, 2, 0], {}
      ],
      [
        [5, 1, 0],
        [6, 1, 0], {}
      ],
      [
        [6, 1, 0],
        [6, 2, 0], {}
      ],
      [
        [0, 2, 0],
        [0, 3, 0], {}
      ],
      [
        [0, 2, 0],
        [1, 2, 0], {}
      ],
      [
        [1, 2, 0],
        [1, 3, 0], {}
      ],
      [
        [1, 2, 0],
        [2, 2, 0], {}
      ],
      [
        [2, 2, 0],
        [2, 3, 0], {}
      ],
      [
        [2, 2, 0],
        [3, 2, 0], {}
      ],
      [
        [3, 2, 0],
        [3, 3, 0], {}
      ],
      [
        [5, 2, 0],
        [5, 3, 0], {}
      ],
      [
        [5, 2, 0],
        [6, 2, 0], {}
      ],
      [
        [6, 2, 0],
        [6, 3, 0], {}
      ],
      [
        [0, 3, 0],
        [0, 4, 0], {}
      ],
      [
        [0, 3, 0],
        [1, 3, 0], {}
      ],
      [
        [1, 3, 0],
        [2, 3, 0], {}
      ],
      [
        [2, 3, 0],
        [2, 4, 0], {}
      ],
      [
        [2, 3, 0],
        [3, 3, 0], {}
      ],
      [
        [3, 3, 0],
        [3, 4, 0], {}
      ],
      [
        [5, 3, 0],
        [5, 4, 0], {}
      ],
      [
        [5, 3, 0],
        [6, 3, 0], {}
      ],
      [
        [6, 3, 0],
        [6, 4, 0], {}
      ],
      [
        [0, 4, 0],
        [0, 5, 0], {}
      ],
      [
        [2, 4, 0],
        [3, 4, 0], {}
      ],
      [
        [3, 4, 0],
        [3, 5, 0], {}
      ],
      [
        [3, 4, 0],
        [4, 4, 0], {}
      ],
      [
        [4, 4, 0],
        [4, 5, 0], {}
      ],
      [
        [4, 4, 0],
        [5, 4, 0], {}
      ],
      [
        [5, 4, 0],
        [5, 5, 0], {}
      ],
      [
        [5, 4, 0],
        [6, 4, 0], {}
      ],
      [
        [0, 5, 0],
        [0, 6, 0], {}
      ],
      [
        [0, 5, 0],
        [1, 5, 0], {}
      ],
      [
        [1, 5, 0],
        [1, 6, 0], {}
      ],
      [
        [3, 5, 0],
        [3, 6, 0], {}
      ],
      [
        [3, 5, 0],
        [4, 5, 0], {}
      ],
      [
        [4, 5, 0],
        [4, 6, 0], {}
      ],
      [
        [4, 5, 0],
        [5, 5, 0], {}
      ],
      [
        [5, 5, 0],
        [5, 6, 0], {}
      ],
      [
        [0, 6, 0],
        [1, 6, 0], {}
      ],
      [
        [1, 6, 0],
        [2, 6, 0], {}
      ],
      [
        [2, 6, 0],
        [3, 6, 0], {}
      ],
      [
        [3, 6, 0],
        [4, 6, 0], {}
      ],
      [
        [3, 6, 0],
        [3, 6, 1], {
          "ramp": true
        }
      ],
      [
        [4, 6, 0],
        [5, 6, 0], {}
      ],
      [
        [5, 6, 0],
        [6, 6, 0], {}
      ],
      [
        [0, 0, 1],
        [0, 1, 1], {}
      ],
      [
        [0, 0, 1],
        [1, 0, 1], {}
      ],
      [
        [0, 1, 1],
        [0, 2, 1], {}
      ],
      [
        [0, 1, 1],
        [1, 1, 1], {}
      ],
      [
        [1, 0, 1],
        [1, 1, 1], {}
      ],
      [
        [1, 1, 1],
        [1, 2, 1], {}
      ],
      [
        [3, 0, 1],
        [3, 1, 1], {}
      ],
      [
        [3, 0, 1],
        [3, 0, 2], {
          "ramp": true
        }
      ],
      [
        [3, 1, 1],
        [3, 2, 1], {}
      ],
      [
        [3, 1, 1],
        [4, 1, 1], {}
      ],
      [
        [4, 1, 1],
        [4, 2, 1], {}
      ],
      [
        [4, 1, 1],
        [5, 1, 1], {}
      ],
      [
        [5, 0, 1],
        [5, 1, 1], {}
      ],
      [
        [5, 0, 1],
        [6, 0, 1], {}
      ],
      [
        [5, 1, 1],
        [5, 2, 1], {}
      ],
      [
        [5, 1, 1],
        [6, 1, 1], {}
      ],
      [
        [6, 0, 1],
        [6, 1, 1], {}
      ],
      [
        [6, 1, 1],
        [6, 2, 1], {}
      ],
      [
        [0, 2, 1],
        [1, 2, 1], {}
      ],
      [
        [1, 2, 1],
        [2, 2, 1], {}
      ],
      [
        [2, 2, 1],
        [2, 3, 1], {}
      ],
      [
        [2, 2, 1],
        [3, 2, 1], {}
      ],
      [
        [3, 2, 1],
        [4, 2, 1], {}
      ],
      [
        [4, 2, 1],
        [4, 3, 1], {}
      ],
      [
        [4, 2, 1],
        [5, 2, 1], {}
      ],
      [
        [5, 2, 1],
        [5, 3, 1], {}
      ],
      [
        [5, 2, 1],
        [6, 2, 1], {}
      ],
      [
        [6, 2, 1],
        [6, 3, 1], {}
      ],
      [
        [4, 3, 1],
        [5, 3, 1], {}
      ],
      [
        [5, 3, 1],
        [6, 3, 1], {}
      ],
      [
        [0, 4, 1],
        [1, 4, 1], {}
      ],
      [
        [1, 4, 1],
        [1, 5, 1], {}
      ],
      [
        [1, 5, 1],
        [1, 6, 1], {}
      ],
      [
        [3, 5, 1],
        [3, 6, 1], {}
      ],
      [
        [3, 5, 1],
        [4, 5, 1], {}
      ],
      [
        [4, 5, 1],
        [4, 6, 1], {}
      ],
      [
        [4, 5, 1],
        [5, 5, 1], {}
      ],
      [
        [5, 5, 1],
        [5, 6, 1], {}
      ],
      [
        [5, 5, 1],
        [6, 5, 1], {}
      ],
      [
        [6, 5, 1],
        [6, 6, 1], {}
      ],
      [
        [0, 6, 1],
        [1, 6, 1], {}
      ],
      [
        [1, 6, 1],
        [2, 6, 1], {}
      ],
      [
        [2, 6, 1],
        [3, 6, 1], {}
      ],
      [
        [3, 6, 1],
        [4, 6, 1], {}
      ],
      [
        [3, 6, 1],
        [3, 6, 2], {
          "ramp": true
        }
      ],
      [
        [4, 6, 1],
        [5, 6, 1], {}
      ],
      [
        [5, 6, 1],
        [6, 6, 1], {}
      ],
      [
        [0, 0, 2],
        [0, 1, 2], {}
      ],
      [
        [0, 0, 2],
        [1, 0, 2], {}
      ],
      [
        [0, 1, 2],
        [1, 1, 2], {}
      ],
      [
        [1, 0, 2],
        [1, 1, 2], {}
      ],
      [
        [1, 0, 2],
        [2, 0, 2], {}
      ],
      [
        [1, 1, 2],
        [1, 2, 2], {}
      ],
      [
        [1, 1, 2],
        [2, 1, 2], {}
      ],
      [
        [2, 0, 2],
        [2, 1, 2], {}
      ],
      [
        [2, 0, 2],
        [3, 0, 2], {}
      ],
      [
        [2, 1, 2],
        [2, 2, 2], {}
      ],
      [
        [3, 0, 2],
        [3, 0, 3], {
          "ramp": true
        }
      ],
      [
        [4, 1, 2],
        [4, 2, 2], {}
      ],
      [
        [4, 1, 2],
        [5, 1, 2], {}
      ],
      [
        [5, 0, 2],
        [5, 1, 2], {}
      ],
      [
        [5, 0, 2],
        [6, 0, 2], {}
      ],
      [
        [5, 1, 2],
        [5, 2, 2], {}
      ],
      [
        [5, 1, 2],
        [6, 1, 2], {}
      ],
      [
        [6, 0, 2],
        [6, 1, 2], {}
      ],
      [
        [1, 2, 2],
        [2, 2, 2], {}
      ],
      [
        [2, 2, 2],
        [2, 3, 2], {}
      ],
      [
        [2, 2, 2],
        [3, 2, 2], {}
      ],
      [
        [3, 2, 2],
        [3, 3, 2], {}
      ],
      [
        [3, 2, 2],
        [4, 2, 2], {}
      ],
      [
        [4, 2, 2],
        [5, 2, 2], {}
      ],
      [
        [5, 2, 2],
        [5, 3, 2], {}
      ],
      [
        [2, 3, 2],
        [2, 4, 2], {}
      ],
      [
        [2, 3, 2],
        [3, 3, 2], {}
      ],
      [
        [3, 3, 2],
        [3, 4, 2], {}
      ],
      [
        [5, 3, 2],
        [5, 4, 2], {}
      ],
      [
        [1, 4, 2],
        [2, 4, 2], {}
      ],
      [
        [2, 4, 2],
        [3, 4, 2], {}
      ],
      [
        [3, 4, 2],
        [4, 4, 2], {}
      ],
      [
        [4, 4, 2],
        [4, 5, 2], {}
      ],
      [
        [4, 4, 2],
        [5, 4, 2], {}
      ],
      [
        [5, 4, 2],
        [5, 5, 2], {}
      ],
      [
        [5, 4, 2],
        [6, 4, 2], {}
      ],
      [
        [6, 4, 2],
        [6, 5, 2], {}
      ],
      [
        [4, 5, 2],
        [4, 6, 2], {}
      ],
      [
        [4, 5, 2],
        [5, 5, 2], {}
      ],
      [
        [5, 5, 2],
        [5, 6, 2], {}
      ],
      [
        [5, 5, 2],
        [6, 5, 2], {}
      ],
      [
        [1, 6, 2],
        [2, 6, 2], {}
      ],
      [
        [2, 6, 2],
        [3, 6, 2], {}
      ],
      [
        [3, 6, 2],
        [4, 6, 2], {}
      ],
      [
        [3, 6, 2],
        [3, 6, 3], {
          "ramp": true
        }
      ],
      [
        [4, 6, 2],
        [5, 6, 2], {}
      ],
      [
        [0, 0, 3],
        [0, 1, 3], {}
      ],
      [
        [0, 0, 3],
        [1, 0, 3], {}
      ],
      [
        [1, 0, 3],
        [2, 0, 3], {}
      ],
      [
        [2, 0, 3],
        [2, 1, 3], {}
      ],
      [
        [2, 0, 3],
        [3, 0, 3], {}
      ],
      [
        [2, 1, 3],
        [2, 2, 3], {}
      ],
      [
        [2, 1, 3],
        [3, 1, 3], {}
      ],
      [
        [3, 0, 3],
        [3, 1, 3], {}
      ],
      [
        [3, 0, 3],
        [4, 0, 3], {}
      ],
      [
        [3, 1, 3],
        [3, 2, 3], {}
      ],
      [
        [3, 1, 3],
        [4, 1, 3], {}
      ],
      [
        [4, 0, 3],
        [4, 1, 3], {}
      ],
      [
        [4, 1, 3],
        [4, 2, 3], {}
      ],
      [
        [4, 1, 3],
        [5, 1, 3], {}
      ],
      [
        [5, 1, 3],
        [6, 1, 3], {}
      ],
      [
        [6, 0, 3],
        [6, 1, 3], {}
      ],
      [
        [1, 2, 3],
        [1, 3, 3], {}
      ],
      [
        [1, 2, 3],
        [2, 2, 3], {}
      ],
      [
        [2, 2, 3],
        [2, 3, 3], {}
      ],
      [
        [2, 2, 3],
        [3, 2, 3], {}
      ],
      [
        [3, 2, 3],
        [3, 3, 3], {}
      ],
      [
        [3, 2, 3],
        [4, 2, 3], {}
      ],
      [
        [4, 2, 3],
        [4, 3, 3], {}
      ],
      [
        [0, 3, 3],
        [1, 3, 3], {}
      ],
      [
        [1, 3, 3],
        [2, 3, 3], {}
      ],
      [
        [2, 3, 3],
        [2, 4, 3], {}
      ],
      [
        [2, 3, 3],
        [3, 3, 3], {}
      ],
      [
        [3, 3, 3],
        [3, 4, 3], {}
      ],
      [
        [3, 3, 3],
        [4, 3, 3], {}
      ],
      [
        [4, 3, 3],
        [4, 4, 3], {}
      ],
      [
        [4, 3, 3],
        [5, 3, 3], {}
      ],
      [
        [5, 3, 3],
        [5, 4, 3], {}
      ],
      [
        [5, 3, 3],
        [6, 3, 3], {}
      ],
      [
        [6, 3, 3],
        [6, 4, 3], {}
      ],
      [
        [2, 4, 3],
        [2, 5, 3], {}
      ],
      [
        [2, 4, 3],
        [3, 4, 3], {}
      ],
      [
        [3, 4, 3],
        [3, 5, 3], {}
      ],
      [
        [3, 4, 3],
        [4, 4, 3], {}
      ],
      [
        [4, 4, 3],
        [4, 5, 3], {}
      ],
      [
        [4, 4, 3],
        [5, 4, 3], {}
      ],
      [
        [5, 4, 3],
        [6, 4, 3], {}
      ],
      [
        [6, 4, 3],
        [6, 5, 3], {}
      ],
      [
        [0, 5, 3],
        [0, 6, 3], {}
      ],
      [
        [2, 5, 3],
        [2, 6, 3], {}
      ],
      [
        [2, 5, 3],
        [3, 5, 3], {}
      ],
      [
        [3, 5, 3],
        [3, 6, 3], {}
      ],
      [
        [3, 5, 3],
        [4, 5, 3], {}
      ],
      [
        [4, 5, 3],
        [4, 6, 3], {}
      ],
      [
        [0, 6, 3],
        [1, 6, 3], {}
      ],
      [
        [1, 6, 3],
        [2, 6, 3], {}
      ],
      [
        [2, 6, 3],
        [3, 6, 3], {}
      ],
      [
        [3, 6, 3],
        [4, 6, 3], {}
      ],
      [
        [4, 6, 3],
        [5, 6, 3], {}
      ]
    ]
  }
}