{
  "N": 154,
  "E": [
    [0, 1],
    [0, 2],
    [1, 3],
    [1, 4],
    [2, 4],
    [2, 5],
    [4, 7],
    [4, 8],
    [5, 8],
    [5, 9],
    [8, 11],
    [30, 26],
    [26, 24],
    [26, 31],
    [24, 22],
    [24, 28],
    [31, 28],
    [31, 34],
    [34, 37],
    [37, 39],
    [39, 40],
    [39, 41],
    [40, 42],
    [41, 42],
    [42, 43],
    [42, 44],
    [44, 45],
    [44, 46],
    [48, 46],
    [46, 49],
    [46, 50],
    [50, 53],
    [50, 54],
    [57, 54],
    [57, 62],
    [54, 58],
    [54, 59],
    [62, 59],
    [62, 66],
    [59, 63],
    [66, 63],
    [63, 67],
    [67, 69],
    [73, 69],
    [69, 74],
    [74, 80],
    [86, 80],
    [86, 93],
    [80, 87],
    [93, 87],
    [93, 104],
    [87, 94],
    [87, 95],
    [104, 95],
    [104, 115],
    [95, 105],
    [115, 105],
    [115, 123],
    [105, 116],
    [136, 132],
    [136, 141],
    [141, 138],
    [141, 146],
    [148, 146],
    [148, 152],
    [146, 143],
    [146, 150],
    [152, 150],
    [150, 147],
    [3, 6],
    [3, 7],
    [7, 10],
    [7, 11],
    [11, 12],
    [11, 13],
    [13, 15],
    [13, 16],
    [16, 18],
    [16, 19],
    [19, 21],
    [19, 22],
    [22, 25],
    [38, 36],
    [43, 45],
    [45, 47],
    [45, 49],
    [49, 52],
    [49, 53],
    [53, 56],
    [53, 58],
    [58, 61],
    [94, 103],
    [116, 124],
    [124, 132],
    [132, 137],
    [132, 138],
    [138, 142],
    [138, 143],
    [143, 147],
    [147, 151],
    [6, 10],
    [10, 12],
    [12, 14],
    [12, 15],
    [15, 17],
    [15, 18],
    [18, 20],
    [18, 21],
    [21, 23],
    [21, 25],
    [25, 27],
    [25, 29],
    [29, 32],
    [29, 33],
    [33, 35],
    [33, 36],
    [47, 51],
    [47, 52],
    [52, 55],
    [52, 56],
    [56, 60],
    [56, 61],
    [61, 64],
    [61, 65],
    [134, 139],
    [134, 129],
    [129, 135],
    [129, 121],
    [121, 130],
    [121, 113],
    [113, 103],
    [103, 114],
    [137, 140],
    [137, 142],
    [142, 145],
    [151, 153],
    [14, 17],
    [17, 20],
    [20, 23],
    [23, 27],
    [27, 32],
    [32, 35],
    [51, 55],
    [55, 60],
    [60, 64],
    [64, 68],
    [144, 139],
    [139, 135],
    [135, 130],
    [114, 122],
    [122, 131],
    [140, 145],
    [145, 149],
    [149, 153],
    [127, 118],
    [128, 118],
    [128, 119],
    [118, 108],
    [119, 108],
    [119, 109],
    [108, 98],
    [109, 99],
    [99, 90],
    [99, 110],
    [90, 83],
    [110, 100],
    [100, 91],
    [100, 111],
    [91, 84],
    [91, 101],
    [111, 101],
    [111, 120],
    [101, 92],
    [101, 112],
    [120, 112],
    [112, 102],
    [98, 89],
    [83, 76],
    [83, 77],
    [77, 71],
    [77, 84],
    [84, 78],
    [84, 92],
    [92, 85],
    [92, 102],
    [126, 117],
    [107, 96],
    [107, 97],
    [97, 88],
    [97, 89],
    [89, 81],
    [89, 82],
    [82, 75],
    [82, 76],
    [76, 70],
    [76, 71],
    [71, 68],
    [71, 78],
    [78, 72],
    [78, 85],
    [85, 79],
    [133, 125],
    [125, 117],
    [117, 106],
    [106, 96],
    [96, 88],
    [88, 81],
    [81, 75],
    [75, 70],
    [70, 68],
    [68, 72],
    [72, 79]
  ],
  "P": 15,
  "K": [
    [
      [0, 3], 50
    ],
    [
      [0, 4], 1
    ],
    [
      [1, 9], 29
    ],
    [
      [2, 14], 1
    ],
    [
      [3, 7], 29
    ],
    [
      [3, 11], 25
    ],
    [
      [3, 13], 15
    ],
    [
      [4, 6], 1
    ],
    [
      [4, 8], 31
    ],
    [
      [4, 9], 21
    ],
    [
      [5, 13], 1
    ],
    [
      [8, 13], 30
    ],
    [
      [9, 14], 31
    ],
    [
      [10, 14], 49
    ],
    [
      [11, 14], 1
    ],
    [
      [12, 14], 2
    ],
    [
      [13, 14], 13
    ]
  ],
  "F": 100,
  "LB": 72471,
  "grid_graph": {
    "nodes": [
      [
        [0, 0, 0], {
          "pos": [0, 0.0],
          "type": "gate",
          "id": 0,
          "distance": 0
        }
      ],
      [
        [0, 1, 0], {
          "pos": [0, 1.0],
          "type": "hold",
          "id": 1,
          "distance": 1
        }
      ],
      [
        [1, 0, 0], {
          "pos": [1, 0.0],
          "type": "hold",
          "id": 2,
          "distance": 1
        }
      ],
      [
        [1, 1, 0], {
          "pos": [1, 1.0],
          "type": "hold",
          "id": 4,
          "distance": 2
        }
      ],
      [
        [2, 0, 0], {
          "pos": [2, 0.0],
          "type": "hold",
          "id": 5,
          "distance": 2
        }
      ],
      [
        [2, 1, 0], {
          "pos": [2, 1.0],
          "type": "hold",
          "id": 8,
          "distance": 3
        }
      ],
      [
        [3, 0, 0], {
          "pos": [3, 0.0],
          "type": "hold",
          "id": 9,
          "distance": 3
        }
      ],
      [
        [5, 0, 0], {
          "pos": [5, 0.0],
          "type": "hold",
          "id": 30,
          "distance": 11
        }
      ],
      [
        [6, 0, 0], {
          "pos": [6, 0.0],
          "type": "hold",
          "id": 26,
          "distance": 10
        }
      ],
      [
        [6, 1, 0], {
          "pos": [6, 1.0],
          "type": "hold",
          "id": 24,
          "distance": 9
        }
      ],
      [
        [7, 0, 0], {
          "pos": [7, 0.0],
          "type": "hold",
          "id": 31,
          "distance": 11
        }
      ],
      [
        [7, 1, 0], {
          "pos": [7, 1.0],
          "type": "hold",
          "id": 28,
          "distance": 10
        }
      ],
      [
        [8, 0, 0], {
          "pos": [8, 0.0],
          "type": "hold",
          "id": 34,
          "distance": 12
        }
      ],
      [
        [9, 0, 0], {
          "pos": [9, 0.0],
          "type": "hold",
          "id": 37,
          "distance": 13
        }
      ],
      [
        [10, 0, 0], {
          "pos": [10, 0.0],
          "type": "hold",
          "id": 39,
          "distance": 14
        }
      ],
      [
        [10, 1, 0], {
          "pos": [10, 1.0],
          "type": "hold",
          "id": 40,
          "distance": 15
        }
      ],
      [
        [11, 0, 0], {
          "pos": [11, 0.0],
          "type": "hold",
          "id": 41,
          "distance": 15
        }
      ],
      [
        [11, 1, 0], {
          "pos": [11, 1.0],
          "type": "hold",
          "id": 42,
          "distance": 16
        }
      ],
      [
        [12, 1, 0], {
          "pos": [12, 1.0],
          "type": "hold",
          "id": 44,
          "distance": 17
        }
      ],
      [
        [13, 0, 0], {
          "pos": [13, 0.0],
          "type": "hold",
          "id": 48,
          "distance": 19
        }
      ],
      [
        [13, 1, 0], {
          "pos": [13, 1.0],
          "type": "hold",
          "id": 46,
          "distance": 18
        }
      ],
      [
        [14, 1, 0], {
          "pos": [14, 1.0],
          "type": "hold",
          "id": 50,
          "distance": 19
        }
      ],
      [
        [15, 0, 0], {
          "pos": [15, 0.0],
          "type": "hold",
          "id": 57,
          "distance": 21
        }
      ],
      [
        [15, 1, 0], {
          "pos": [15, 1.0],
          "type": "hold",
          "id": 54,
          "distance": 20
        }
      ],
      [
        [16, 0, 0], {
          "pos": [16, 0.0],
          "type": "hold",
          "id": 62,
          "distance": 22
        }
      ],
      [
        [16, 1, 0], {
          "pos": [16, 1.0],
          "type": "hold",
          "id": 59,
          "distance": 21
        }
      ],
      [
        [17, 0, 0], {
          "pos": [17, 0.0],
          "type": "hold",
          "id": 66,
          "distance": 23
        }
      ],
      [
        [17, 1, 0], {
          "pos": [17, 1.0],
          "type": "hold",
          "id": 63,
          "distance": 22
        }
      ],
      [
        [18, 1, 0], {
          "pos": [18, 1.0],
          "type": "hold",
          "id": 67,
          "distance": 23
        }
      ],
      [
        [19, 0, 0], {
          "pos": [19, 0.0],
          "type": "hold",
          "id": 73,
          "distance": 25
        }
      ],
      [
        [19, 1, 0], {
          "pos": [19, 1.0],
          "type": "hold",
          "id": 69,
          "distance": 24
        }
      ],
      [
        [20, 1, 0], {
          "pos": [20, 1.0],
          "type": "hold",
          "id": 74,
          "distance": 25
        }
      ],
      [
        [21, 0, 0], {
          "pos": [21, 0.0],
          "type": "hold",
          "id": 86,
          "distance": 27
        }
      ],
      [
        [21, 1, 0], {
          "pos": [21, 1.0],
          "type": "hold",
          "id": 80,
          "distance": 26
        }
      ],
      [
        [22, 0, 0], {
          "pos": [22, 0.0],
          "type": "hold",
          "id": 93,
          "distance": 28
        }
      ],
      [
        [22, 1, 0], {
          "pos": [22, 1.0],
          "type": "hold",
          "id": 87,
          "distance": 27
        }
      ],
      [
        [23, 0, 0], {
          "pos": [23, 0.0],
          "type": "hold",
          "id": 104,
          "distance": 29
        }
      ],
      [
        [23, 1, 0], {
          "pos": [23, 1.0],
          "type": "hold",
          "id": 95,
          "distance": 28
        }
      ],
      [
        [24, 0, 0], {
          "pos": [24, 0.0],
          "type": "hold",
          "id": 115,
          "distance": 30
        }
      ],
      [
        [24, 1, 0], {
          "pos": [24, 1.0],
          "type": "hold",
          "id": 105,
          "distance": 29
        }
      ],
      [
        [25, 0, 0], {
          "pos": [25, 0.0],
          "type": "hold",
          "id": 123,
          "distance": 31
        }
      ],
      [
        [26, 1, 0], {
          "pos": [26, 1.0],
          "type": "hold",
          "id": 136,
          "distance": 33
        }
      ],
      [
        [27, 1, 0], {
          "pos": [27, 1.0],
          "type": "hold",
          "id": 141,
          "distance": 34
        }
      ],
      [
        [28, 0, 0], {
          "pos": [28, 0.0],
          "type": "hold",
          "id": 148,
          "distance": 36
        }
      ],
      [
        [28, 1, 0], {
          "pos": [28, 1.0],
          "type": "hold",
          "id": 146,
          "distance": 35
        }
      ],
      [
        [29, 0, 0], {
          "pos": [29, 0.0],
          "type": "hold",
          "id": 152,
          "distance": 37
        }
      ],
      [
        [29, 1, 0], {
          "pos": [29, 1.0],
          "type": "hold",
          "id": 150,
          "distance": 36
        }
      ],
      [
        [0, 2, 0], {
          "pos": [0, 2.0],
          "type": "hold",
          "id": 3,
          "distance": 2
        }
      ],
      [
        [1, 2, 0], {
          "pos": [1, 2.0],
          "type": "hold",
          "id": 7,
          "distance": 3
        }
      ],
      [
        [2, 2, 0], {
          "pos": [2, 2.0],
          "type": "hold",
          "id": 11,
          "distance": 4
        }
      ],
      [
        [3, 2, 0], {
          "pos": [3, 2.0],
          "type": "hold",
          "id": 13,
          "distance": 5
        }
      ],
      [
        [4, 2, 0], {
          "pos": [4, 2.0],
          "type": "hold",
          "id": 16,
          "distance": 6
        }
      ],
      [
        [5, 2, 0], {
          "pos": [5, 2.0],
          "type": "hold",
          "id": 19,
          "distance": 7
        }
      ],
      [
        [6, 2, 0], {
          "pos": [6, 2.0],
          "type": "hold",
          "id": 22,
          "distance": 8
        }
      ],
      [
        [9, 2, 0], {
          "pos": [9, 2.0],
          "type": "hold",
          "id": 38,
          "distance": 13
        }
      ],
      [
        [11, 2, 0], {
          "pos": [11, 2.0],
          "type": "hold",
          "id": 43,
          "distance": 17
        }
      ],
      [
        [12, 2, 0], {
          "pos": [12, 2.0],
          "type": "hold",
          "id": 45,
          "distance": 18
        }
      ],
      [
        [13, 2, 0], {
          "pos": [13, 2.0],
          "type": "hold",
          "id": 49,
          "distance": 19
        }
      ],
      [
        [14, 2, 0], {
          "pos": [14, 2.0],
          "type": "hold",
          "id": 53,
          "distance": 20
        }
      ],
      [
        [15, 2, 0], {
          "pos": [15, 2.0],
          "type": "hold",
          "id": 58,
          "distance": 21
        }
      ],
      [
        [22, 2, 0], {
          "pos": [22, 2.0],
          "type": "hold",
          "id": 94,
          "distance": 28
        }
      ],
      [
        [24, 2, 0], {
          "pos": [24, 2.0],
          "type": "hold",
          "id": 116,
          "distance": 30
        }
      ],
      [
        [25, 2, 0], {
          "pos": [25, 2.0],
          "type": "hold",
          "id": 124,
          "distance": 31
        }
      ],
      [
        [26, 2, 0], {
          "pos": [26, 2.0],
          "type": "hold",
          "id": 132,
          "distance": 32
        }
      ],
      [
        [27, 2, 0], {
          "pos": [27, 2.0],
          "type": "hold",
          "id": 138,
          "distance": 33
        }
      ],
      [
        [28, 2, 0], {
          "pos": [28, 2.0],
          "type": "hold",
          "id": 143,
          "distance": 34
        }
      ],
      [
        [29, 2, 0], {
          "pos": [29, 2.0],
          "type": "hold",
          "id": 147,
          "distance": 35
        }
      ],
      [
        [0, 3, 0], {
          "pos": [0, 3.0],
          "type": "hold",
          "id": 6,
          "distance": 3
        }
      ],
      [
        [1, 3, 0], {
          "pos": [1, 3.0],
          "type": "hold",
          "id": 10,
          "distance": 4
        }
      ],
      [
        [2, 3, 0], {
          "pos": [2, 3.0],
          "type": "hold",
          "id": 12,
          "distance": 5
        }
      ],
      [
        [3, 3, 0], {
          "pos": [3, 3.0],
          "type": "hold",
          "id": 15,
          "distance": 6
        }
      ],
      [
        [4, 3, 0], {
          "pos": [4, 3.0],
          "type": "hold",
          "id": 18,
          "distance": 7
        }
      ],
      [
        [5, 3, 0], {
          "pos": [5, 3.0],
          "type": "hold",
          "id": 21,
          "distance": 8
        }
      ],
      [
        [6, 3, 0], {
          "pos": [6, 3.0],
          "type": "hold",
          "id": 25,
          "distance": 9
        }
      ],
      [
        [7, 3, 0], {
          "pos": [7, 3.0],
          "type": "hold",
          "id": 29,
          "distance": 10
        }
      ],
      [
        [8, 3, 0], {
          "pos": [8, 3.0],
          "type": "hold",
          "id": 33,
          "distance": 11
        }
      ],
      [
        [9, 3, 0], {
          "pos": [9, 3.0],
          "type": "hold",
          "id": 36,
          "distance": 12
        }
      ],
      [
        [12, 3, 0], {
          "pos": [12, 3.0],
          "type": "hold",
          "id": 47,
          "distance": 19
        }
      ],
      [
        [13, 3, 0], {
          "pos": [13, 3.0],
          "type": "hold",
          "id": 52,
          "distance": 20
        }
      ],
      [
        [14, 3, 0], {
          "pos": [14, 3.0],
          "type": "hold",
          "id": 56,
          "distance": 21
        }
      ],
      [
        [15, 3, 0], {
          "pos": [15, 3.0],
          "type": "hold",
          "id": 61,
          "distance": 22
        }
      ],
      [
        [16, 3, 0], {
          "pos": [16, 3.0],
          "type": "hold",
          "id": 65,
          "distance": 23
        }
      ],
      [
        [18, 3, 0], {
          "pos": [18, 3.0],
          "type": "hold",
          "id": 134,
          "distance": 33
        }
      ],
      [
        [19, 3, 0], {
          "pos": [19, 3.0],
          "type": "hold",
          "id": 129,
          "distance": 32
        }
      ],
      [
        [20, 3, 0], {
          "pos": [20, 3.0],
          "type": "hold",
          "id": 121,
          "distance": 31
        }
      ],
      [
        [21, 3, 0], {
          "pos": [21, 3.0],
          "type": "hold",
          "id": 113,
          "distance": 30
        }
      ],
      [
        [22, 3, 0], {
          "pos": [22, 3.0],
          "type": "hold",
          "id": 103,
          "distance": 29
        }
      ],
      [
        [26, 3, 0], {
          "pos": [26, 3.0],
          "type": "hold",
          "id": 137,
          "distance": 33
        }
      ],
      [
        [27, 3, 0], {
          "pos": [27, 3.0],
          "type": "hold",
          "id": 142,
          "distance": 34
        }
      ],
      [
        [29, 3, 0], {
          "pos": [29, 3.0],
          "type": "hold",
          "id": 151,
          "distance": 36
        }
      ],
      [
        [2, 4, 0], {
          "pos": [2, 4.0],
          "type": "hold",
          "id": 14,
          "distance": 6
        }
      ],
      [
        [3, 4, 0], {
          "pos": [3, 4.0],
          "type": "hold",
          "id": 17,
          "distance": 7
        }
      ],
      [
        [4, 4, 0], {
          "pos": [4, 4.0],
          "type": "hold",
          "id": 20,
          "distance": 8
        }
      ],
      [
        [5, 4, 0], {
          "pos": [5, 4.0],
          "type": "hold",
          "id": 23,
          "distance": 9
        }
      ],
      [
        [6, 4, 0], {
          "pos": [6, 4.0],
          "type": "hold",
          "id": 27,
          "distance": 10
        }
      ],
      [
        [7, 4, 0], {
          "pos": [7, 4.0],
          "type": "hold",
          "id": 32,
          "distance": 11
        }
      ],
      [
        [8, 4, 0], {
          "pos": [8, 4.0],
          "type": "hold",
          "id": 35,
          "distance": 12
        }
      ],
      [
        [12, 4, 0], {
          "pos": [12, 4.0],
          "type": "hold",
          "id": 51,
          "distance": 20
        }
      ],
      [
        [13, 4, 0], {
          "pos": [13, 4.0],
          "type": "hold",
          "id": 55,
          "distance": 21
        }
      ],
      [
        [14, 4, 0], {
          "pos": [14, 4.0],
          "type": "hold",
          "id": 60,
          "distance": 22
        }
      ],
      [
        [15, 4, 0], {
          "pos": [15, 4.0],
          "type": "ramp",
          "id": 64,
          "distance": 23
        }
      ],
      [
        [17, 4, 0], {
          "pos": [17, 4.0],
          "type": "hold",
          "id": 144,
          "distance": 35
        }
      ],
      [
        [18, 4, 0], {
          "pos": [18, 4.0],
          "type": "hold",
          "id": 139,
          "distance": 34
        }
      ],
      [
        [19, 4, 0], {
          "pos": [19, 4.0],
          "type": "hold",
          "id": 135,
          "distance": 33
        }
      ],
      [
        [20, 4, 0], {
          "pos": [20, 4.0],
          "type": "hold",
          "id": 130,
          "distance": 32
        }
      ],
      [
        [22, 4, 0], {
          "pos": [22, 4.0],
          "type": "hold",
          "id": 114,
          "distance": 30
        }
      ],
      [
        [23, 4, 0], {
          "pos": [23, 4.0],
          "type": "hold",
          "id": 122,
          "distance": 31
        }
      ],
      [
        [24, 4, 0], {
          "pos": [24, 4.0],
          "type": "hold",
          "id": 131,
          "distance": 32
        }
      ],
      [
        [26, 4, 0], {
          "pos": [26, 4.0],
          "type": "hold",
          "id": 140,
          "distance": 34
        }
      ],
      [
        [27, 4, 0], {
          "pos": [27, 4.0],
          "type": "hold",
          "id": 145,
          "distance": 35
        }
      ],
      [
        [28, 4, 0], {
          "pos": [28, 4.0],
          "type": "hold",
          "id": 149,
          "distance": 36
        }
      ],
      [
        [29, 4, 0], {
          "pos": [29, 4.0],
          "type": "hold",
          "id": 153,
          "distance": 37
        }
      ],
      [
        [10, 1, 1], {
          "pos": [10, 7.0],
          "type": "hold",
          "id": 127,
          "distance": 32
        }
      ],
      [
        [11, 0, 1], {
          "pos": [11, 6.0],
          "type": "hold",
          "id": 128,
          "distance": 32
        }
      ],
      [
        [11, 1, 1], {
          "pos": [11, 7.0],
          "type": "hold",
          "id": 118,
          "distance": 31
        }
      ],
      [
        [12, 0, 1], {
          "pos": [12, 6.0],
          "type": "hold",
          "id": 119,
          "distance": 31
        }
      ],
      [
        [12, 1, 1], {
          "pos": [12, 7.0],
          "type": "hold",
          "id": 108,
          "distance": 30
        }
      ],
      [
        [13, 0, 1], {
          "pos": [13, 6.0],
          "type": "hold",
          "id": 109,
          "distance": 30
        }
      ],
      [
        [14, 0, 1], {
          "pos": [14, 6.0],
          "type": "hold",
          "id": 99,
          "distance": 29
        }
      ],
      [
        [14, 1, 1], {
          "pos": [14, 7.0],
          "type": "hold",
          "id": 90,
          "distance": 28
        }
      ],
      [
        [15, 0, 1], {
          "pos": [15, 6.0],
          "type": "hold",
          "id": 110,
          "distance": 30
        }
      ],
      [
        [16, 0, 1], {
          "pos": [16, 6.0],
          "type": "hold",
          "id": 100,
          "distance": 29
        }
      ],
      [
        [16, 1, 1], {
          "pos": [16, 7.0],
          "type": "hold",
          "id": 91,
          "distance": 28
        }
      ],
      [
        [17, 0, 1], {
          "pos": [17, 6.0],
          "type": "hold",
          "id": 111,
          "distance": 30
        }
      ],
      [
        [17, 1, 1], {
          "pos": [17, 7.0],
          "type": "hold",
          "id": 101,
          "distance": 29
        }
      ],
      [
        [18, 0, 1], {
          "pos": [18, 6.0],
          "type": "hold",
          "id": 120,
          "distance": 31
        }
      ],
      [
        [18, 1, 1], {
          "pos": [18, 7.0],
          "type": "hold",
          "id": 112,
          "distance": 30
        }
      ],
      [
        [12, 2, 1], {
          "pos": [12, 8.0],
          "type": "hold",
          "id": 98,
          "distance": 29
        }
      ],
      [
        [14, 2, 1], {
          "pos": [14, 8.0],
          "type": "hold",
          "id": 83,
          "distance": 27
        }
      ],
      [
        [15, 2, 1], {
          "pos": [15, 8.0],
          "type": "hold",
          "id": 77,
          "distance": 26
        }
      ],
      [
        [16, 2, 1], {
          "pos": [16, 8.0],
          "type": "hold",
          "id": 84,
          "distance": 27
        }
      ],
      [
        [17, 2, 1], {
          "pos": [17, 8.0],
          "type": "hold",
          "id": 92,
          "distance": 28
        }
      ],
      [
        [18, 2, 1], {
          "pos": [18, 8.0],
          "type": "hold",
          "id": 102,
          "distance": 29
        }
      ],
      [
        [8, 3, 1], {
          "pos": [8, 9.0],
          "type": "hold",
          "id": 126,
          "distance": 32
        }
      ],
      [
        [10, 3, 1], {
          "pos": [10, 9.0],
          "type": "hold",
          "id": 107,
          "distance": 30
        }
      ],
      [
        [11, 3, 1], {
          "pos": [11, 9.0],
          "type": "hold",
          "id": 97,
          "distance": 29
        }
      ],
      [
        [12, 3, 1], {
          "pos": [12, 9.0],
          "type": "hold",
          "id": 89,
          "distance": 28
        }
      ],
      [
        [13, 3, 1], {
          "pos": [13, 9.0],
          "type": "hold",
          "id": 82,
          "distance": 27
        }
      ],
      [
        [14, 3, 1], {
          "pos": [14, 9.0],
          "type": "hold",
          "id": 76,
          "distance": 26
        }
      ],
      [
        [15, 3, 1], {
          "pos": [15, 9.0],
          "type": "hold",
          "id": 71,
          "distance": 25
        }
      ],
      [
        [16, 3, 1], {
          "pos": [16, 9.0],
          "type": "hold",
          "id": 78,
          "distance": 26
        }
      ],
      [
        [17, 3, 1], {
          "pos": [17, 9.0],
          "type": "hold",
          "id": 85,
          "distance": 27
        }
      ],
      [
        [6, 4, 1], {
          "pos": [6, 10.0],
          "type": "hold",
          "id": 133,
          "distance": 33
        }
      ],
      [
        [7, 4, 1], {
          "pos": [7, 10.0],
          "type": "hold",
          "id": 125,
          "distance": 32
        }
      ],
      [
        [8, 4, 1], {
          "pos": [8, 10.0],
          "type": "hold",
          "id": 117,
          "distance": 31
        }
      ],
      [
        [9, 4, 1], {
          "pos": [9, 10.0],
          "type": "hold",
          "id": 106,
          "distance": 30
        }
      ],
      [
        [10, 4, 1], {
          "pos": [10, 10.0],
          "type": "hold",
          "id": 96,
          "distance": 29
        }
      ],
      [
        [11, 4, 1], {
          "pos": [11, 10.0],
          "type": "hold",
          "id": 88,
          "distance": 28
        }
      ],
      [
        [12, 4, 1], {
          "pos": [12, 10.0],
          "type": "hold",
          "id": 81,
          "distance": 27
        }
      ],
      [
        [13, 4, 1], {
          "pos": [13, 10.0],
          "type": "hold",
          "id": 75,
          "distance": 26
        }
      ],
      [
        [14, 4, 1], {
          "pos": [14, 10.0],
          "type": "hold",
          "id": 70,
          "distance": 25
        }
      ],
      [
        [15, 4, 1], {
          "pos": [15, 10.0],
          "type": "ramp",
          "id": 68,
          "distance": 24
        }
      ],
      [
        [16, 4, 1], {
          "pos": [16, 10.0],
          "type": "hold",
          "id": 72,
          "distance": 25
        }
      ],
      [
        [17, 4, 1], {
          "pos": [17, 10.0],
          "type": "hold",
          "id": 79,
          "distance": 26
        }
      ]
    ],
    "edges": [
      [
        [0, 0, 0],
        [0, 1, 0], {}
      ],
      [
        [0, 0, 0],
        [1, 0, 0], {}
      ],
      [
        [0, 1, 0],
        [0, 2, 0], {}
      ],
      [
        [0, 1, 0],
        [1, 1, 0], {}
      ],
      [
        [1, 0, 0],
        [1, 1, 0], {}
      ],
      [
        [1, 0, 0],
        [2, 0, 0], {}
      ],
      [
        [1, 1, 0],
        [1, 2, 0], {}
      ],
      [
        [1, 1, 0],
        [2, 1, 0], {}
      ],
      [
        [2, 0, 0],
        [2, 1, 0], {}
      ],
      [
        [2, 0, 0],
        [3, 0, 0], {}
      ],
      [
        [2, 1, 0],
        [2, 2, 0], {}
      ],
      [
        [5, 0, 0],
        [6, 0, 0], {}
      ],
      [
        [6, 0, 0],
        [6, 1, 0], {}
      ],
      [
        [6, 0, 0],
        [7, 0, 0], {}
      ],
      [
        [6, 1, 0],
        [6, 2, 0], {}
      ],
      [
        [6, 1, 0],
        [7, 1, 0], {}
      ],
      [
        [7, 0, 0],
        [7, 1, 0], {}
      ],
      [
        [7, 0, 0],
        [8, 0, 0], {}
      ],
      [
        [8, 0, 0],
        [9, 0, 0], {}
      ],
      [
        [9, 0, 0],
        [10, 0, 0], {}
      ],
      [
        [10, 0, 0],
        [10, 1, 0], {}
      ],
      [
        [10, 0, 0],
        [11, 0, 0], {}
      ],
      [
        [10, 1, 0],
        [11, 1, 0], {}
      ],
      [
        [11, 0, 0],
        [11, 1, 0], {}
      ],
      [
        [11, 1, 0],
        [11, 2, 0], {}
      ],
      [
        [11, 1, 0],
        [12, 1, 0], {}
      ],
      [
        [12, 1, 0],
        [12, 2, 0], {}
      ],
      [
        [12, 1, 0],
        [13, 1, 0], {}
      ],
      [
        [13, 0, 0],
        [13, 1, 0], {}
      ],
      [
        [13, 1, 0],
        [13, 2, 0], {}
      ],
      [
        [13, 1, 0],
        [14, 1, 0], {}
      ],
      [
        [14, 1, 0],
        [14, 2, 0], {}
      ],
      [
        [14, 1, 0],
        [15, 1, 0], {}
      ],
      [
        [15, 0, 0],
        [15, 1, 0], {}
      ],
      [
        [15, 0, 0],
        [16, 0, 0], {}
      ],
      [
        [15, 1, 0],
        [15, 2, 0], {}
      ],
      [
        [15, 1, 0],
        [16, 1, 0], {}
      ],
      [
        [16, 0, 0],
        [16, 1, 0], {}
      ],
      [
        [16, 0, 0],
        [17, 0, 0], {}
      ],
      [
        [16, 1, 0],
        [17, 1, 0], {}
      ],
      [
        [17, 0, 0],
        [17, 1, 0], {}
      ],
      [
        [17, 1, 0],
        [18, 1, 0], {}
      ],
      [
        [18, 1, 0],
        [19, 1, 0], {}
      ],
      [
        [19, 0, 0],
        [19, 1, 0], {}
      ],
      [
        [19, 1, 0],
        [20, 1, 0], {}
      ],
      [
        [20, 1, 0],
        [21, 1, 0], {}
      ],
      [
        [21, 0, 0],
        [21, 1, 0], {}
      ],
      [
        [21, 0, 0],
        [22, 0, 0], {}
      ],
      [
        [21, 1, 0],
        [22, 1, 0], {}
      ],
      [
        [22, 0, 0],
        [22, 1, 0], {}
      ],
      [
        [22, 0, 0],
        [23, 0, 0], {}
      ],
      [
        [22, 1, 0],
        [22, 2, 0], {}
      ],
      [
        [22, 1, 0],
        [23, 1, 0], {}
      ],
      [
        [23, 0, 0],
        [23, 1, 0], {}
      ],
      [
        [23, 0, 0],
        [24, 0, 0], {}
      ],
      [
        [23, 1, 0],
        [24, 1, 0], {}
      ],
      [
        [24, 0, 0],
        [24, 1, 0], {}
      ],
      [
        [24, 0, 0],
        [25, 0, 0], {}
      ],
      [
        [24, 1, 0],
        [24, 2, 0], {}
      ],
      [
        [26, 1, 0],
        [26, 2, 0], {}
      ],
      [
        [26, 1, 0],
        [27, 1, 0], {}
      ],
      [
        [27, 1, 0],
        [27, 2, 0], {}
      ],
      [
        [27, 1, 0],
        [28, 1, 0], {}
      ],
      [
        [28, 0, 0],
        [28, 1, 0], {}
      ],
      [
        [28, 0, 0],
        [29, 0, 0], {}
      ],
      [
        [28, 1, 0],
        [28, 2, 0], {}
      ],
      [
        [28, 1, 0],
        [29, 1, 0], {}
      ],
      [
        [29, 0, 0],
        [29, 1, 0], {}
      ],
      [
        [29, 1, 0],
        [29, 2, 0], {}
      ],
      [
        [0, 2, 0],
        [0, 3, 0], {}
      ],
      [
        [0, 2, 0],
        [1, 2, 0], {}
      ],
      [
        [1, 2, 0],
        [1, 3, 0], {}
      ],
      [
        [1, 2, 0],
        [2, 2, 0], {}
      ],
      [
        [2, 2, 0],
        [2, 3, 0], {}
      ],
      [
        [2, 2, 0],
        [3, 2, 0], {}
      ],
      [
        [3, 2, 0],
        [3, 3, 0], {}
      ],
      [
        [3, 2, 0],
        [4, 2, 0], {}
      ],
      [
        [4, 2, 0],
        [4, 3, 0], {}
      ],
      [
        [4, 2, 0],
        [5, 2, 0], {}
      ],
      [
        [5, 2, 0],
        [5, 3, 0], {}
      ],
      [
        [5, 2, 0],
        [6, 2, 0], {}
      ],
      [
        [6, 2, 0],
        [6, 3, 0], {}
      ],
      [
        [9, 2, 0],
        [9, 3, 0], {}
      ],
      [
        [11, 2, 0],
        [12, 2, 0], {}
      ],
      [
        [12, 2, 0],
        [12, 3, 0], {}
      ],
      [
        [12, 2, 0],
        [13, 2, 0], {}
      ],
      [
        [13, 2, 0],
        [13, 3, 0], {}
      ],
      [
        [13, 2, 0],
        [14, 2, 0], {}
      ],
      [
        [14, 2, 0],
        [14, 3, 0], {}
      ],
      [
        [14, 2, 0],
        [15, 2, 0], {}
      ],
      [
        [15, 2, 0],
        [15, 3, 0], {}
      ],
      [
        [22, 2, 0],
        [22, 3, 0], {}
      ],
      [
        [24, 2, 0],
        [25, 2, 0], {}
      ],
      [
        [25, 2, 0],
        [26, 2, 0], {}
      ],
      [
        [26, 2, 0],
        [26, 3, 0], {}
      ],
      [
        [26, 2, 0],
        [27, 2, 0], {}
      ],
      [
        [27, 2, 0],
        [27, 3, 0], {}
      ],
      [
        [27, 2, 0],
        [28, 2, 0], {}
      ],
      [
        [28, 2, 0],
        [29, 2, 0], {}
      ],
      [
        [29, 2, 0],
        [29, 3, 0], {}
      ],
      [
        [0, 3, 0],
        [1, 3, 0], {}
      ],
      [
        [1, 3, 0],
        [2, 3, 0], {}
      ],
      [
        [2, 3, 0],
        [2, 4, 0], {}
      ],
      [
        [2, 3, 0],
        [3, 3, 0], {}
      ],
      [
        [3, 3, 0],
        [3, 4, 0], {}
      ],
      [
        [3, 3, 0],
        [4, 3, 0], {}
      ],
      [
        [4, 3, 0],
        [4, 4, 0], {}
      ],
      [
        [4, 3, 0],
        [5, 3, 0], {}
      ],
      [
        [5, 3, 0],
        [5, 4, 0], {}
      ],
      [
        [5, 3, 0],
        [6, 3, 0], {}
      ],
      [
        [6, 3, 0],
        [6, 4, 0], {}
      ],
      [
        [6, 3, 0],
        [7, 3, 0], {}
      ],
      [
        [7, 3, 0],
        [7, 4, 0], {}
      ],
      [
        [7, 3, 0],
        [8, 3, 0], {}
      ],
      [
        [8, 3, 0],
        [8, 4, 0], {}
      ],
      [
        [8, 3, 0],
        [9, 3, 0], {}
      ],
      [
        [12, 3, 0],
        [12, 4, 0], {}
      ],
      [
        [12, 3, 0],
        [13, 3, 0], {}
      ],
      [
        [13, 3, 0],
        [13, 4, 0], {}
      ],
      [
        [13, 3, 0],
        [14, 3, 0], {}
      ],
      [
        [14, 3, 0],
        [14, 4, 0], {}
      ],
      [
        [14, 3, 0],
        [15, 3, 0], {}
      ],
      [
        [15, 3, 0],
        [15, 4, 0], {}
      ],
      [
        [15, 3, 0],
        [16, 3, 0], {}
      ],
      [
        [18, 3, 0],
        [18, 4, 0], {}
      ],
      [
        [18, 3, 0],
        [19, 3, 0], {}
      ],
      [
        [19, 3, 0],
        [19, 4, 0], {}
      ],
      [
        [19, 3, 0],
        [20, 3, 0], {}
      ],
      [
        [20, 3, 0],
        [20, 4, 0], {}
      ],
      [
        [20, 3, 0],
        [21, 3, 0], {}
      ],
      [
        [21, 3, 0],
        [22, 3, 0], {}
      ],
      [
        [22, 3, 0],
        [22, 4, 0], {}
      ],
      [
        [26, 3, 0],
        [26, 4, 0], {}
      ],
      [
        [26, 3, 0],
        [27, 3, 0], {}
      ],
      [
        [27, 3, 0],
        [27, 4, 0], {}
      ],
      [
        [29, 3, 0],
        [29, 4, 0], {}
      ],
      [
        [2, 4, 0],
        [3, 4, 0], {}
      ],
      [
        [3, 4, 0],
        [4, 4, 0], {}
      ],
      [
        [4, 4, 0],
        [5, 4, 0], {}
      ],
      [
        [5, 4, 0],
        [6, 4, 0], {}
      ],
      [
        [6, 4, 0],
        [7, 4, 0], {}
      ],
      [
        [7, 4, 0],
        [8, 4, 0], {}
      ],
      [
        [12, 4, 0],
        [13, 4, 0], {}
      ],
      [
        [13, 4, 0],
        [14, 4, 0], {}
      ],
      [
        [14, 4, 0],
        [15, 4, 0], {}
      ],
      [
        [15, 4, 0],
        [15, 4, 1], {
          "ramp": true
        }
      ],
      [
        [17, 4, 0],
        [18, 4, 0], {}
      ],
      [
        [18, 4, 0],
        [19, 4, 0], {}
      ],
      [
        [19, 4, 0],
        [20, 4, 0], {}
      ],
      [
        [22, 4, 0],
        [23, 4, 0], {}
      ],
      [
        [23, 4, 0],
        [24, 4, 0], {}
      ],
      [
        [26, 4, 0],
        [27, 4, 0], {}
      ],
      [
        [27, 4, 0],
        [28, 4, 0], {}
      ],
      [
        [28, 4, 0],
        [29, 4, 0], {}
      ],
      [
        [10, 1, 1],
        [11, 1, 1], {}
      ],
      [
        [11, 0, 1],
        [11, 1, 1], {}
      ],
      [
        [11, 0, 1],
        [12, 0, 1], {}
      ],
      [
        [11, 1, 1],
        [12, 1, 1], {}
      ],
      [
        [12, 0, 1],
        [12, 1, 1], {}
      ],
      [
        [12, 0, 1],
        [13, 0, 1], {}
      ],
      [
        [12, 1, 1],
        [12, 2, 1], {}
      ],
      [
        [13, 0, 1],
        [14, 0, 1], {}
      ],
      [
        [14, 0, 1],
        [14, 1, 1], {}
      ],
      [
        [14, 0, 1],
        [15, 0, 1], {}
      ],
      [
        [14, 1, 1],
        [14, 2, 1], {}
      ],
      [
        [15, 0, 1],
        [16, 0, 1], {}
      ],
      [
        [16, 0, 1],
        [16, 1, 1], {}
      ],
      [
        [16, 0, 1],
        [17, 0, 1], {}
      ],
      [
        [16, 1, 1],
        [16, 2, 1], {}
      ],
      [
        [16, 1, 1],
        [17, 1, 1], {}
      ],
      [
        [17, 0, 1],
        [17, 1, 1], {}
      ],
      [
        [17, 0, 1],
        [18, 0, 1], {}
      ],
      [
        [17, 1, 1],
        [17, 2, 1], {}
      ],
      [
        [17, 1, 1],
        [18, 1, 1], {}
      ],
      [
        [18, 0, 1],
        [18, 1, 1], {}
      ],
      [
        [18, 1, 1],
        [18, 2, 1], {}
      ],
      [
        [12, 2, 1],
        [12, 3, 1], {}
      ],
      [
        [14, 2, 1],
        [14, 3, 1], {}
      ],
      [
        [14, 2, 1],
        [15, 2, 1], {}
      ],
      [
        [15, 2, 1],
        [15, 3, 1], {}
      ],
      [
        [15, 2, 1],
        [16, 2, 1], {}
      ],
      [
        [16, 2, 1],
        [16, 3, 1], {}
      ],
      [
        [16, 2, 1],
        [17, 2, 1], {}
      ],
      [
        [17, 2, 1],
        [17, 3, 1], {}
      ],
      [
        [17, 2, 1],
        [18, 2, 1], {}
      ],
      [
        [8, 3, 1],
        [8, 4, 1], {}
      ],
      [
        [10, 3, 1],
        [10, 4, 1], {}
      ],
      [
        [10, 3, 1],
        [11, 3, 1], {}
      ],
      [
        [11, 3, 1],
        [11, 4, 1], {}
      ],
      [
        [11, 3, 1],
        [12, 3, 1], {}
      ],
      [
        [12, 3, 1],
        [12, 4, 1], {}
      ],
      [
        [12, 3, 1],
        [13, 3, 1], {}
      ],
      [
        [13, 3, 1],
        [13, 4, 1], {}
      ],
      [
        [13, 3, 1],
        [14, 3, 1], {}
      ],
      [
        [14, 3, 1],
        [14, 4, 1], {}
      ],
      [
        [14, 3, 1],
        [15, 3, 1], {}
      ],
      [
        [15, 3, 1],
        [15, 4, 1], {}
      ],
      [
        [15, 3, 1],
        [16, 3, 1], {}
      ],
      [
        [16, 3, 1],
        [16, 4, 1], {}
      ],
      [
        [16, 3, 1],
        [17, 3, 1], {}
      ],
      [
        [17, 3, 1],
        [17, 4, 1], {}
      ],
      [
        [6, 4, 1],
        [7, 4, 1], {}
      ],
      [
        [7, 4, 1],
        [8, 4, 1], {}
      ],
      [
        [8, 4, 1],
        [9, 4, 1], {}
      ],
      [
        [9, 4, 1],
        [10, 4, 1], {}
      ],
      [
        [10, 4, 1],
        [11, 4, 1], {}
      ],
      [
        [11, 4, 1],
        [12, 4, 1], {}
      ],
      [
        [12, 4, 1],
        [13, 4, 1], {}
      ],
      [
        [13, 4, 1],
        [14, 4, 1], {}
      ],
      [
        [14, 4, 1],
        [15, 4, 1], {}
      ],
      [
        [15, 4, 1],
        [16, 4, 1], {}
      ],
      [
        [16, 4, 1],
        [17, 4, 1], {}
      ]
    ]
  }
}