{
  "N": 163,
  "E": [
    [0, 1],
    [0, 2],
    [1, 3],
    [1, 4],
    [2, 4],
    [2, 5],
    [4, 6],
    [4, 7],
    [5, 7],
    [5, 8],
    [7, 10],
    [7, 11],
    [8, 11],
    [8, 12],
    [11, 15],
    [11, 17],
    [12, 17],
    [12, 18],
    [12, 16],
    [17, 22],
    [17, 24],
    [18, 24],
    [24, 27],
    [24, 29],
    [29, 32],
    [29, 34],
    [39, 34],
    [39, 50],
    [34, 41],
    [34, 43],
    [50, 43],
    [50, 62],
    [43, 52],
    [43, 54],
    [62, 54],
    [54, 64],
    [3, 6],
    [6, 9],
    [6, 10],
    [10, 14],
    [10, 15],
    [15, 21],
    [15, 22],
    [22, 26],
    [22, 27],
    [27, 30],
    [27, 32],
    [32, 38],
    [32, 41],
    [41, 49],
    [41, 52],
    [52, 61],
    [52, 64],
    [64, 74],
    [9, 13],
    [9, 14],
    [14, 20],
    [14, 21],
    [21, 25],
    [21, 26],
    [26, 30],
    [30, 36],
    [30, 38],
    [30, 35],
    [38, 47],
    [38, 49],
    [49, 58],
    [49, 61],
    [61, 72],
    [61, 74],
    [74, 86],
    [19, 13],
    [13, 20],
    [20, 25],
    [36, 47],
    [47, 58],
    [58, 72],
    [72, 86],
    [110, 104],
    [110, 115],
    [104, 96],
    [16, 23],
    [23, 28],
    [28, 31],
    [28, 33],
    [31, 37],
    [31, 40],
    [33, 40],
    [33, 42],
    [40, 48],
    [40, 51],
    [42, 51],
    [42, 53],
    [51, 60],
    [51, 63],
    [51, 59],
    [53, 63],
    [96, 87],
    [87, 75],
    [87, 76],
    [76, 65],
    [76, 66],
    [66, 55],
    [66, 56],
    [56, 44],
    [56, 45],
    [45, 35],
    [45, 37],
    [37, 46],
    [37, 48],
    [48, 60],
    [60, 71],
    [75, 88],
    [75, 65],
    [65, 77],
    [65, 55],
    [55, 67],
    [55, 44],
    [44, 35],
    [35, 46],
    [46, 57],
    [71, 85],
    [85, 95],
    [97, 88],
    [88, 77],
    [77, 67],
    [57, 69],
    [95, 103],
    [162, 161],
    [161, 157],
    [161, 159],
    [157, 151],
    [157, 152],
    [159, 152],
    [159, 154],
    [152, 145],
    [154, 145],
    [154, 147],
    [145, 138],
    [145, 139],
    [147, 139],
    [139, 131],
    [78, 68],
    [79, 68],
    [68, 80],
    [68, 59],
    [59, 70],
    [59, 73],
    [83, 73],
    [73, 84],
    [155, 150],
    [155, 151],
    [151, 144],
    [138, 131],
    [131, 124],
    [131, 125],
    [125, 119],
    [80, 70],
    [70, 82],
    [70, 84],
    [70, 81],
    [84, 94],
    [150, 143],
    [150, 144],
    [144, 135],
    [144, 137],
    [137, 128],
    [124, 117],
    [124, 119],
    [119, 112],
    [119, 114],
    [114, 106],
    [82, 92],
    [82, 94],
    [94, 103],
    [143, 135],
    [135, 128],
    [128, 121],
    [121, 117],
    [117, 112],
    [112, 106],
    [106, 99],
    [99, 92],
    [92, 103],
    [103, 109],
    [148, 142],
    [142, 149],
    [142, 134],
    [134, 127],
    [136, 127],
    [136, 129],
    [127, 120],
    [129, 120],
    [129, 122],
    [120, 130],
    [120, 116],
    [122, 116],
    [116, 123],
    [116, 111],
    [111, 118],
    [111, 105],
    [113, 105],
    [113, 107],
    [105, 98],
    [107, 98],
    [107, 100],
    [98, 89],
    [98, 90],
    [100, 90],
    [100, 108],
    [90, 81],
    [90, 102],
    [108, 102],
    [102, 93],
    [149, 156],
    [130, 123],
    [123, 132],
    [123, 118],
    [118, 126],
    [89, 81],
    [81, 91],
    [81, 93],
    [160, 153],
    [132, 140],
    [132, 126],
    [126, 133],
    [91, 101],
    [158, 153],
    [153, 146],
    [146, 140],
    [140, 133],
    [133, 141],
    [101, 109]
  ],
  "P": 20,
  "K": [
    [
      [0, 5], 11
    ],
    [
      [0, 6], 25
    ],
    [
      [0, 7], 19
    ],
    [
      [0, 8], 2
    ],
    [
      [0, 9], 1
    ],
    [
      [0, 11], 3
    ],
    [
      [1, 6], 2
    ],
    [
      [1, 7], 20
    ],
    [
      [1, 9], 19
    ],
    [
      [1, 18], 19
    ],
    [
      [2, 7], 2
    ],
    [
      [2, 10], 13
    ],
    [
      [3, 8], 1
    ],
    [
      [3, 10], 1
    ],
    [
      [3, 18], 1
    ],
    [
      [4, 15], 21
    ],
    [
      [5, 18], 1
    ],
    [
      [6, 13], 10
    ],
    [
      [7, 13], 28
    ],
    [
      [7, 19], 1
    ],
    [
      [8, 14], 3
    ],
    [
      [9, 18], 11
    ],
    [
      [10, 16], 23
    ],
    [
      [10, 18], 8
    ],
    [
      [10, 19], 19
    ],
    [
      [11, 17], 3
    ],
    [
      [11, 19], 11
    ],
    [
      [12, 18], 1
    ],
    [
      [13, 18], 1
    ],
    [
      [13, 19], 1
    ],
    [
      [14, 19], 30
    ],
    [
      [15, 19], 5
    ],
    [
      [16, 19], 27
    ],
    [
      [17, 19], 23
    ],
    [
      [18, 19], 3
    ]
  ],
  "F": 100,
  "LB": 78174,
  "grid_graph": {
    "nodes": [
      [
        [0, 0, 0], {
          "pos": [0, 0.0],
          "type": "gate",
          "id": 0,
          "distance": 0
        }
      ],
      [
        [0, 1, 0], {
          "pos": [0, 1.0],
          "type": "hold",
          "id": 1,
          "distance": 1
        }
      ],
      [
        [1, 0, 0], {
          "pos": [1, 0.0],
          "type": "hold",
          "id": 2,
          "distance": 1
        }
      ],
      [
        [1, 1, 0], {
          "pos": [1, 1.0],
          "type": "hold",
          "id": 4,
          "distance": 2
        }
      ],
      [
        [2, 0, 0], {
          "pos": [2, 0.0],
          "type": "hold",
          "id": 5,
          "distance": 2
        }
      ],
      [
        [2, 1, 0], {
          "pos": [2, 1.0],
          "type": "hold",
          "id": 7,
          "distance": 3
        }
      ],
      [
        [3, 0, 0], {
          "pos": [3, 0.0],
          "type": "hold",
          "id": 8,
          "distance": 3
        }
      ],
      [
        [3, 1, 0], {
          "pos": [3, 1.0],
          "type": "hold",
          "id": 11,
          "distance": 4
        }
      ],
      [
        [4, 0, 0], {
          "pos": [4, 0.0],
          "type": "ramp",
          "id": 12,
          "distance": 4
        }
      ],
      [
        [4, 1, 0], {
          "pos": [4, 1.0],
          "type": "hold",
          "id": 17,
          "distance": 5
        }
      ],
      [
        [5, 0, 0], {
          "pos": [5, 0.0],
          "type": "hold",
          "id": 18,
          "distance": 5
        }
      ],
      [
        [5, 1, 0], {
          "pos": [5, 1.0],
          "type": "hold",
          "id": 24,
          "distance": 6
        }
      ],
      [
        [6, 1, 0], {
          "pos": [6, 1.0],
          "type": "hold",
          "id": 29,
          "distance": 7
        }
      ],
      [
        [7, 0, 0], {
          "pos": [7, 0.0],
          "type": "hold",
          "id": 39,
          "distance": 9
        }
      ],
      [
        [7, 1, 0], {
          "pos": [7, 1.0],
          "type": "hold",
          "id": 34,
          "distance": 8
        }
      ],
      [
        [8, 0, 0], {
          "pos": [8, 0.0],
          "type": "hold",
          "id": 50,
          "distance": 10
        }
      ],
      [
        [8, 1, 0], {
          "pos": [8, 1.0],
          "type": "hold",
          "id": 43,
          "distance": 9
        }
      ],
      [
        [9, 0, 0], {
          "pos": [9, 0.0],
          "type": "hold",
          "id": 62,
          "distance": 11
        }
      ],
      [
        [9, 1, 0], {
          "pos": [9, 1.0],
          "type": "hold",
          "id": 54,
          "distance": 10
        }
      ],
      [
        [0, 2, 0], {
          "pos": [0, 2.0],
          "type": "hold",
          "id": 3,
          "distance": 2
        }
      ],
      [
        [1, 2, 0], {
          "pos": [1, 2.0],
          "type": "hold",
          "id": 6,
          "distance": 3
        }
      ],
      [
        [2, 2, 0], {
          "pos": [2, 2.0],
          "type": "hold",
          "id": 10,
          "distance": 4
        }
      ],
      [
        [3, 2, 0], {
          "pos": [3, 2.0],
          "type": "hold",
          "id": 15,
          "distance": 5
        }
      ],
      [
        [4, 2, 0], {
          "pos": [4, 2.0],
          "type": "hold",
          "id": 22,
          "distance": 6
        }
      ],
      [
        [5, 2, 0], {
          "pos": [5, 2.0],
          "type": "hold",
          "id": 27,
          "distance": 7
        }
      ],
      [
        [6, 2, 0], {
          "pos": [6, 2.0],
          "type": "hold",
          "id": 32,
          "distance": 8
        }
      ],
      [
        [7, 2, 0], {
          "pos": [7, 2.0],
          "type": "hold",
          "id": 41,
          "distance": 9
        }
      ],
      [
        [8, 2, 0], {
          "pos": [8, 2.0],
          "type": "hold",
          "id": 52,
          "distance": 10
        }
      ],
      [
        [9, 2, 0], {
          "pos": [9, 2.0],
          "type": "hold",
          "id": 64,
          "distance": 11
        }
      ],
      [
        [1, 3, 0], {
          "pos": [1, 3.0],
          "type": "hold",
          "id": 9,
          "distance": 4
        }
      ],
      [
        [2, 3, 0], {
          "pos": [2, 3.0],
          "type": "hold",
          "id": 14,
          "distance": 5
        }
      ],
      [
        [3, 3, 0], {
          "pos": [3, 3.0],
          "type": "hold",
          "id": 21,
          "distance": 6
        }
      ],
      [
        [4, 3, 0], {
          "pos": [4, 3.0],
          "type": "hold",
          "id": 26,
          "distance": 7
        }
      ],
      [
        [5, 3, 0], {
          "pos": [5, 3.0],
          "type": "ramp",
          "id": 30,
          "distance": 8
        }
      ],
      [
        [6, 3, 0], {
          "pos": [6, 3.0],
          "type": "hold",
          "id": 38,
          "distance": 9
        }
      ],
      [
        [7, 3, 0], {
          "pos": [7, 3.0],
          "type": "hold",
          "id": 49,
          "distance": 10
        }
      ],
      [
        [8, 3, 0], {
          "pos": [8, 3.0],
          "type": "hold",
          "id": 61,
          "distance": 11
        }
      ],
      [
        [9, 3, 0], {
          "pos": [9, 3.0],
          "type": "hold",
          "id": 74,
          "distance": 12
        }
      ],
      [
        [0, 4, 0], {
          "pos": [0, 4.0],
          "type": "hold",
          "id": 19,
          "distance": 6
        }
      ],
      [
        [1, 4, 0], {
          "pos": [1, 4.0],
          "type": "hold",
          "id": 13,
          "distance": 5
        }
      ],
      [
        [2, 4, 0], {
          "pos": [2, 4.0],
          "type": "hold",
          "id": 20,
          "distance": 6
        }
      ],
      [
        [3, 4, 0], {
          "pos": [3, 4.0],
          "type": "hold",
          "id": 25,
          "distance": 7
        }
      ],
      [
        [5, 4, 0], {
          "pos": [5, 4.0],
          "type": "hold",
          "id": 36,
          "distance": 9
        }
      ],
      [
        [6, 4, 0], {
          "pos": [6, 4.0],
          "type": "hold",
          "id": 47,
          "distance": 10
        }
      ],
      [
        [7, 4, 0], {
          "pos": [7, 4.0],
          "type": "hold",
          "id": 58,
          "distance": 11
        }
      ],
      [
        [8, 4, 0], {
          "pos": [8, 4.0],
          "type": "hold",
          "id": 72,
          "distance": 12
        }
      ],
      [
        [9, 4, 0], {
          "pos": [9, 4.0],
          "type": "hold",
          "id": 86,
          "distance": 13
        }
      ],
      [
        [0, 0, 1], {
          "pos": [0, 6.0],
          "type": "hold",
          "id": 110,
          "distance": 17
        }
      ],
      [
        [0, 1, 1], {
          "pos": [0, 7.0],
          "type": "hold",
          "id": 104,
          "distance": 16
        }
      ],
      [
        [1, 0, 1], {
          "pos": [1, 6.0],
          "type": "hold",
          "id": 115,
          "distance": 18
        }
      ],
      [
        [4, 0, 1], {
          "pos": [4, 6.0],
          "type": "ramp",
          "id": 16,
          "distance": 5
        }
      ],
      [
        [5, 0, 1], {
          "pos": [5, 6.0],
          "type": "hold",
          "id": 23,
          "distance": 6
        }
      ],
      [
        [6, 0, 1], {
          "pos": [6, 6.0],
          "type": "hold",
          "id": 28,
          "distance": 7
        }
      ],
      [
        [6, 1, 1], {
          "pos": [6, 7.0],
          "type": "hold",
          "id": 31,
          "distance": 8
        }
      ],
      [
        [7, 0, 1], {
          "pos": [7, 6.0],
          "type": "hold",
          "id": 33,
          "distance": 8
        }
      ],
      [
        [7, 1, 1], {
          "pos": [7, 7.0],
          "type": "hold",
          "id": 40,
          "distance": 9
        }
      ],
      [
        [8, 0, 1], {
          "pos": [8, 6.0],
          "type": "hold",
          "id": 42,
          "distance": 9
        }
      ],
      [
        [8, 1, 1], {
          "pos": [8, 7.0],
          "type": "ramp",
          "id": 51,
          "distance": 10
        }
      ],
      [
        [9, 0, 1], {
          "pos": [9, 6.0],
          "type": "hold",
          "id": 53,
          "distance": 10
        }
      ],
      [
        [9, 1, 1], {
          "pos": [9, 7.0],
          "type": "hold",
          "id": 63,
          "distance": 11
        }
      ],
      [
        [0, 2, 1], {
          "pos": [0, 8.0],
          "type": "hold",
          "id": 96,
          "distance": 15
        }
      ],
      [
        [1, 2, 1], {
          "pos": [1, 8.0],
          "type": "hold",
          "id": 87,
          "distance": 14
        }
      ],
      [
        [2, 2, 1], {
          "pos": [2, 8.0],
          "type": "hold",
          "id": 76,
          "distance": 13
        }
      ],
      [
        [3, 2, 1], {
          "pos": [3, 8.0],
          "type": "hold",
          "id": 66,
          "distance": 12
        }
      ],
      [
        [4, 2, 1], {
          "pos": [4, 8.0],
          "type": "hold",
          "id": 56,
          "distance": 11
        }
      ],
      [
        [5, 2, 1], {
          "pos": [5, 8.0],
          "type": "hold",
          "id": 45,
          "distance": 10
        }
      ],
      [
        [6, 2, 1], {
          "pos": [6, 8.0],
          "type": "hold",
          "id": 37,
          "distance": 9
        }
      ],
      [
        [7, 2, 1], {
          "pos": [7, 8.0],
          "type": "hold",
          "id": 48,
          "distance": 10
        }
      ],
      [
        [8, 2, 1], {
          "pos": [8, 8.0],
          "type": "hold",
          "id": 60,
          "distance": 11
        }
      ],
      [
        [1, 3, 1], {
          "pos": [1, 9.0],
          "type": "hold",
          "id": 75,
          "distance": 13
        }
      ],
      [
        [2, 3, 1], {
          "pos": [2, 9.0],
          "type": "hold",
          "id": 65,
          "distance": 12
        }
      ],
      [
        [3, 3, 1], {
          "pos": [3, 9.0],
          "type": "hold",
          "id": 55,
          "distance": 11
        }
      ],
      [
        [4, 3, 1], {
          "pos": [4, 9.0],
          "type": "hold",
          "id": 44,
          "distance": 10
        }
      ],
      [
        [5, 3, 1], {
          "pos": [5, 9.0],
          "type": "ramp",
          "id": 35,
          "distance": 9
        }
      ],
      [
        [6, 3, 1], {
          "pos": [6, 9.0],
          "type": "hold",
          "id": 46,
          "distance": 10
        }
      ],
      [
        [8, 3, 1], {
          "pos": [8, 9.0],
          "type": "hold",
          "id": 71,
          "distance": 12
        }
      ],
      [
        [9, 3, 1], {
          "pos": [9, 9.0],
          "type": "hold",
          "id": 85,
          "distance": 13
        }
      ],
      [
        [0, 4, 1], {
          "pos": [0, 10.0],
          "type": "hold",
          "id": 97,
          "distance": 15
        }
      ],
      [
        [1, 4, 1], {
          "pos": [1, 10.0],
          "type": "hold",
          "id": 88,
          "distance": 14
        }
      ],
      [
        [2, 4, 1], {
          "pos": [2, 10.0],
          "type": "hold",
          "id": 77,
          "distance": 13
        }
      ],
      [
        [3, 4, 1], {
          "pos": [3, 10.0],
          "type": "hold",
          "id": 67,
          "distance": 12
        }
      ],
      [
        [6, 4, 1], {
          "pos": [6, 10.0],
          "type": "hold",
          "id": 57,
          "distance": 11
        }
      ],
      [
        [7, 4, 1], {
          "pos": [7, 10.0],
          "type": "hold",
          "id": 69,
          "distance": 12
        }
      ],
      [
        [9, 4, 1], {
          "pos": [9, 10.0],
          "type": "ramp",
          "id": 95,
          "distance": 14
        }
      ],
      [
        [0, 0, 2], {
          "pos": [0, 12.0],
          "type": "hold",
          "id": 162,
          "distance": 26
        }
      ],
      [
        [1, 0, 2], {
          "pos": [1, 12.0],
          "type": "hold",
          "id": 161,
          "distance": 25
        }
      ],
      [
        [1, 1, 2], {
          "pos": [1, 13.0],
          "type": "hold",
          "id": 157,
          "distance": 24
        }
      ],
      [
        [2, 0, 2], {
          "pos": [2, 12.0],
          "type": "hold",
          "id": 159,
          "distance": 24
        }
      ],
      [
        [2, 1, 2], {
          "pos": [2, 13.0],
          "type": "hold",
          "id": 152,
          "distance": 23
        }
      ],
      [
        [3, 0, 2], {
          "pos": [3, 12.0],
          "type": "hold",
          "id": 154,
          "distance": 23
        }
      ],
      [
        [3, 1, 2], {
          "pos": [3, 13.0],
          "type": "hold",
          "id": 145,
          "distance": 22
        }
      ],
      [
        [4, 0, 2], {
          "pos": [4, 12.0],
          "type": "hold",
          "id": 147,
          "distance": 22
        }
      ],
      [
        [4, 1, 2], {
          "pos": [4, 13.0],
          "type": "hold",
          "id": 139,
          "distance": 21
        }
      ],
      [
        [6, 1, 2], {
          "pos": [6, 13.0],
          "type": "hold",
          "id": 78,
          "distance": 13
        }
      ],
      [
        [7, 0, 2], {
          "pos": [7, 12.0],
          "type": "hold",
          "id": 79,
          "distance": 13
        }
      ],
      [
        [7, 1, 2], {
          "pos": [7, 13.0],
          "type": "hold",
          "id": 68,
          "distance": 12
        }
      ],
      [
        [8, 1, 2], {
          "pos": [8, 13.0],
          "type": "ramp",
          "id": 59,
          "distance": 11
        }
      ],
      [
        [9, 0, 2], {
          "pos": [9, 12.0],
          "type": "hold",
          "id": 83,
          "distance": 13
        }
      ],
      [
        [9, 1, 2], {
          "pos": [9, 13.0],
          "type": "hold",
          "id": 73,
          "distance": 12
        }
      ],
      [
        [0, 2, 2], {
          "pos": [0, 14.0],
          "type": "hold",
          "id": 155,
          "distance": 24
        }
      ],
      [
        [1, 2, 2], {
          "pos": [1, 14.0],
          "type": "hold",
          "id": 151,
          "distance": 23
        }
      ],
      [
        [3, 2, 2], {
          "pos": [3, 14.0],
          "type": "hold",
          "id": 138,
          "distance": 21
        }
      ],
      [
        [4, 2, 2], {
          "pos": [4, 14.0],
          "type": "hold",
          "id": 131,
          "distance": 20
        }
      ],
      [
        [5, 2, 2], {
          "pos": [5, 14.0],
          "type": "hold",
          "id": 125,
          "distance": 19
        }
      ],
      [
        [7, 2, 2], {
          "pos": [7, 14.0],
          "type": "hold",
          "id": 80,
          "distance": 13
        }
      ],
      [
        [8, 2, 2], {
          "pos": [8, 14.0],
          "type": "ramp",
          "id": 70,
          "distance": 12
        }
      ],
      [
        [9, 2, 2], {
          "pos": [9, 14.0],
          "type": "hold",
          "id": 84,
          "distance": 13
        }
      ],
      [
        [0, 3, 2], {
          "pos": [0, 15.0],
          "type": "hold",
          "id": 150,
          "distance": 23
        }
      ],
      [
        [1, 3, 2], {
          "pos": [1, 15.0],
          "type": "hold",
          "id": 144,
          "distance": 22
        }
      ],
      [
        [2, 3, 2], {
          "pos": [2, 15.0],
          "type": "hold",
          "id": 137,
          "distance": 21
        }
      ],
      [
        [4, 3, 2], {
          "pos": [4, 15.0],
          "type": "hold",
          "id": 124,
          "distance": 19
        }
      ],
      [
        [5, 3, 2], {
          "pos": [5, 15.0],
          "type": "hold",
          "id": 119,
          "distance": 18
        }
      ],
      [
        [6, 3, 2], {
          "pos": [6, 15.0],
          "type": "hold",
          "id": 114,
          "distance": 17
        }
      ],
      [
        [8, 3, 2], {
          "pos": [8, 15.0],
          "type": "hold",
          "id": 82,
          "distance": 13
        }
      ],
      [
        [9, 3, 2], {
          "pos": [9, 15.0],
          "type": "hold",
          "id": 94,
          "distance": 14
        }
      ],
      [
        [0, 4, 2], {
          "pos": [0, 16.0],
          "type": "hold",
          "id": 143,
          "distance": 22
        }
      ],
      [
        [1, 4, 2], {
          "pos": [1, 16.0],
          "type": "hold",
          "id": 135,
          "distance": 21
        }
      ],
      [
        [2, 4, 2], {
          "pos": [2, 16.0],
          "type": "hold",
          "id": 128,
          "distance": 20
        }
      ],
      [
        [3, 4, 2], {
          "pos": [3, 16.0],
          "type": "hold",
          "id": 121,
          "distance": 19
        }
      ],
      [
        [4, 4, 2], {
          "pos": [4, 16.0],
          "type": "hold",
          "id": 117,
          "distance": 18
        }
      ],
      [
        [5, 4, 2], {
          "pos": [5, 16.0],
          "type": "hold",
          "id": 112,
          "distance": 17
        }
      ],
      [
        [6, 4, 2], {
          "pos": [6, 16.0],
          "type": "hold",
          "id": 106,
          "distance": 16
        }
      ],
      [
        [7, 4, 2], {
          "pos": [7, 16.0],
          "type": "hold",
          "id": 99,
          "distance": 15
        }
      ],
      [
        [8, 4, 2], {
          "pos": [8, 16.0],
          "type": "hold",
          "id": 92,
          "distance": 14
        }
      ],
      [
        [9, 4, 2], {
          "pos": [9, 16.0],
          "type": "ramp",
          "id": 103,
          "distance": 15
        }
      ],
      [
        [0, 0, 3], {
          "pos": [0, 18.0],
          "type": "hold",
          "id": 148,
          "distance": 23
        }
      ],
      [
        [0, 1, 3], {
          "pos": [0, 19.0],
          "type": "hold",
          "id": 142,
          "distance": 22
        }
      ],
      [
        [1, 1, 3], {
          "pos": [1, 19.0],
          "type": "hold",
          "id": 134,
          "distance": 21
        }
      ],
      [
        [2, 0, 3], {
          "pos": [2, 18.0],
          "type": "hold",
          "id": 136,
          "distance": 21
        }
      ],
      [
        [2, 1, 3], {
          "pos": [2, 19.0],
          "type": "hold",
          "id": 127,
          "distance": 20
        }
      ],
      [
        [3, 0, 3], {
          "pos": [3, 18.0],
          "type": "hold",
          "id": 129,
          "distance": 20
        }
      ],
      [
        [3, 1, 3], {
          "pos": [3, 19.0],
          "type": "hold",
          "id": 120,
          "distance": 19
        }
      ],
      [
        [4, 0, 3], {
          "pos": [4, 18.0],
          "type": "hold",
          "id": 122,
          "distance": 19
        }
      ],
      [
        [4, 1, 3], {
          "pos": [4, 19.0],
          "type": "hold",
          "id": 116,
          "distance": 18
        }
      ],
      [
        [5, 1, 3], {
          "pos": [5, 19.0],
          "type": "hold",
          "id": 111,
          "distance": 17
        }
      ],
      [
        [6, 0, 3], {
          "pos": [6, 18.0],
          "type": "hold",
          "id": 113,
          "distance": 17
        }
      ],
      [
        [6, 1, 3], {
          "pos": [6, 19.0],
          "type": "hold",
          "id": 105,
          "distance": 16
        }
      ],
      [
        [7, 0, 3], {
          "pos": [7, 18.0],
          "type": "hold",
          "id": 107,
          "distance": 16
        }
      ],
      [
        [7, 1, 3], {
          "pos": [7, 19.0],
          "type": "hold",
          "id": 98,
          "distance": 15
        }
      ],
      [
        [8, 0, 3], {
          "pos": [8, 18.0],
          "type": "hold",
          "id": 100,
          "distance": 15
        }
      ],
      [
        [8, 1, 3], {
          "pos": [8, 19.0],
          "type": "hold",
          "id": 90,
          "distance": 14
        }
      ],
      [
        [9, 0, 3], {
          "pos": [9, 18.0],
          "type": "hold",
          "id": 108,
          "distance": 16
        }
      ],
      [
        [9, 1, 3], {
          "pos": [9, 19.0],
          "type": "hold",
          "id": 102,
          "distance": 15
        }
      ],
      [
        [0, 2, 3], {
          "pos": [0, 20.0],
          "type": "hold",
          "id": 149,
          "distance": 23
        }
      ],
      [
        [3, 2, 3], {
          "pos": [3, 20.0],
          "type": "hold",
          "id": 130,
          "distance": 20
        }
      ],
      [
        [4, 2, 3], {
          "pos": [4, 20.0],
          "type": "hold",
          "id": 123,
          "distance": 19
        }
      ],
      [
        [5, 2, 3], {
          "pos": [5, 20.0],
          "type": "hold",
          "id": 118,
          "distance": 18
        }
      ],
      [
        [7, 2, 3], {
          "pos": [7, 20.0],
          "type": "hold",
          "id": 89,
          "distance": 14
        }
      ],
      [
        [8, 2, 3], {
          "pos": [8, 20.0],
          "type": "ramp",
          "id": 81,
          "distance": 13
        }
      ],
      [
        [9, 2, 3], {
          "pos": [9, 20.0],
          "type": "hold",
          "id": 93,
          "distance": 14
        }
      ],
      [
        [0, 3, 3], {
          "pos": [0, 21.0],
          "type": "hold",
          "id": 156,
          "distance": 24
        }
      ],
      [
        [2, 3, 3], {
          "pos": [2, 21.0],
          "type": "hold",
          "id": 160,
          "distance": 24
        }
      ],
      [
        [4, 3, 3], {
          "pos": [4, 21.0],
          "type": "hold",
          "id": 132,
          "distance": 20
        }
      ],
      [
        [5, 3, 3], {
          "pos": [5, 21.0],
          "type": "hold",
          "id": 126,
          "distance": 19
        }
      ],
      [
        [8, 3, 3], {
          "pos": [8, 21.0],
          "type": "hold",
          "id": 91,
          "distance": 14
        }
      ],
      [
        [1, 4, 3], {
          "pos": [1, 22.0],
          "type": "hold",
          "id": 158,
          "distance": 24
        }
      ],
      [
        [2, 4, 3], {
          "pos": [2, 22.0],
          "type": "hold",
          "id": 153,
          "distance": 23
        }
      ],
      [
        [3, 4, 3], {
          "pos": [3, 22.0],
          "type": "hold",
          "id": 146,
          "distance": 22
        }
      ],
      [
        [4, 4, 3], {
          "pos": [4, 22.0],
          "type": "hold",
          "id": 140,
          "distance": 21
        }
      ],
      [
        [5, 4, 3], {
          "pos": [5, 22.0],
          "type": "hold",
          "id": 133,
          "distance": 20
        }
      ],
      [
        [6, 4, 3], {
          "pos": [6, 22.0],
          "type": "hold",
          "id": 141,
          "distance": 21
        }
      ],
      [
        [8, 4, 3], {
          "pos": [8, 22.0],
          "type": "hold",
          "id": 101,
          "distance": 15
        }
      ],
      [
        [9, 4, 3], {
          "pos": [9, 22.0],
          "type": "ramp",
          "id": 109,
          "distance": 16
        }
      ]
    ],
    "edges": [
      [
        [0, 0, 0],
        [0, 1, 0], {}
      ],
      [
        [0, 0, 0],
        [1, 0, 0], {}
      ],
      [
        [0, 1, 0],
        [0, 2, 0], {}
      ],
      [
        [0, 1, 0],
        [1, 1, 0], {}
      ],
      [
        [1, 0, 0],
        [1, 1, 0], {}
      ],
      [
        [1, 0, 0],
        [2, 0, 0], {}
      ],
      [
        [1, 1, 0],
        [1, 2, 0], {}
      ],
      [
        [1, 1, 0],
        [2, 1, 0], {}
      ],
      [
        [2, 0, 0],
        [2, 1, 0], {}
      ],
      [
        [2, 0, 0],
        [3, 0, 0], {}
      ],
      [
        [2, 1, 0],
        [2, 2, 0], {}
      ],
      [
        [2, 1, 0],
        [3, 1, 0], {}
      ],
      [
        [3, 0, 0],
        [3, 1, 0], {}
      ],
      [
        [3, 0, 0],
        [4, 0, 0], {}
      ],
      [
        [3, 1, 0],
        [3, 2, 0], {}
      ],
      [
        [3, 1, 0],
        [4, 1, 0], {}
      ],
      [
        [4, 0, 0],
        [4, 1, 0], {}
      ],
      [
        [4, 0, 0],
        [5, 0, 0], {}
      ],
      [
        [4, 0, 0],
        [4, 0, 1], {
          "ramp": true
        }
      ],
      [
        [4, 1, 0],
        [4, 2, 0], {}
      ],
      [
        [4, 1, 0],
        [5, 1, 0], {}
      ],
      [
        [5, 0, 0],
        [5, 1, 0], {}
      ],
      [
        [5, 1, 0],
        [5, 2, 0], {}
      ],
      [
        [5, 1, 0],
        [6, 1, 0], {}
      ],
      [
        [6, 1, 0],
        [6, 2, 0], {}
      ],
      [
        [6, 1, 0],
        [7, 1, 0], {}
      ],
      [
        [7, 0, 0],
        [7, 1, 0], {}
      ],
      [
        [7, 0, 0],
        [8, 0, 0], {}
      ],
      [
        [7, 1, 0],
        [7, 2, 0], {}
      ],
      [
        [7, 1, 0],
        [8, 1, 0], {}
      ],
      [
        [8, 0, 0],
        [8, 1, 0], {}
      ],
      [
        [8, 0, 0],
        [9, 0, 0], {}
      ],
      [
        [8, 1, 0],
        [8, 2, 0], {}
      ],
      [
        [8, 1, 0],
        [9, 1, 0], {}
      ],
      [
        [9, 0, 0],
        [9, 1, 0], {}
      ],
      [
        [9, 1, 0],
        [9, 2, 0], {}
      ],
      [
        [0, 2, 0],
        [1, 2, 0], {}
      ],
      [
        [1, 2, 0],
        [1, 3, 0], {}
      ],
      [
        [1, 2, 0],
        [2, 2, 0], {}
      ],
      [
        [2, 2, 0],
        [2, 3, 0], {}
      ],
      [
        [2, 2, 0],
        [3, 2, 0], {}
      ],
      [
        [3, 2, 0],
        [3, 3, 0], {}
      ],
      [
        [3, 2, 0],
        [4, 2, 0], {}
      ],
      [
        [4, 2, 0],
        [4, 3, 0], {}
      ],
      [
        [4, 2, 0],
        [5, 2, 0], {}
      ],
      [
        [5, 2, 0],
        [5, 3, 0], {}
      ],
      [
        [5, 2, 0],
        [6, 2, 0], {}
      ],
      [
        [6, 2, 0],
        [6, 3, 0], {}
      ],
      [
        [6, 2, 0],
        [7, 2, 0], {}
      ],
      [
        [7, 2, 0],
        [7, 3, 0], {}
      ],
      [
        [7, 2, 0],
        [8, 2, 0], {}
      ],
      [
        [8, 2, 0],
        [8, 3, 0], {}
      ],
      [
        [8, 2, 0],
        [9, 2, 0], {}
      ],
      [
        [9, 2, 0],
        [9, 3, 0], {}
      ],
      [
        [1, 3, 0],
        [1, 4, 0], {}
      ],
      [
        [1, 3, 0],
        [2, 3, 0], {}
      ],
      [
        [2, 3, 0],
        [2, 4, 0], {}
      ],
      [
        [2, 3, 0],
        [3, 3, 0], {}
      ],
      [
        [3, 3, 0],
        [3, 4, 0], {}
      ],
      [
        [3, 3, 0],
        [4, 3, 0], {}
      ],
      [
        [4, 3, 0],
        [5, 3, 0], {}
      ],
      [
        [5, 3, 0],
        [5, 4, 0], {}
      ],
      [
        [5, 3, 0],
        [6, 3, 0], {}
      ],
      [
        [5, 3, 0],
        [5, 3, 1], {
          "ramp": true
        }
      ],
      [
        [6, 3, 0],
        [6, 4, 0], {}
      ],
      [
        [6, 3, 0],
        [7, 3, 0], {}
      ],
      [
        [7, 3, 0],
        [7, 4, 0], {}
      ],
      [
        [7, 3, 0],
        [8, 3, 0], {}
      ],
      [
        [8, 3, 0],
        [8, 4, 0], {}
      ],
      [
        [8, 3, 0],
        [9, 3, 0], {}
      ],
      [
        [9, 3, 0],
        [9, 4, 0], {}
      ],
      [
        [0, 4, 0],
        [1, 4, 0], {}
      ],
      [
        [1, 4, 0],
        [2, 4, 0], {}
      ],
      [
        [2, 4, 0],
        [3, 4, 0], {}
      ],
      [
        [5, 4, 0],
        [6, 4, 0], {}
      ],
      [
        [6, 4, 0],
        [7, 4, 0], {}
      ],
      [
        [7, 4, 0],
        [8, 4, 0], {}
      ],
      [
        [8, 4, 0],
        [9, 4, 0], {}
      ],
      [
        [0, 0, 1],
        [0, 1, 1], {}
      ],
      [
        [0, 0, 1],
        [1, 0, 1], {}
      ],
      [
        [0, 1, 1],
        [0, 2, 1], {}
      ],
      [
        [4, 0, 1],
        [5, 0, 1], {}
      ],
      [
        [5, 0, 1],
        [6, 0, 1], {}
      ],
      [
        [6, 0, 1],
        [6, 1, 1], {}
      ],
      [
        [6, 0, 1],
        [7, 0, 1], {}
      ],
      [
        [6, 1, 1],
        [6, 2, 1], {}
      ],
      [
        [6, 1, 1],
        [7, 1, 1], {}
      ],
      [
        [7, 0, 1],
        [7, 1, 1], {}
      ],
      [
        [7, 0, 1],
        [8, 0, 1], {}
      ],
      [
        [7, 1, 1],
        [7, 2, 1], {}
      ],
      [
        [7, 1, 1],
        [8, 1, 1], {}
      ],
      [
        [8, 0, 1],
        [8, 1, 1], {}
      ],
      [
        [8, 0, 1],
        [9, 0, 1], {}
      ],
      [
        [8, 1, 1],
        [8, 2, 1], {}
      ],
      [
        [8, 1, 1],
        [9, 1, 1], {}
      ],
      [
        [8, 1, 1],
        [8, 1, 2], {
          "ramp": true
        }
      ],
      [
        [9, 0, 1],
        [9, 1, 1], {}
      ],
      [
        [0, 2, 1],
        [1, 2, 1], {}
      ],
      [
        [1, 2, 1],
        [1, 3, 1], {}
      ],
      [
        [1, 2, 1],
        [2, 2, 1], {}
      ],
      [
        [2, 2, 1],
        [2, 3, 1], {}
      ],
      [
        [2, 2, 1],
        [3, 2, 1], {}
      ],
      [
        [3, 2, 1],
        [3, 3, 1], {}
      ],
      [
        [3, 2, 1],
        [4, 2, 1], {}
      ],
      [
        [4, 2, 1],
        [4, 3, 1], {}
      ],
      [
        [4, 2, 1],
        [5, 2, 1], {}
      ],
      [
        [5, 2, 1],
        [5, 3, 1], {}
      ],
      [
        [5, 2, 1],
        [6, 2, 1], {}
      ],
      [
        [6, 2, 1],
        [6, 3, 1], {}
      ],
      [
        [6, 2, 1],
        [7, 2, 1], {}
      ],
      [
        [7, 2, 1],
        [8, 2, 1], {}
      ],
      [
        [8, 2, 1],
        [8, 3, 1], {}
      ],
      [
        [1, 3, 1],
        [1, 4, 1], {}
      ],
      [
        [1, 3, 1],
        [2, 3, 1], {}
      ],
      [
        [2, 3, 1],
        [2, 4, 1], {}
      ],
      [
        [2, 3, 1],
        [3, 3, 1], {}
      ],
      [
        [3, 3, 1],
        [3, 4, 1], {}
      ],
      [
        [3, 3, 1],
        [4, 3, 1], {}
      ],
      [
        [4, 3, 1],
        [5, 3, 1], {}
      ],
      [
        [5, 3, 1],
        [6, 3, 1], {}
      ],
      [
        [6, 3, 1],
        [6, 4, 1], {}
      ],
      [
        [8, 3, 1],
        [9, 3, 1], {}
      ],
      [
        [9, 3, 1],
        [9, 4, 1], {}
      ],
      [
        [0, 4, 1],
        [1, 4, 1], {}
      ],
      [
        [1, 4, 1],
        [2, 4, 1], {}
      ],
      [
        [2, 4, 1],
        [3, 4, 1], {}
      ],
      [
        [6, 4, 1],
        [7, 4, 1], {}
      ],
      [
        [9, 4, 1],
        [9, 4, 2], {
          "ramp": true
        }
      ],
      [
        [0, 0, 2],
        [1, 0, 2], {}
      ],
      [
        [1, 0, 2],
        [1, 1, 2], {}
      ],
      [
        [1, 0, 2],
        [2, 0, 2], {}
      ],
      [
        [1, 1, 2],
        [1, 2, 2], {}
      ],
      [
        [1, 1, 2],
        [2, 1, 2], {}
      ],
      [
        [2, 0, 2],
        [2, 1, 2], {}
      ],
      [
        [2, 0, 2],
        [3, 0, 2], {}
      ],
      [
        [2, 1, 2],
        [3, 1, 2], {}
      ],
      [
        [3, 0, 2],
        [3, 1, 2], {}
      ],
      [
        [3, 0, 2],
        [4, 0, 2], {}
      ],
      [
        [3, 1, 2],
        [3, 2, 2], {}
      ],
      [
        [3, 1, 2],
        [4, 1, 2], {}
      ],
      [
        [4, 0, 2],
        [4, 1, 2], {}
      ],
      [
        [4, 1, 2],
        [4, 2, 2], {}
      ],
      [
        [6, 1, 2],
        [7, 1, 2], {}
      ],
      [
        [7, 0, 2],
        [7, 1, 2], {}
      ],
      [
        [7, 1, 2],
        [7, 2, 2], {}
      ],
      [
        [7, 1, 2],
        [8, 1, 2], {}
      ],
      [
        [8, 1, 2],
        [8, 2, 2], {}
      ],
      [
        [8, 1, 2],
        [9, 1, 2], {}
      ],
      [
        [9, 0, 2],
        [9, 1, 2], {}
      ],
      [
        [9, 1, 2],
        [9, 2, 2], {}
      ],
      [
        [0, 2, 2],
        [0, 3, 2], {}
      ],
      [
        [0, 2, 2],
        [1, 2, 2], {}
      ],
      [
        [1, 2, 2],
        [1, 3, 2], {}
      ],
      [
        [3, 2, 2],
        [4, 2, 2], {}
      ],
      [
        [4, 2, 2],
        [4, 3, 2], {}
      ],
      [
        [4, 2, 2],
        [5, 2, 2], {}
      ],
      [
        [5, 2, 2],
        [5, 3, 2], {}
      ],
      [
        [7, 2, 2],
        [8, 2, 2], {}
      ],
      [
        [8, 2, 2],
        [8, 3, 2], {}
      ],
      [
        [8, 2, 2],
        [9, 2, 2], {}
      ],
      [
        [8, 2, 2],
        [8, 2, 3], {
          "ramp": true
        }
      ],
      [
        [9, 2, 2],
        [9, 3, 2], {}
      ],
      [
        [0, 3, 2],
        [0, 4, 2], {}
      ],
      [
        [0, 3, 2],
        [1, 3, 2], {}
      ],
      [
        [1, 3, 2],
        [1, 4, 2], {}
      ],
      [
        [1, 3, 2],
        [2, 3, 2], {}
      ],
      [
        [2, 3, 2],
        [2, 4, 2], {}
      ],
      [
        [4, 3, 2],
        [4, 4, 2], {}
      ],
      [
        [4, 3, 2],
        [5, 3, 2], {}
      ],
      [
        [5, 3, 2],
        [5, 4, 2], {}
      ],
      [
        [5, 3, 2],
        [6, 3, 2], {}
      ],
      [
        [6, 3, 2],
        [6, 4, 2], {}
      ],
      [
        [8, 3, 2],
        [8, 4, 2], {}
      ],
      [
        [8, 3, 2],
        [9, 3, 2], {}
      ],
      [
        [9, 3, 2],
        [9, 4, 2], {}
      ],
      [
        [0, 4, 2],
        [1, 4, 2], {}
      ],
      [
        [1, 4, 2],
        [2, 4, 2], {}
      ],
      [
        [2, 4, 2],
        [3, 4, 2], {}
      ],
      [
        [3, 4, 2],
        [4, 4, 2], {}
      ],
      [
        [4, 4, 2],
        [5, 4, 2], {}
      ],
      [
        [5, 4, 2],
        [6, 4, 2], {}
      ],
      [
        [6, 4, 2],
        [7, 4, 2], {}
      ],
      [
        [7, 4, 2],
        [8, 4, 2], {}
      ],
      [
        [8, 4, 2],
        [9, 4, 2], {}
      ],
      [
        [9, 4, 2],
        [9, 4, 3], {
          "ramp": true
        }
      ],
      [
        [0, 0, 3],
        [0, 1, 3], {}
      ],
      [
        [0, 1, 3],
        [0, 2, 3], {}
      ],
      [
        [0, 1, 3],
        [1, 1, 3], {}
      ],
      [
        [1, 1, 3],
        [2, 1, 3], {}
      ],
      [
        [2, 0, 3],
        [2, 1, 3], {}
      ],
      [
        [2, 0, 3],
        [3, 0, 3], {}
      ],
      [
        [2, 1, 3],
        [3, 1, 3], {}
      ],
      [
        [3, 0, 3],
        [3, 1, 3], {}
      ],
      [
        [3, 0, 3],
        [4, 0, 3], {}
      ],
      [
        [3, 1, 3],
        [3, 2, 3], {}
      ],
      [
        [3, 1, 3],
        [4, 1, 3], {}
      ],
      [
        [4, 0, 3],
        [4, 1, 3], {}
      ],
      [
        [4, 1, 3],
        [4, 2, 3], {}
      ],
      [
        [4, 1, 3],
        [5, 1, 3], {}
      ],
      [
        [5, 1, 3],
        [5, 2, 3], {}
      ],
      [
        [5, 1, 3],
        [6, 1, 3], {}
      ],
      [
        [6, 0, 3],
        [6, 1, 3], {}
      ],
      [
        [6, 0, 3],
        [7, 0, 3], {}
      ],
      [
        [6, 1, 3],
        [7, 1, 3], {}
      ],
      [
        [7, 0, 3],
        [7, 1, 3], {}
      ],
      [
        [7, 0, 3],
        [8, 0, 3], {}
      ],
      [
        [7, 1, 3],
        [7, 2, 3], {}
      ],
      [
        [7, 1, 3],
        [8, 1, 3], {}
      ],
      [
        [8, 0, 3],
        [8, 1, 3], {}
      ],
      [
        [8, 0, 3],
        [9, 0, 3], {}
      ],
      [
        [8, 1, 3],
        [8, 2, 3], {}
      ],
      [
        [8, 1, 3],
        [9, 1, 3], {}
      ],
      [
        [9, 0, 3],
        [9, 1, 3], {}
      ],
      [
        [9, 1, 3],
        [9, 2, 3], {}
      ],
      [
        [0, 2, 3],
        [0, 3, 3], {}
      ],
      [
        [3, 2, 3],
        [4, 2, 3], {}
      ],
      [
        [4, 2, 3],
        [4, 3, 3], {}
      ],
      [
        [4, 2, 3],
        [5, 2, 3], {}
      ],
      [
        [5, 2, 3],
        [5, 3, 3], {}
      ],
      [
        [7, 2, 3],
        [8, 2, 3], {}
      ],
      [
        [8, 2, 3],
        [8, 3, 3], {}
      ],
      [
        [8, 2, 3],
        [9, 2, 3], {}
      ],
      [
        [2, 3, 3],
        [2, 4, 3], {}
      ],
      [
        [4, 3, 3],
        [4, 4, 3], {}
      ],
      [
        [4, 3, 3],
        [5, 3, 3], {}
      ],
      [
        [5, 3, 3],
        [5, 4, 3], {}
      ],
      [
        [8, 3, 3],
        [8, 4, 3], {}
      ],
      [
        [1, 4, 3],
        [2, 4, 3], {}
      ],
      [
        [2, 4, 3],
        [3, 4, 3], {}
      ],
      [
        [3, 4, 3],
        [4, 4, 3], {}
      ],
      [
        [4, 4, 3],
        [5, 4, 3], {}
      ],
      [
        [5, 4, 3],
        [6, 4, 3], {}
      ],
      [
        [8, 4, 3],
        [9, 4, 3], {}
      ]
    ]
  }
}